_time,original_time,event_id,channel,sourcetype,host,src_host,src_ip,user,image,parent_image,command_line,target_image,source_image,granted_access,share_name,relative_target_name,registry_target,registry_details,process_guid,process_id,source_process_guid,source_process_id,target_process_guid,target_process_id,query_name,technique_id,technique_name,tactic,trace_id,source_dataset,source_url,source_record_hash,ground_truth,scenario_stage,time_transform,identity_mapping_basis,parent_process_guid
2022-01-12T16:25:27.413+0000,2022-01-12T16:25:27.413+0000,10,Microsoft-Windows-Sysmon/Operational,ict3214:attack_trace,LSASS-HOST-01,,,NT AUTHORITY\SYSTEM,,,,C:\Windows\system32\lsass.exe,C:\Windows\system32\svchost.exe,0x1400,,,,,,,{9DBE88B5-2DA7-61D7-0C00-000000001302},840,{9DBE88B5-2DA6-61D7-0B00-000000001302},636,,T1003.001,LSASS Memory,Credential Access,TRACE-LSASS-01,lsass,https://raw.githubusercontent.com/splunk/attack_data/master/datasets/attack_techniques/T1003.001/atomic_red_team/windows-sysmon_creddump.log,5ac1f5f55b6dd758f35690332b151961bff396dbaa92fa7262a43dda5a9a6703,false,Credential Access,none,raw Computer/IpAddress/User fields,
2022-01-12T16:25:27.967+0000,2022-01-12T16:25:27.967+0000,10,Microsoft-Windows-Sysmon/Operational,ict3214:attack_trace,LSASS-HOST-01,,,NT AUTHORITY\SYSTEM,,,,C:\Windows\system32\lsass.exe,C:\Windows\system32\svchost.exe,0x1400,,,,,,,{9DBE88B5-2DA7-61D7-0C00-000000001302},840,{9DBE88B5-2DA6-61D7-0B00-000000001302},636,,T1003.001,LSASS Memory,Credential Access,TRACE-LSASS-01,lsass,https://raw.githubusercontent.com/splunk/attack_data/master/datasets/attack_techniques/T1003.001/atomic_red_team/windows-sysmon_creddump.log,b1558ca12fbc44e4719c00067dd91d86b203d0c3e70ed9a7c3f8eb5a45385eba,false,Credential Access,none,raw Computer/IpAddress/User fields,
2022-01-12T16:25:28.762+0000,2022-01-12T16:25:28.762+0000,10,Microsoft-Windows-Sysmon/Operational,ict3214:attack_trace,LSASS-HOST-01,,,NT AUTHORITY\SYSTEM,,,,C:\Windows\system32\lsass.exe,C:\Windows\system32\svchost.exe,0x101001,,,,,,,{9DBE88B5-2DA7-61D7-0C00-000000001302},840,{9DBE88B5-2DA6-61D7-0B00-000000001302},636,,T1003.001,LSASS Memory,Credential Access,TRACE-LSASS-01,lsass,https://raw.githubusercontent.com/splunk/attack_data/master/datasets/attack_techniques/T1003.001/atomic_red_team/windows-sysmon_creddump.log,350091bde4aab2f35d1ab345bf5c7c8c42a243ef8e30b7631be043e297822d26,false,Credential Access,none,raw Computer/IpAddress/User fields,
2022-01-12T16:25:28.767+0000,2022-01-12T16:25:28.767+0000,10,Microsoft-Windows-Sysmon/Operational,ict3214:attack_trace,LSASS-HOST-01,,,NT AUTHORITY\SYSTEM,,,,C:\Windows\system32\lsass.exe,C:\Windows\system32\svchost.exe,0x101001,,,,,,,{9DBE88B5-2DA7-61D7-0C00-000000001302},840,{9DBE88B5-2DA6-61D7-0B00-000000001302},636,,T1003.001,LSASS Memory,Credential Access,TRACE-LSASS-01,lsass,https://raw.githubusercontent.com/splunk/attack_data/master/datasets/attack_techniques/T1003.001/atomic_red_team/windows-sysmon_creddump.log,3a023d811cc36f0de77ddc309c7db45933dc5ccf46347e5dbf70e5feba4a4e4c,false,Credential Access,none,raw Computer/IpAddress/User fields,
2022-01-12T16:26:27.303+0000,2022-01-12T16:26:27.303+0000,10,Microsoft-Windows-Sysmon/Operational,ict3214:attack_trace,LSASS-HOST-01,,,NT AUTHORITY\SYSTEM,,,,C:\Windows\system32\lsass.exe,C:\Windows\system32\svchost.exe,0x1400,,,,,,,{9DBE88B5-2DA7-61D7-0C00-000000001302},840,{9DBE88B5-2DA6-61D7-0B00-000000001302},636,,T1003.001,LSASS Memory,Credential Access,TRACE-LSASS-01,lsass,https://raw.githubusercontent.com/splunk/attack_data/master/datasets/attack_techniques/T1003.001/atomic_red_team/windows-sysmon_creddump.log,3b4bdf42ad37b9fc0c0a505c475746fdea59d805e541d92781e836c06445ee55,false,Credential Access,none,raw Computer/IpAddress/User fields,
2022-01-12T16:26:27.303+0000,2022-01-12T16:26:27.303+0000,10,Microsoft-Windows-Sysmon/Operational,ict3214:attack_trace,LSASS-HOST-01,,,NT AUTHORITY\SYSTEM,,,,C:\Windows\system32\lsass.exe,C:\Windows\system32\svchost.exe,0x1400,,,,,,,{9DBE88B5-2DA7-61D7-0C00-000000001302},840,{9DBE88B5-2DA6-61D7-0B00-000000001302},636,,T1003.001,LSASS Memory,Credential Access,TRACE-LSASS-01,lsass,https://raw.githubusercontent.com/splunk/attack_data/master/datasets/attack_techniques/T1003.001/atomic_red_team/windows-sysmon_creddump.log,66f5e8739c1c13c754d2b27d283302a456168f0fd97c6eaf468ff67e53972dd1,false,Credential Access,none,raw Computer/IpAddress/User fields,
2022-01-12T16:29:39.434+0000,2022-01-12T16:29:39.434+0000,10,Microsoft-Windows-Sysmon/Operational,ict3214:attack_trace,LSASS-HOST-01,,,LAB\user-admin,,,,C:\Windows\system32\lsass.exe,C:\Users\user-admin\Downloads\mimikatz_trunk\x64\mimikatz.exe,0x1010,,,,,,,{9DBE88B5-01F3-61DF-5703-010000001302},392408,{9DBE88B5-2DA6-61D7-0B00-000000001302},636,,T1003.001,LSASS Memory,Credential Access,TRACE-LSASS-01,lsass,https://raw.githubusercontent.com/splunk/attack_data/master/datasets/attack_techniques/T1003.001/atomic_red_team/windows-sysmon_creddump.log,ad59dee204fd544bebaf02c4ef5a86bea5326ce6980dfb2c781cf24ec28175f7,true,Credential Access,none,raw Computer/IpAddress/User fields,
2022-01-12T16:29:39.746+0000,2022-01-12T16:29:39.746+0000,10,Microsoft-Windows-Sysmon/Operational,ict3214:attack_trace,LSASS-HOST-01,,,LAB\user-admin,,,,C:\Windows\system32\lsass.exe,C:\Users\user-admin\Downloads\mimikatz_trunk\x64\mimikatz.exe,0x1010,,,,,,,{9DBE88B5-01F3-61DF-5803-010000001302},392468,{9DBE88B5-2DA6-61D7-0B00-000000001302},636,,T1003.001,LSASS Memory,Credential Access,TRACE-LSASS-01,lsass,https://raw.githubusercontent.com/splunk/attack_data/master/datasets/attack_techniques/T1003.001/atomic_red_team/windows-sysmon_creddump.log,60db110beafba8a223b594abb6f054543b58ae816a26994b3e96301ed34f71ce,true,Credential Access,none,raw Computer/IpAddress/User fields,
2022-01-12T16:29:40.868+0000,2022-01-12T16:29:40.868+0000,10,Microsoft-Windows-Sysmon/Operational,ict3214:attack_trace,LSASS-HOST-01,,,NT AUTHORITY\SYSTEM,,,,C:\Windows\system32\lsass.exe,C:\Windows\system32\svchost.exe,0x1400,,,,,,,{9DBE88B5-2DA7-61D7-0C00-000000001302},840,{9DBE88B5-2DA6-61D7-0B00-000000001302},636,,T1003.001,LSASS Memory,Credential Access,TRACE-LSASS-01,lsass,https://raw.githubusercontent.com/splunk/attack_data/master/datasets/attack_techniques/T1003.001/atomic_red_team/windows-sysmon_creddump.log,1985f1d3207b0c699c89fe80517e8fb40156a9a19df793bb2a82f415afa4a9fd,false,Credential Access,none,raw Computer/IpAddress/User fields,
2022-01-12T16:29:40.868+0000,2022-01-12T16:29:40.868+0000,10,Microsoft-Windows-Sysmon/Operational,ict3214:attack_trace,LSASS-HOST-01,,,NT AUTHORITY\SYSTEM,,,,C:\Windows\system32\lsass.exe,C:\Windows\system32\svchost.exe,0x1400,,,,,,,{9DBE88B5-2DA7-61D7-0C00-000000001302},840,{9DBE88B5-2DA6-61D7-0B00-000000001302},636,,T1003.001,LSASS Memory,Credential Access,TRACE-LSASS-01,lsass,https://raw.githubusercontent.com/splunk/attack_data/master/datasets/attack_techniques/T1003.001/atomic_red_team/windows-sysmon_creddump.log,a44066dae538a43eb0e9722cd73d62cd9a0ccaf4bcf44f687fca638f61354fc6,false,Credential Access,none,raw Computer/IpAddress/User fields,
2022-01-12T16:29:41.067+0000,2022-01-12T16:29:41.067+0000,10,Microsoft-Windows-Sysmon/Operational,ict3214:attack_trace,LSASS-HOST-01,,,NT AUTHORITY\NETWORK SERVICE,,,,C:\Windows\system32\lsass.exe,C:\Windows\system32\wbem\wmiprvse.exe,0x1410,,,,,,,{9DBE88B5-01F4-61DF-5F03-010000001302},392764,{9DBE88B5-2DA6-61D7-0B00-000000001302},636,,T1003.001,LSASS Memory,Credential Access,TRACE-LSASS-01,lsass,https://raw.githubusercontent.com/splunk/attack_data/master/datasets/attack_techniques/T1003.001/atomic_red_team/windows-sysmon_creddump.log,029b5eb1dc5465d66547aeb540c8ca06fc3747ba5c811460a4ff416126404fce,false,Credential Access,none,raw Computer/IpAddress/User fields,
2022-01-12T16:29:41.341+0000,2022-01-12T16:29:41.341+0000,10,Microsoft-Windows-Sysmon/Operational,ict3214:attack_trace,LSASS-HOST-01,,,NT AUTHORITY\NETWORK SERVICE,,,,C:\Windows\system32\lsass.exe,C:\Windows\system32\wbem\wmiprvse.exe,0x1410,,,,,,,{9DBE88B5-01F4-61DF-5F03-010000001302},392764,{9DBE88B5-2DA6-61D7-0B00-000000001302},636,,T1003.001,LSASS Memory,Credential Access,TRACE-LSASS-01,lsass,https://raw.githubusercontent.com/splunk/attack_data/master/datasets/attack_techniques/T1003.001/atomic_red_team/windows-sysmon_creddump.log,19523235a773aa4d4491167c7780fdf651f3926b09b4603b485ee422e96e64c3,false,Credential Access,none,raw Computer/IpAddress/User fields,
2022-01-12T16:29:41.611+0000,2022-01-12T16:29:41.611+0000,10,Microsoft-Windows-Sysmon/Operational,ict3214:attack_trace,LSASS-HOST-01,,,NT AUTHORITY\NETWORK SERVICE,,,,C:\Windows\system32\lsass.exe,C:\Windows\system32\wbem\wmiprvse.exe,0x1410,,,,,,,{9DBE88B5-01F4-61DF-5F03-010000001302},392764,{9DBE88B5-2DA6-61D7-0B00-000000001302},636,,T1003.001,LSASS Memory,Credential Access,TRACE-LSASS-01,lsass,https://raw.githubusercontent.com/splunk/attack_data/master/datasets/attack_techniques/T1003.001/atomic_red_team/windows-sysmon_creddump.log,8565ee527e848e938c230691c1e0f7a7e3309456788c493c218a5464a91ed959,false,Credential Access,none,raw Computer/IpAddress/User fields,
2022-01-12T16:29:45.974+0000,2022-01-12T16:29:45.974+0000,10,Microsoft-Windows-Sysmon/Operational,ict3214:attack_trace,LSASS-HOST-01,,,LAB\user-admin,,,,C:\Windows\system32\lsass.exe,C:\Windows\System32\rundll32.exe,0x1410,,,,,,,{9DBE88B5-01F9-61DF-7803-010000001302},393024,{9DBE88B5-2DA6-61D7-0B00-000000001302},636,,T1003.001,LSASS Memory,Credential Access,TRACE-LSASS-01,lsass,https://raw.githubusercontent.com/splunk/attack_data/master/datasets/attack_techniques/T1003.001/atomic_red_team/windows-sysmon_creddump.log,41af53ad482feca0b5a1cfe62608af3fc24f49c01a43cd687802785477c945d2,true,Credential Access,none,raw Computer/IpAddress/User fields,
2022-01-12T16:29:47.188+0000,2022-01-12T16:29:47.188+0000,10,Microsoft-Windows-Sysmon/Operational,ict3214:attack_trace,LSASS-HOST-01,,,NT AUTHORITY\NETWORK SERVICE,,,,C:\Windows\system32\lsass.exe,C:\Windows\system32\wbem\wmiprvse.exe,0x1410,,,,,,,{9DBE88B5-01F4-61DF-5F03-010000001302},392764,{9DBE88B5-2DA6-61D7-0B00-000000001302},636,,T1003.001,LSASS Memory,Credential Access,TRACE-LSASS-01,lsass,https://raw.githubusercontent.com/splunk/attack_data/master/datasets/attack_techniques/T1003.001/atomic_red_team/windows-sysmon_creddump.log,84df17f5e1e9057e59ea9098ab11baaad525bc85c4a9d81a85a462437de2d71f,false,Credential Access,none,raw Computer/IpAddress/User fields,
2022-01-12T16:29:47.464+0000,2022-01-12T16:29:47.464+0000,10,Microsoft-Windows-Sysmon/Operational,ict3214:attack_trace,LSASS-HOST-01,,,NT AUTHORITY\NETWORK SERVICE,,,,C:\Windows\system32\lsass.exe,C:\Windows\system32\wbem\wmiprvse.exe,0x1410,,,,,,,{9DBE88B5-01F4-61DF-5F03-010000001302},392764,{9DBE88B5-2DA6-61D7-0B00-000000001302},636,,T1003.001,LSASS Memory,Credential Access,TRACE-LSASS-01,lsass,https://raw.githubusercontent.com/splunk/attack_data/master/datasets/attack_techniques/T1003.001/atomic_red_team/windows-sysmon_creddump.log,978a3553d491c0fb1642e67a4785a6cd45436c6abd583e634510f76e996e0685,false,Credential Access,none,raw Computer/IpAddress/User fields,
2022-01-12T16:29:47.743+0000,2022-01-12T16:29:47.743+0000,10,Microsoft-Windows-Sysmon/Operational,ict3214:attack_trace,LSASS-HOST-01,,,NT AUTHORITY\NETWORK SERVICE,,,,C:\Windows\system32\lsass.exe,C:\Windows\system32\wbem\wmiprvse.exe,0x1410,,,,,,,{9DBE88B5-01F4-61DF-5F03-010000001302},392764,{9DBE88B5-2DA6-61D7-0B00-000000001302},636,,T1003.001,LSASS Memory,Credential Access,TRACE-LSASS-01,lsass,https://raw.githubusercontent.com/splunk/attack_data/master/datasets/attack_techniques/T1003.001/atomic_red_team/windows-sysmon_creddump.log,3eb4867fa5e1bbbe478a64fa7a8a73e2932770e2494bc3da43bb71e68018f18c,false,Credential Access,none,raw Computer/IpAddress/User fields,
2022-01-12T16:29:50.722+0000,2022-01-12T16:29:50.722+0000,10,Microsoft-Windows-Sysmon/Operational,ict3214:attack_trace,LSASS-HOST-01,,,NT AUTHORITY\NETWORK SERVICE,,,,C:\Windows\system32\lsass.exe,C:\Windows\system32\wbem\wmiprvse.exe,0x1410,,,,,,,{9DBE88B5-01F4-61DF-5F03-010000001302},392764,{9DBE88B5-2DA6-61D7-0B00-000000001302},636,,T1003.001,LSASS Memory,Credential Access,TRACE-LSASS-01,lsass,https://raw.githubusercontent.com/splunk/attack_data/master/datasets/attack_techniques/T1003.001/atomic_red_team/windows-sysmon_creddump.log,f172b17b615c46711b7b0cafcb7b20c86d6540ff749e78c9ea12acb45a12f663,false,Credential Access,none,raw Computer/IpAddress/User fields,
2022-01-12T16:29:50.990+0000,2022-01-12T16:29:50.990+0000,10,Microsoft-Windows-Sysmon/Operational,ict3214:attack_trace,LSASS-HOST-01,,,NT AUTHORITY\NETWORK SERVICE,,,,C:\Windows\system32\lsass.exe,C:\Windows\system32\wbem\wmiprvse.exe,0x1410,,,,,,,{9DBE88B5-01F4-61DF-5F03-010000001302},392764,{9DBE88B5-2DA6-61D7-0B00-000000001302},636,,T1003.001,LSASS Memory,Credential Access,TRACE-LSASS-01,lsass,https://raw.githubusercontent.com/splunk/attack_data/master/datasets/attack_techniques/T1003.001/atomic_red_team/windows-sysmon_creddump.log,780e1330a9d6025f4c0cb386455915b02b175f50475fe9d8b86cf6e184719968,false,Credential Access,none,raw Computer/IpAddress/User fields,
2022-01-12T16:29:51.252+0000,2022-01-12T16:29:51.252+0000,10,Microsoft-Windows-Sysmon/Operational,ict3214:attack_trace,LSASS-HOST-01,,,NT AUTHORITY\NETWORK SERVICE,,,,C:\Windows\system32\lsass.exe,C:\Windows\system32\wbem\wmiprvse.exe,0x1410,,,,,,,{9DBE88B5-01F4-61DF-5F03-010000001302},392764,{9DBE88B5-2DA6-61D7-0B00-000000001302},636,,T1003.001,LSASS Memory,Credential Access,TRACE-LSASS-01,lsass,https://raw.githubusercontent.com/splunk/attack_data/master/datasets/attack_techniques/T1003.001/atomic_red_team/windows-sysmon_creddump.log,7ad7b926c61c19ddd30e253d474a85f29a3fafa95d8d1efab45fb4df729f7fac,false,Credential Access,none,raw Computer/IpAddress/User fields,
2022-01-12T16:29:53.899+0000,2022-01-12T16:29:53.899+0000,10,Microsoft-Windows-Sysmon/Operational,ict3214:attack_trace,LSASS-HOST-01,,,NT AUTHORITY\NETWORK SERVICE,,,,C:\Windows\system32\lsass.exe,C:\Windows\system32\wbem\wmiprvse.exe,0x1410,,,,,,,{9DBE88B5-01F4-61DF-5F03-010000001302},392764,{9DBE88B5-2DA6-61D7-0B00-000000001302},636,,T1003.001,LSASS Memory,Credential Access,TRACE-LSASS-01,lsass,https://raw.githubusercontent.com/splunk/attack_data/master/datasets/attack_techniques/T1003.001/atomic_red_team/windows-sysmon_creddump.log,dd08d87ff3ac1dfcd9121ff275845082d41b75af27aae3516128b531b77bcfe2,false,Credential Access,none,raw Computer/IpAddress/User fields,
2022-01-12T16:29:54.175+0000,2022-01-12T16:29:54.175+0000,10,Microsoft-Windows-Sysmon/Operational,ict3214:attack_trace,LSASS-HOST-01,,,NT AUTHORITY\NETWORK SERVICE,,,,C:\Windows\system32\lsass.exe,C:\Windows\system32\wbem\wmiprvse.exe,0x1410,,,,,,,{9DBE88B5-01F4-61DF-5F03-010000001302},392764,{9DBE88B5-2DA6-61D7-0B00-000000001302},636,,T1003.001,LSASS Memory,Credential Access,TRACE-LSASS-01,lsass,https://raw.githubusercontent.com/splunk/attack_data/master/datasets/attack_techniques/T1003.001/atomic_red_team/windows-sysmon_creddump.log,a4858ce8f4efc7d874ecce88238f9fef47267d567736c9c96634eddb3af124ed,false,Credential Access,none,raw Computer/IpAddress/User fields,
2022-01-12T16:29:54.450+0000,2022-01-12T16:29:54.450+0000,10,Microsoft-Windows-Sysmon/Operational,ict3214:attack_trace,LSASS-HOST-01,,,NT AUTHORITY\NETWORK SERVICE,,,,C:\Windows\system32\lsass.exe,C:\Windows\system32\wbem\wmiprvse.exe,0x1410,,,,,,,{9DBE88B5-01F4-61DF-5F03-010000001302},392764,{9DBE88B5-2DA6-61D7-0B00-000000001302},636,,T1003.001,LSASS Memory,Credential Access,TRACE-LSASS-01,lsass,https://raw.githubusercontent.com/splunk/attack_data/master/datasets/attack_techniques/T1003.001/atomic_red_team/windows-sysmon_creddump.log,5fa48ad4d1218dfe0292ec216c32a996f9dd9aa9ec2bfc78f3c70bfeb215e7b2,false,Credential Access,none,raw Computer/IpAddress/User fields,
2022-01-12T16:29:56.530+0000,2022-01-12T16:29:56.530+0000,10,Microsoft-Windows-Sysmon/Operational,ict3214:attack_trace,LSASS-HOST-01,,,NT AUTHORITY\NETWORK SERVICE,,,,C:\Windows\system32\lsass.exe,C:\Windows\system32\wbem\wmiprvse.exe,0x1410,,,,,,,{9DBE88B5-01F4-61DF-5F03-010000001302},392764,{9DBE88B5-2DA6-61D7-0B00-000000001302},636,,T1003.001,LSASS Memory,Credential Access,TRACE-LSASS-01,lsass,https://raw.githubusercontent.com/splunk/attack_data/master/datasets/attack_techniques/T1003.001/atomic_red_team/windows-sysmon_creddump.log,9cb304ec1d1b429cd68d451ad31bcadc7d8857b6c61160b13022a47ab582e757,false,Credential Access,none,raw Computer/IpAddress/User fields,
2022-01-12T16:29:57.284+0000,2022-01-12T16:29:57.284+0000,10,Microsoft-Windows-Sysmon/Operational,ict3214:attack_trace,LSASS-HOST-01,,,NT AUTHORITY\NETWORK SERVICE,,,,C:\Windows\system32\lsass.exe,C:\Windows\system32\wbem\wmiprvse.exe,0x1410,,,,,,,{9DBE88B5-01F4-61DF-5F03-010000001302},392764,{9DBE88B5-2DA6-61D7-0B00-000000001302},636,,T1003.001,LSASS Memory,Credential Access,TRACE-LSASS-01,lsass,https://raw.githubusercontent.com/splunk/attack_data/master/datasets/attack_techniques/T1003.001/atomic_red_team/windows-sysmon_creddump.log,6d785adcb8efb23a2af519679c87382212ab8b46e4c4f0d9aba8aa3974b86e23,false,Credential Access,none,raw Computer/IpAddress/User fields,
2022-01-12T16:29:57.557+0000,2022-01-12T16:29:57.557+0000,10,Microsoft-Windows-Sysmon/Operational,ict3214:attack_trace,LSASS-HOST-01,,,NT AUTHORITY\NETWORK SERVICE,,,,C:\Windows\system32\lsass.exe,C:\Windows\system32\wbem\wmiprvse.exe,0x1410,,,,,,,{9DBE88B5-01F4-61DF-5F03-010000001302},392764,{9DBE88B5-2DA6-61D7-0B00-000000001302},636,,T1003.001,LSASS Memory,Credential Access,TRACE-LSASS-01,lsass,https://raw.githubusercontent.com/splunk/attack_data/master/datasets/attack_techniques/T1003.001/atomic_red_team/windows-sysmon_creddump.log,ee3d121b90295835ea6a52c57248e4a538d21a9a38076cd4c223d2af5e1bbdfa,false,Credential Access,none,raw Computer/IpAddress/User fields,
2022-01-12T16:29:57.835+0000,2022-01-12T16:29:57.835+0000,10,Microsoft-Windows-Sysmon/Operational,ict3214:attack_trace,LSASS-HOST-01,,,NT AUTHORITY\NETWORK SERVICE,,,,C:\Windows\system32\lsass.exe,C:\Windows\system32\wbem\wmiprvse.exe,0x1410,,,,,,,{9DBE88B5-01F4-61DF-5F03-010000001302},392764,{9DBE88B5-2DA6-61D7-0B00-000000001302},636,,T1003.001,LSASS Memory,Credential Access,TRACE-LSASS-01,lsass,https://raw.githubusercontent.com/splunk/attack_data/master/datasets/attack_techniques/T1003.001/atomic_red_team/windows-sysmon_creddump.log,3eaf5b85fc268a6664e30dc60d02d06f7b451b6c301666859237ca423f50131d,false,Credential Access,none,raw Computer/IpAddress/User fields,
2022-01-12T16:29:59.804+0000,2022-01-12T16:29:59.804+0000,10,Microsoft-Windows-Sysmon/Operational,ict3214:attack_trace,LSASS-HOST-01,,,LAB\user-admin,,,,C:\Windows\system32\lsass.exe,C:\Windows\Temp\xordump.exe,0x1f3fff,,,,,,,{9DBE88B5-0207-61DF-E803-010000001302},392620,{9DBE88B5-2DA6-61D7-0B00-000000001302},636,,T1003.001,LSASS Memory,Credential Access,TRACE-LSASS-01,lsass,https://raw.githubusercontent.com/splunk/attack_data/master/datasets/attack_techniques/T1003.001/atomic_red_team/windows-sysmon_creddump.log,7b5a519f9d463af70b2dd490b9d55c94e14638181c00ebd88683b93e2ddb9624,true,Credential Access,none,raw Computer/IpAddress/User fields,
2022-01-12T16:29:59.905+0000,2022-01-12T16:29:59.905+0000,10,Microsoft-Windows-Sysmon/Operational,ict3214:attack_trace,LSASS-HOST-01,,,LAB\user-admin,,,,C:\Windows\system32\lsass.exe,C:\Windows\Temp\xordump.exe,0x1fffff,,,,,,,{9DBE88B5-0207-61DF-E803-010000001302},392620,{9DBE88B5-2DA6-61D7-0B00-000000001302},636,,T1003.001,LSASS Memory,Credential Access,TRACE-LSASS-01,lsass,https://raw.githubusercontent.com/splunk/attack_data/master/datasets/attack_techniques/T1003.001/atomic_red_team/windows-sysmon_creddump.log,08b461394f5a6a52871c36177587d045c2d1fb865ec0c64e77e4b3b40be503e4,true,Credential Access,none,raw Computer/IpAddress/User fields,
2022-01-12T16:30:01.239+0000,2022-01-12T16:30:01.239+0000,10,Microsoft-Windows-Sysmon/Operational,ict3214:attack_trace,LSASS-HOST-01,,,NT AUTHORITY\NETWORK SERVICE,,,,C:\Windows\system32\lsass.exe,C:\Windows\system32\wbem\wmiprvse.exe,0x1410,,,,,,,{9DBE88B5-01F4-61DF-5F03-010000001302},392764,{9DBE88B5-2DA6-61D7-0B00-000000001302},636,,T1003.001,LSASS Memory,Credential Access,TRACE-LSASS-01,lsass,https://raw.githubusercontent.com/splunk/attack_data/master/datasets/attack_techniques/T1003.001/atomic_red_team/windows-sysmon_creddump.log,9e257da527021468385ba0ad4c6957f88edbea040996c04b75fb9741fe53db43,false,Credential Access,none,raw Computer/IpAddress/User fields,
2022-01-12T16:30:01.519+0000,2022-01-12T16:30:01.519+0000,10,Microsoft-Windows-Sysmon/Operational,ict3214:attack_trace,LSASS-HOST-01,,,NT AUTHORITY\NETWORK SERVICE,,,,C:\Windows\system32\lsass.exe,C:\Windows\system32\wbem\wmiprvse.exe,0x1410,,,,,,,{9DBE88B5-01F4-61DF-5F03-010000001302},392764,{9DBE88B5-2DA6-61D7-0B00-000000001302},636,,T1003.001,LSASS Memory,Credential Access,TRACE-LSASS-01,lsass,https://raw.githubusercontent.com/splunk/attack_data/master/datasets/attack_techniques/T1003.001/atomic_red_team/windows-sysmon_creddump.log,5f97315a6d2f6af48d9d95d54f1e99ffe8c50170af47a6ca1192fa5aa6f1676a,false,Credential Access,none,raw Computer/IpAddress/User fields,
2022-01-12T16:30:01.802+0000,2022-01-12T16:30:01.802+0000,10,Microsoft-Windows-Sysmon/Operational,ict3214:attack_trace,LSASS-HOST-01,,,NT AUTHORITY\NETWORK SERVICE,,,,C:\Windows\system32\lsass.exe,C:\Windows\system32\wbem\wmiprvse.exe,0x1410,,,,,,,{9DBE88B5-01F4-61DF-5F03-010000001302},392764,{9DBE88B5-2DA6-61D7-0B00-000000001302},636,,T1003.001,LSASS Memory,Credential Access,TRACE-LSASS-01,lsass,https://raw.githubusercontent.com/splunk/attack_data/master/datasets/attack_techniques/T1003.001/atomic_red_team/windows-sysmon_creddump.log,0592804f4eeb0d415090b96e1b4253ff6108c5dd3675bc2412cdf7cd65a50d03,false,Credential Access,none,raw Computer/IpAddress/User fields,
2021-01-19T13:20:18.798+0000,2021-01-19T13:20:18.798+0000,1,Microsoft-Windows-Sysmon/Operational,ict3214:attack_trace,PS-HOST-01,,,NT AUTHORITY\SYSTEM,C:\Program Files\SplunkUniversalForwarder\bin\splunk-netmon.exe,C:\Program Files\SplunkUniversalForwarder\bin\splunkd.exe,"""C:\Program Files\SplunkUniversalForwarder\bin\splunk-netmon.exe""",,,,,,,,{E983936C-DC92-6006-6609-00000000A301},7312,,,,,,T1059.001,PowerShell,Execution,TRACE-PS-01,powershell,https://raw.githubusercontent.com/splunk/attack_data/master/datasets/attack_techniques/T1059.001/encoded_powershell/windows-sysmon.log,25abf5e4fe08a1d0b2b5bc0685a26c1b1926c5e657904de5bb43a42d0021b264,false,Execution,none,raw Computer/IpAddress/User fields,{E983936C-B438-6006-B400-00000000A301}
2021-01-19T13:20:18.799+0000,2021-01-19T13:20:18.799+0000,10,Microsoft-Windows-Sysmon/Operational,ict3214:attack_trace,PS-HOST-01,,,,,,,C:\Windows\sysmon64.exe,C:\Windows\system32\svchost.exe,0x1400,,,,,,,{E983936C-B38F-6006-0C00-00000000A301},592,{E983936C-B3A0-6006-3100-00000000A301},2052,,T1059.001,PowerShell,Execution,TRACE-PS-01,powershell,https://raw.githubusercontent.com/splunk/attack_data/master/datasets/attack_techniques/T1059.001/encoded_powershell/windows-sysmon.log,0a9dbd54a11f84996dfd626a34aa46608b0d75431eeca3f4f45dbf9f25815e54,false,Execution,none,raw Computer/IpAddress/User fields,
2021-01-19T13:20:18.799+0000,2021-01-19T13:20:18.799+0000,10,Microsoft-Windows-Sysmon/Operational,ict3214:attack_trace,PS-HOST-01,,,,,,,C:\Program Files\SplunkUniversalForwarder\bin\splunk-netmon.exe,C:\Program Files\SplunkUniversalForwarder\bin\splunkd.exe,0x1fffff,,,,,,,{E983936C-B438-6006-B400-00000000A301},4412,{E983936C-DC92-6006-6609-00000000A301},7312,,T1059.001,PowerShell,Execution,TRACE-PS-01,powershell,https://raw.githubusercontent.com/splunk/attack_data/master/datasets/attack_techniques/T1059.001/encoded_powershell/windows-sysmon.log,0fc2cda500d27d1ea93075ef8497742ff2c8f80a2f9df3dc41cd3a50293c2fed,false,Execution,none,raw Computer/IpAddress/User fields,
2021-01-19T13:20:18.799+0000,2021-01-19T13:20:18.799+0000,10,Microsoft-Windows-Sysmon/Operational,ict3214:attack_trace,PS-HOST-01,,,,,,,C:\Windows\sysmon64.exe,C:\Windows\system32\svchost.exe,0x1400,,,,,,,{E983936C-B38F-6006-0C00-00000000A301},592,{E983936C-B3A0-6006-3100-00000000A301},2052,,T1059.001,PowerShell,Execution,TRACE-PS-01,powershell,https://raw.githubusercontent.com/splunk/attack_data/master/datasets/attack_techniques/T1059.001/encoded_powershell/windows-sysmon.log,9319e0e05a105b92cafe629cee0dcbf426db92e41d8ebfda142120536ca22776,false,Execution,none,raw Computer/IpAddress/User fields,
2021-01-19T13:20:18.799+0000,2021-01-19T13:20:18.799+0000,10,Microsoft-Windows-Sysmon/Operational,ict3214:attack_trace,PS-HOST-01,,,,,,,C:\Windows\sysmon64.exe,C:\Windows\system32\svchost.exe,0x1400,,,,,,,{E983936C-B38F-6006-0C00-00000000A301},592,{E983936C-B3A0-6006-3100-00000000A301},2052,,T1059.001,PowerShell,Execution,TRACE-PS-01,powershell,https://raw.githubusercontent.com/splunk/attack_data/master/datasets/attack_techniques/T1059.001/encoded_powershell/windows-sysmon.log,9d5f3d252b563ea5832aedae8c00f39db62acc770fc4f1de7b294539776d97a6,false,Execution,none,raw Computer/IpAddress/User fields,
2021-01-19T13:20:18.799+0000,2021-01-19T13:20:18.799+0000,10,Microsoft-Windows-Sysmon/Operational,ict3214:attack_trace,PS-HOST-01,,,,,,,C:\Program Files\SplunkUniversalForwarder\bin\splunk-netmon.exe,C:\Windows\system32\csrss.exe,0x1fffff,,,,,,,{E983936C-B38D-6006-0500-00000000A301},636,{E983936C-DC92-6006-6609-00000000A301},7312,,T1059.001,PowerShell,Execution,TRACE-PS-01,powershell,https://raw.githubusercontent.com/splunk/attack_data/master/datasets/attack_techniques/T1059.001/encoded_powershell/windows-sysmon.log,a305ec19fe46b23132ef935e25a872ecee325729e56c38a66363a1f3090b421b,false,Execution,none,raw Computer/IpAddress/User fields,
2021-01-19T13:20:18.799+0000,2021-01-19T13:20:18.799+0000,10,Microsoft-Windows-Sysmon/Operational,ict3214:attack_trace,PS-HOST-01,,,,,,,C:\Windows\sysmon64.exe,C:\Windows\system32\svchost.exe,0x1400,,,,,,,{E983936C-B38F-6006-0C00-00000000A301},592,{E983936C-B3A0-6006-3100-00000000A301},2052,,T1059.001,PowerShell,Execution,TRACE-PS-01,powershell,https://raw.githubusercontent.com/splunk/attack_data/master/datasets/attack_techniques/T1059.001/encoded_powershell/windows-sysmon.log,f1e58364515d210a00fd1830f0783ebaed8fb8c71bb8dc4930914f8983a18500,false,Execution,none,raw Computer/IpAddress/User fields,
2021-01-19T13:20:18.800+0000,2021-01-19T13:20:18.800+0000,10,Microsoft-Windows-Sysmon/Operational,ict3214:attack_trace,PS-HOST-01,,,,,,,C:\Program Files\SplunkUniversalForwarder\bin\splunk-netmon.exe,C:\Windows\system32\conhost.exe,0x1fffff,,,,,,,{E983936C-B439-6006-B800-00000000A301},4284,{E983936C-DC92-6006-6609-00000000A301},7312,,T1059.001,PowerShell,Execution,TRACE-PS-01,powershell,https://raw.githubusercontent.com/splunk/attack_data/master/datasets/attack_techniques/T1059.001/encoded_powershell/windows-sysmon.log,e064a4dadb18794cf465df356d076d6fc14aa62bd56cc12be3afd4b7f4e987c1,false,Execution,none,raw Computer/IpAddress/User fields,
2021-01-19T13:20:19.469+0000,2021-01-19T13:20:19.469+0000,1,Microsoft-Windows-Sysmon/Operational,ict3214:attack_trace,PS-HOST-01,,,NT AUTHORITY\SYSTEM,C:\Program Files\SplunkUniversalForwarder\bin\splunk-powershell.exe,C:\Program Files\SplunkUniversalForwarder\bin\splunkd.exe,"""C:\Program Files\SplunkUniversalForwarder\bin\splunk-powershell.exe""",,,,,,,,{E983936C-DC93-6006-6709-00000000A301},7968,,,,,,T1059.001,PowerShell,Execution,TRACE-PS-01,powershell,https://raw.githubusercontent.com/splunk/attack_data/master/datasets/attack_techniques/T1059.001/encoded_powershell/windows-sysmon.log,957c3bb9238d69015a1a19ecd92ff9f44d939d0c0c212f6aa127e4416d694f42,false,Execution,none,raw Computer/IpAddress/User fields,{E983936C-B438-6006-B400-00000000A301}
2021-01-19T13:20:19.469+0000,2021-01-19T13:20:19.469+0000,10,Microsoft-Windows-Sysmon/Operational,ict3214:attack_trace,PS-HOST-01,,,,,,,C:\Program Files\SplunkUniversalForwarder\bin\splunk-powershell.exe,C:\Program Files\SplunkUniversalForwarder\bin\splunkd.exe,0x1fffff,,,,,,,{E983936C-B438-6006-B400-00000000A301},4412,{E983936C-DC93-6006-6709-00000000A301},7968,,T1059.001,PowerShell,Execution,TRACE-PS-01,powershell,https://raw.githubusercontent.com/splunk/attack_data/master/datasets/attack_techniques/T1059.001/encoded_powershell/windows-sysmon.log,d6f2116a6465a6cadcec8246ab9c41d6930e5cef114fedea05692886c0a97676,false,Execution,none,raw Computer/IpAddress/User fields,
2021-01-19T13:20:19.470+0000,2021-01-19T13:20:19.470+0000,10,Microsoft-Windows-Sysmon/Operational,ict3214:attack_trace,PS-HOST-01,,,,,,,C:\Program Files\SplunkUniversalForwarder\bin\splunk-powershell.exe,C:\Windows\system32\csrss.exe,0x1fffff,,,,,,,{E983936C-B38D-6006-0500-00000000A301},636,{E983936C-DC93-6006-6709-00000000A301},7968,,T1059.001,PowerShell,Execution,TRACE-PS-01,powershell,https://raw.githubusercontent.com/splunk/attack_data/master/datasets/attack_techniques/T1059.001/encoded_powershell/windows-sysmon.log,304feff8a018d0a4f7355e4d2b0a9218c9b18882e99ce8d2169d222ecd320469,false,Execution,none,raw Computer/IpAddress/User fields,
2021-01-19T13:20:19.470+0000,2021-01-19T13:20:19.470+0000,10,Microsoft-Windows-Sysmon/Operational,ict3214:attack_trace,PS-HOST-01,,,,,,,C:\Windows\sysmon64.exe,C:\Windows\system32\svchost.exe,0x1400,,,,,,,{E983936C-B38F-6006-0C00-00000000A301},592,{E983936C-B3A0-6006-3100-00000000A301},2052,,T1059.001,PowerShell,Execution,TRACE-PS-01,powershell,https://raw.githubusercontent.com/splunk/attack_data/master/datasets/attack_techniques/T1059.001/encoded_powershell/windows-sysmon.log,42770164a8b219a9eaa0817676fa2448e62e4cfba05932262cf961c95011fa53,false,Execution,none,raw Computer/IpAddress/User fields,
2021-01-19T13:20:19.470+0000,2021-01-19T13:20:19.470+0000,10,Microsoft-Windows-Sysmon/Operational,ict3214:attack_trace,PS-HOST-01,,,,,,,C:\Windows\sysmon64.exe,C:\Windows\system32\svchost.exe,0x1400,,,,,,,{E983936C-B38F-6006-0C00-00000000A301},592,{E983936C-B3A0-6006-3100-00000000A301},2052,,T1059.001,PowerShell,Execution,TRACE-PS-01,powershell,https://raw.githubusercontent.com/splunk/attack_data/master/datasets/attack_techniques/T1059.001/encoded_powershell/windows-sysmon.log,61f7f5ce01ba48d2d0b262bd2639009580eaa63d74a74b61e7ca443428225e2b,false,Execution,none,raw Computer/IpAddress/User fields,
2021-01-19T13:20:19.470+0000,2021-01-19T13:20:19.470+0000,10,Microsoft-Windows-Sysmon/Operational,ict3214:attack_trace,PS-HOST-01,,,,,,,C:\Windows\sysmon64.exe,C:\Windows\system32\svchost.exe,0x1400,,,,,,,{E983936C-B38F-6006-0C00-00000000A301},592,{E983936C-B3A0-6006-3100-00000000A301},2052,,T1059.001,PowerShell,Execution,TRACE-PS-01,powershell,https://raw.githubusercontent.com/splunk/attack_data/master/datasets/attack_techniques/T1059.001/encoded_powershell/windows-sysmon.log,920bc725bf544bfbb0336081399e4bfcb46b6013341e2558ed4f5756d2282f7a,false,Execution,none,raw Computer/IpAddress/User fields,
2021-01-19T13:20:19.470+0000,2021-01-19T13:20:19.470+0000,10,Microsoft-Windows-Sysmon/Operational,ict3214:attack_trace,PS-HOST-01,,,,,,,C:\Windows\sysmon64.exe,C:\Windows\system32\svchost.exe,0x1400,,,,,,,{E983936C-B38F-6006-0C00-00000000A301},592,{E983936C-B3A0-6006-3100-00000000A301},2052,,T1059.001,PowerShell,Execution,TRACE-PS-01,powershell,https://raw.githubusercontent.com/splunk/attack_data/master/datasets/attack_techniques/T1059.001/encoded_powershell/windows-sysmon.log,f1cec90e4efcd37c62a6adadaf976814d4657c1b380251a42fbd242dcf1b107a,false,Execution,none,raw Computer/IpAddress/User fields,
2021-01-19T13:20:19.471+0000,2021-01-19T13:20:19.471+0000,10,Microsoft-Windows-Sysmon/Operational,ict3214:attack_trace,PS-HOST-01,,,,,,,C:\Program Files\SplunkUniversalForwarder\bin\splunk-powershell.exe,C:\Windows\system32\conhost.exe,0x1fffff,,,,,,,{E983936C-B439-6006-B800-00000000A301},4284,{E983936C-DC93-6006-6709-00000000A301},7968,,T1059.001,PowerShell,Execution,TRACE-PS-01,powershell,https://raw.githubusercontent.com/splunk/attack_data/master/datasets/attack_techniques/T1059.001/encoded_powershell/windows-sysmon.log,65d4726bc109f426a96af0075e11fa443409a28197e9be51f1de4100aade2f94,false,Execution,none,raw Computer/IpAddress/User fields,
2021-01-19T13:20:19.616+0000,2021-01-19T13:20:19.616+0000,10,Microsoft-Windows-Sysmon/Operational,ict3214:attack_trace,PS-HOST-01,,,,,,,C:\Program Files\SplunkUniversalForwarder\bin\splunkd.exe,C:\Program Files\SplunkUniversalForwarder\bin\splunk-powershell.exe,0x101400,,,,,,,{E983936C-DC93-6006-6709-00000000A301},7968,{E983936C-B438-6006-B400-00000000A301},4412,,T1059.001,PowerShell,Execution,TRACE-PS-01,powershell,https://raw.githubusercontent.com/splunk/attack_data/master/datasets/attack_techniques/T1059.001/encoded_powershell/windows-sysmon.log,c8275d9ae1acec7bf1b1ec2ede612e4c64c3c90fd070df8ade441b76e6bb9859,false,Execution,none,raw Computer/IpAddress/User fields,
2021-01-19T13:20:20.135+0000,2021-01-19T13:20:20.135+0000,10,Microsoft-Windows-Sysmon/Operational,ict3214:attack_trace,PS-HOST-01,,,,,,,C:\Program Files\SplunkUniversalForwarder\bin\splunk-powershell.exe,C:\Program Files\SplunkUniversalForwarder\bin\splunkd.exe,0x1fffff,,,,,,,{E983936C-B438-6006-B400-00000000A301},4412,{E983936C-DC94-6006-6809-00000000A301},8024,,T1059.001,PowerShell,Execution,TRACE-PS-01,powershell,https://raw.githubusercontent.com/splunk/attack_data/master/datasets/attack_techniques/T1059.001/encoded_powershell/windows-sysmon.log,1871400dd4a41796d7638d373167928850868ac821016093b6dd9717d5fe768e,false,Execution,none,raw Computer/IpAddress/User fields,
2021-01-19T13:20:20.135+0000,2021-01-19T13:20:20.135+0000,10,Microsoft-Windows-Sysmon/Operational,ict3214:attack_trace,PS-HOST-01,,,,,,,C:\Windows\sysmon64.exe,C:\Windows\system32\svchost.exe,0x1400,,,,,,,{E983936C-B38F-6006-0C00-00000000A301},592,{E983936C-B3A0-6006-3100-00000000A301},2052,,T1059.001,PowerShell,Execution,TRACE-PS-01,powershell,https://raw.githubusercontent.com/splunk/attack_data/master/datasets/attack_techniques/T1059.001/encoded_powershell/windows-sysmon.log,283ae2171e00c0c97812054f7298aa5b474108011bcd45b6668adf2e0a7779e4,false,Execution,none,raw Computer/IpAddress/User fields,
2021-01-19T13:20:20.135+0000,2021-01-19T13:20:20.135+0000,1,Microsoft-Windows-Sysmon/Operational,ict3214:attack_trace,PS-HOST-01,,,NT AUTHORITY\SYSTEM,C:\Program Files\SplunkUniversalForwarder\bin\splunk-powershell.exe,C:\Program Files\SplunkUniversalForwarder\bin\splunkd.exe,"""C:\Program Files\SplunkUniversalForwarder\bin\splunk-powershell.exe"" --ps2",,,,,,,,{E983936C-DC94-6006-6809-00000000A301},8024,,,,,,T1059.001,PowerShell,Execution,TRACE-PS-01,powershell,https://raw.githubusercontent.com/splunk/attack_data/master/datasets/attack_techniques/T1059.001/encoded_powershell/windows-sysmon.log,507b5e11f44454f6e022b426223607c6dac15f87e70114c9f621443b0f723372,false,Execution,none,raw Computer/IpAddress/User fields,{E983936C-B438-6006-B400-00000000A301}
2021-01-19T13:20:20.135+0000,2021-01-19T13:20:20.135+0000,10,Microsoft-Windows-Sysmon/Operational,ict3214:attack_trace,PS-HOST-01,,,,,,,C:\Windows\sysmon64.exe,C:\Windows\system32\svchost.exe,0x1400,,,,,,,{E983936C-B38F-6006-0C00-00000000A301},592,{E983936C-B3A0-6006-3100-00000000A301},2052,,T1059.001,PowerShell,Execution,TRACE-PS-01,powershell,https://raw.githubusercontent.com/splunk/attack_data/master/datasets/attack_techniques/T1059.001/encoded_powershell/windows-sysmon.log,8682f1eebc12be166aa801d457f00741dff44c794bdd6299ed8cceb79d659218,false,Execution,none,raw Computer/IpAddress/User fields,
2021-01-19T13:20:20.135+0000,2021-01-19T13:20:20.135+0000,10,Microsoft-Windows-Sysmon/Operational,ict3214:attack_trace,PS-HOST-01,,,,,,,C:\Windows\sysmon64.exe,C:\Windows\system32\svchost.exe,0x1400,,,,,,,{E983936C-B38F-6006-0C00-00000000A301},592,{E983936C-B3A0-6006-3100-00000000A301},2052,,T1059.001,PowerShell,Execution,TRACE-PS-01,powershell,https://raw.githubusercontent.com/splunk/attack_data/master/datasets/attack_techniques/T1059.001/encoded_powershell/windows-sysmon.log,89eaea4f7ccbb01bda28aa19d23a0e17057fd7f4e46ef2e6eaa6c1687a5b1281,false,Execution,none,raw Computer/IpAddress/User fields,
2021-01-19T13:20:20.135+0000,2021-01-19T13:20:20.135+0000,10,Microsoft-Windows-Sysmon/Operational,ict3214:attack_trace,PS-HOST-01,,,,,,,C:\Program Files\SplunkUniversalForwarder\bin\splunk-powershell.exe,C:\Windows\system32\csrss.exe,0x1fffff,,,,,,,{E983936C-B38D-6006-0500-00000000A301},636,{E983936C-DC94-6006-6809-00000000A301},8024,,T1059.001,PowerShell,Execution,TRACE-PS-01,powershell,https://raw.githubusercontent.com/splunk/attack_data/master/datasets/attack_techniques/T1059.001/encoded_powershell/windows-sysmon.log,9fed9a4cbcf3af7717e2b69643c13cda18a3821b2dfc7c4ead56125058487f7d,false,Execution,none,raw Computer/IpAddress/User fields,
2021-01-19T13:20:20.136+0000,2021-01-19T13:20:20.136+0000,10,Microsoft-Windows-Sysmon/Operational,ict3214:attack_trace,PS-HOST-01,,,,,,,C:\Windows\sysmon64.exe,C:\Windows\system32\svchost.exe,0x1400,,,,,,,{E983936C-B38F-6006-0C00-00000000A301},592,{E983936C-B3A0-6006-3100-00000000A301},2052,,T1059.001,PowerShell,Execution,TRACE-PS-01,powershell,https://raw.githubusercontent.com/splunk/attack_data/master/datasets/attack_techniques/T1059.001/encoded_powershell/windows-sysmon.log,699c200a02a54ed75c375dc1ddf4e518b15407dd54f2554e2dae4adf83e3554b,false,Execution,none,raw Computer/IpAddress/User fields,
2021-01-19T13:20:20.136+0000,2021-01-19T13:20:20.136+0000,10,Microsoft-Windows-Sysmon/Operational,ict3214:attack_trace,PS-HOST-01,,,,,,,C:\Program Files\SplunkUniversalForwarder\bin\splunk-powershell.exe,C:\Windows\system32\conhost.exe,0x1fffff,,,,,,,{E983936C-B439-6006-B800-00000000A301},4284,{E983936C-DC94-6006-6809-00000000A301},8024,,T1059.001,PowerShell,Execution,TRACE-PS-01,powershell,https://raw.githubusercontent.com/splunk/attack_data/master/datasets/attack_techniques/T1059.001/encoded_powershell/windows-sysmon.log,d0deea16418ad702b19794e83fa87a063e46c25ec33d0300acbd54dcf54b5607,false,Execution,none,raw Computer/IpAddress/User fields,
2021-01-19T13:20:20.281+0000,2021-01-19T13:20:20.281+0000,10,Microsoft-Windows-Sysmon/Operational,ict3214:attack_trace,PS-HOST-01,,,,,,,C:\Program Files\SplunkUniversalForwarder\bin\splunkd.exe,C:\Program Files\SplunkUniversalForwarder\bin\splunk-powershell.exe,0x101400,,,,,,,{E983936C-DC94-6006-6809-00000000A301},8024,{E983936C-B438-6006-B400-00000000A301},4412,,T1059.001,PowerShell,Execution,TRACE-PS-01,powershell,https://raw.githubusercontent.com/splunk/attack_data/master/datasets/attack_techniques/T1059.001/encoded_powershell/windows-sysmon.log,1ab81c04d642db73ad3f9c4497b772d1d12e8597ab1ffe9aa3546021091cf463,false,Execution,none,raw Computer/IpAddress/User fields,
2021-01-19T13:20:20.813+0000,2021-01-19T13:20:20.813+0000,1,Microsoft-Windows-Sysmon/Operational,ict3214:attack_trace,PS-HOST-01,,,NT AUTHORITY\SYSTEM,C:\Program Files\SplunkUniversalForwarder\bin\splunk-regmon.exe,C:\Program Files\SplunkUniversalForwarder\bin\splunkd.exe,"""C:\Program Files\SplunkUniversalForwarder\bin\splunk-regmon.exe""",,,,,,,,{E983936C-DC94-6006-6909-00000000A301},4692,,,,,,T1059.001,PowerShell,Execution,TRACE-PS-01,powershell,https://raw.githubusercontent.com/splunk/attack_data/master/datasets/attack_techniques/T1059.001/encoded_powershell/windows-sysmon.log,07a74bc8870111bd30b3c499f178ce2abf681e7c65b6302dcdfc84335b01a92d,false,Execution,none,raw Computer/IpAddress/User fields,{E983936C-B438-6006-B400-00000000A301}
2021-01-19T13:20:20.814+0000,2021-01-19T13:20:20.814+0000,10,Microsoft-Windows-Sysmon/Operational,ict3214:attack_trace,PS-HOST-01,,,,,,,C:\Windows\sysmon64.exe,C:\Windows\system32\svchost.exe,0x1400,,,,,,,{E983936C-B38F-6006-0C00-00000000A301},592,{E983936C-B3A0-6006-3100-00000000A301},2052,,T1059.001,PowerShell,Execution,TRACE-PS-01,powershell,https://raw.githubusercontent.com/splunk/attack_data/master/datasets/attack_techniques/T1059.001/encoded_powershell/windows-sysmon.log,0bc9e11b931416d9772153a44e9315fb69d2129ef2219dd35b859d8890faf96e,false,Execution,none,raw Computer/IpAddress/User fields,
2021-01-19T13:20:20.814+0000,2021-01-19T13:20:20.814+0000,10,Microsoft-Windows-Sysmon/Operational,ict3214:attack_trace,PS-HOST-01,,,,,,,C:\Program Files\SplunkUniversalForwarder\bin\splunk-regmon.exe,C:\Windows\system32\csrss.exe,0x1fffff,,,,,,,{E983936C-B38D-6006-0500-00000000A301},636,{E983936C-DC94-6006-6909-00000000A301},4692,,T1059.001,PowerShell,Execution,TRACE-PS-01,powershell,https://raw.githubusercontent.com/splunk/attack_data/master/datasets/attack_techniques/T1059.001/encoded_powershell/windows-sysmon.log,360f3baed12c150776258a4338e31276b71087979c183f34e9f91f4c2f011d9e,false,Execution,none,raw Computer/IpAddress/User fields,
2021-01-19T13:20:20.814+0000,2021-01-19T13:20:20.814+0000,10,Microsoft-Windows-Sysmon/Operational,ict3214:attack_trace,PS-HOST-01,,,,,,,C:\Program Files\SplunkUniversalForwarder\bin\splunk-regmon.exe,C:\Program Files\SplunkUniversalForwarder\bin\splunkd.exe,0x1fffff,,,,,,,{E983936C-B438-6006-B400-00000000A301},4412,{E983936C-DC94-6006-6909-00000000A301},4692,,T1059.001,PowerShell,Execution,TRACE-PS-01,powershell,https://raw.githubusercontent.com/splunk/attack_data/master/datasets/attack_techniques/T1059.001/encoded_powershell/windows-sysmon.log,72681a83e65b7477495dbc5bac8553ec65d6c6babd2e91679e52f6dc013e9128,false,Execution,none,raw Computer/IpAddress/User fields,
2021-01-19T13:20:20.814+0000,2021-01-19T13:20:20.814+0000,10,Microsoft-Windows-Sysmon/Operational,ict3214:attack_trace,PS-HOST-01,,,,,,,C:\Windows\sysmon64.exe,C:\Windows\system32\svchost.exe,0x1400,,,,,,,{E983936C-B38F-6006-0C00-00000000A301},592,{E983936C-B3A0-6006-3100-00000000A301},2052,,T1059.001,PowerShell,Execution,TRACE-PS-01,powershell,https://raw.githubusercontent.com/splunk/attack_data/master/datasets/attack_techniques/T1059.001/encoded_powershell/windows-sysmon.log,78cc7033339f23cecc3c0991a0aa423fe81dbc23bd824d74986e22c19cf17aba,false,Execution,none,raw Computer/IpAddress/User fields,
2021-01-19T13:20:20.814+0000,2021-01-19T13:20:20.814+0000,10,Microsoft-Windows-Sysmon/Operational,ict3214:attack_trace,PS-HOST-01,,,,,,,C:\Windows\sysmon64.exe,C:\Windows\system32\svchost.exe,0x1400,,,,,,,{E983936C-B38F-6006-0C00-00000000A301},592,{E983936C-B3A0-6006-3100-00000000A301},2052,,T1059.001,PowerShell,Execution,TRACE-PS-01,powershell,https://raw.githubusercontent.com/splunk/attack_data/master/datasets/attack_techniques/T1059.001/encoded_powershell/windows-sysmon.log,b528516e3f6a1005b7f23014c77bbb55419469f45ea6cc0a12ebaf8175e9262e,false,Execution,none,raw Computer/IpAddress/User fields,
2021-01-19T13:20:20.814+0000,2021-01-19T13:20:20.814+0000,10,Microsoft-Windows-Sysmon/Operational,ict3214:attack_trace,PS-HOST-01,,,,,,,C:\Windows\sysmon64.exe,C:\Windows\system32\svchost.exe,0x1400,,,,,,,{E983936C-B38F-6006-0C00-00000000A301},592,{E983936C-B3A0-6006-3100-00000000A301},2052,,T1059.001,PowerShell,Execution,TRACE-PS-01,powershell,https://raw.githubusercontent.com/splunk/attack_data/master/datasets/attack_techniques/T1059.001/encoded_powershell/windows-sysmon.log,c3dc3d58b4fed45c47e5548f051e41c3c5a89e84b33e2d65fd51d695afc5c1ef,false,Execution,none,raw Computer/IpAddress/User fields,
2021-01-19T13:20:20.815+0000,2021-01-19T13:20:20.815+0000,10,Microsoft-Windows-Sysmon/Operational,ict3214:attack_trace,PS-HOST-01,,,,,,,C:\Program Files\SplunkUniversalForwarder\bin\splunk-regmon.exe,C:\Windows\system32\conhost.exe,0x1fffff,,,,,,,{E983936C-B439-6006-B800-00000000A301},4284,{E983936C-DC94-6006-6909-00000000A301},4692,,T1059.001,PowerShell,Execution,TRACE-PS-01,powershell,https://raw.githubusercontent.com/splunk/attack_data/master/datasets/attack_techniques/T1059.001/encoded_powershell/windows-sysmon.log,2eb0adea5d5b33e8a8c82a005c6015e2bff695542ff70a215fb084599fd6f9ab,false,Execution,none,raw Computer/IpAddress/User fields,
2021-01-19T13:20:20.967+0000,2021-01-19T13:20:20.967+0000,10,Microsoft-Windows-Sysmon/Operational,ict3214:attack_trace,PS-HOST-01,,,,,,,C:\Program Files\SplunkUniversalForwarder\bin\splunkd.exe,C:\Program Files\SplunkUniversalForwarder\bin\splunk-regmon.exe,0x101400,,,,,,,{E983936C-DC94-6006-6909-00000000A301},4692,{E983936C-B438-6006-B400-00000000A301},4412,,T1059.001,PowerShell,Execution,TRACE-PS-01,powershell,https://raw.githubusercontent.com/splunk/attack_data/master/datasets/attack_techniques/T1059.001/encoded_powershell/windows-sysmon.log,dff42367adc90106d5b707644db48aa8b7ee14b4caa1f992da17f5f27d5d4066,false,Execution,none,raw Computer/IpAddress/User fields,
2021-01-19T13:20:21.485+0000,2021-01-19T13:20:21.485+0000,10,Microsoft-Windows-Sysmon/Operational,ict3214:attack_trace,PS-HOST-01,,,,,,,C:\Program Files\SplunkUniversalForwarder\bin\splunk-MonitorNoHandle.exe,C:\Windows\system32\csrss.exe,0x1fffff,,,,,,,{E983936C-B38D-6006-0500-00000000A301},636,{E983936C-DC95-6006-6A09-00000000A301},7848,,T1059.001,PowerShell,Execution,TRACE-PS-01,powershell,https://raw.githubusercontent.com/splunk/attack_data/master/datasets/attack_techniques/T1059.001/encoded_powershell/windows-sysmon.log,02af103f22f4722a247a08a01fc6de41ebe96ed86c13b2a873416336dc033da6,false,Execution,none,raw Computer/IpAddress/User fields,
2021-01-19T13:20:21.485+0000,2021-01-19T13:20:21.485+0000,10,Microsoft-Windows-Sysmon/Operational,ict3214:attack_trace,PS-HOST-01,,,,,,,C:\Windows\sysmon64.exe,C:\Windows\system32\svchost.exe,0x1400,,,,,,,{E983936C-B38F-6006-0C00-00000000A301},592,{E983936C-B3A0-6006-3100-00000000A301},2052,,T1059.001,PowerShell,Execution,TRACE-PS-01,powershell,https://raw.githubusercontent.com/splunk/attack_data/master/datasets/attack_techniques/T1059.001/encoded_powershell/windows-sysmon.log,70c654cb052504d24ac96ef2f033a11cac9f58e5012ff2915fcb8d3398a301a4,false,Execution,none,raw Computer/IpAddress/User fields,
2021-01-19T13:20:21.485+0000,2021-01-19T13:20:21.485+0000,10,Microsoft-Windows-Sysmon/Operational,ict3214:attack_trace,PS-HOST-01,,,,,,,C:\Windows\sysmon64.exe,C:\Windows\system32\svchost.exe,0x1400,,,,,,,{E983936C-B38F-6006-0C00-00000000A301},592,{E983936C-B3A0-6006-3100-00000000A301},2052,,T1059.001,PowerShell,Execution,TRACE-PS-01,powershell,https://raw.githubusercontent.com/splunk/attack_data/master/datasets/attack_techniques/T1059.001/encoded_powershell/windows-sysmon.log,b1b03fc55bf2641856c4a2fa4acc96bc3a07a5d1461600568e9a2d494251d9d6,false,Execution,none,raw Computer/IpAddress/User fields,
2021-01-19T13:20:21.485+0000,2021-01-19T13:20:21.485+0000,10,Microsoft-Windows-Sysmon/Operational,ict3214:attack_trace,PS-HOST-01,,,,,,,C:\Windows\sysmon64.exe,C:\Windows\system32\svchost.exe,0x1400,,,,,,,{E983936C-B38F-6006-0C00-00000000A301},592,{E983936C-B3A0-6006-3100-00000000A301},2052,,T1059.001,PowerShell,Execution,TRACE-PS-01,powershell,https://raw.githubusercontent.com/splunk/attack_data/master/datasets/attack_techniques/T1059.001/encoded_powershell/windows-sysmon.log,b6c05b6890f0a13fcf8eaf343ed4fe75bed91d8e91091b2e8209fcec01579b59,false,Execution,none,raw Computer/IpAddress/User fields,
2021-01-19T13:20:21.485+0000,2021-01-19T13:20:21.485+0000,1,Microsoft-Windows-Sysmon/Operational,ict3214:attack_trace,PS-HOST-01,,,NT AUTHORITY\SYSTEM,C:\Program Files\SplunkUniversalForwarder\bin\splunk-MonitorNoHandle.exe,C:\Program Files\SplunkUniversalForwarder\bin\splunkd.exe,"""C:\Program Files\SplunkUniversalForwarder\bin\splunk-MonitorNoHandle.exe""",,,,,,,,{E983936C-DC95-6006-6A09-00000000A301},7848,,,,,,T1059.001,PowerShell,Execution,TRACE-PS-01,powershell,https://raw.githubusercontent.com/splunk/attack_data/master/datasets/attack_techniques/T1059.001/encoded_powershell/windows-sysmon.log,c9b7a9c711dc75240a2b53b6d2a5238b1596b03d77f17e47d7260d94969364c8,false,Execution,none,raw Computer/IpAddress/User fields,{E983936C-B438-6006-B400-00000000A301}
2021-01-19T13:20:21.485+0000,2021-01-19T13:20:21.485+0000,10,Microsoft-Windows-Sysmon/Operational,ict3214:attack_trace,PS-HOST-01,,,,,,,C:\Program Files\SplunkUniversalForwarder\bin\splunk-MonitorNoHandle.exe,C:\Program Files\SplunkUniversalForwarder\bin\splunkd.exe,0x1fffff,,,,,,,{E983936C-B438-6006-B400-00000000A301},4412,{E983936C-DC95-6006-6A09-00000000A301},7848,,T1059.001,PowerShell,Execution,TRACE-PS-01,powershell,https://raw.githubusercontent.com/splunk/attack_data/master/datasets/attack_techniques/T1059.001/encoded_powershell/windows-sysmon.log,dcbe3b10e810d87eb40f0341a9e004f347cf5ae0230043d98c3b7c330c3fe9bd,false,Execution,none,raw Computer/IpAddress/User fields,
2021-01-19T13:20:21.485+0000,2021-01-19T13:20:21.485+0000,10,Microsoft-Windows-Sysmon/Operational,ict3214:attack_trace,PS-HOST-01,,,,,,,C:\Windows\sysmon64.exe,C:\Windows\system32\svchost.exe,0x1400,,,,,,,{E983936C-B38F-6006-0C00-00000000A301},592,{E983936C-B3A0-6006-3100-00000000A301},2052,,T1059.001,PowerShell,Execution,TRACE-PS-01,powershell,https://raw.githubusercontent.com/splunk/attack_data/master/datasets/attack_techniques/T1059.001/encoded_powershell/windows-sysmon.log,e4a699d7ab283587ae19b2c05bba1a789d0fb34b2ea28b7c125c8fdd34db7ec4,false,Execution,none,raw Computer/IpAddress/User fields,
2021-01-19T13:20:21.486+0000,2021-01-19T13:20:21.486+0000,10,Microsoft-Windows-Sysmon/Operational,ict3214:attack_trace,PS-HOST-01,,,,,,,C:\Program Files\SplunkUniversalForwarder\bin\splunk-MonitorNoHandle.exe,C:\Windows\system32\conhost.exe,0x1fffff,,,,,,,{E983936C-B439-6006-B800-00000000A301},4284,{E983936C-DC95-6006-6A09-00000000A301},7848,,T1059.001,PowerShell,Execution,TRACE-PS-01,powershell,https://raw.githubusercontent.com/splunk/attack_data/master/datasets/attack_techniques/T1059.001/encoded_powershell/windows-sysmon.log,9dc69b2ff1b68df7928b2a2cb818c6bd03a2c56e9a60ef1540ce94c3f6eace23,false,Execution,none,raw Computer/IpAddress/User fields,
2021-01-19T13:20:22.157+0000,2021-01-19T13:20:22.157+0000,10,Microsoft-Windows-Sysmon/Operational,ict3214:attack_trace,PS-HOST-01,,,,,,,C:\Program Files\SplunkUniversalForwarder\bin\splunk-admon.exe,C:\Program Files\SplunkUniversalForwarder\bin\splunkd.exe,0x1fffff,,,,,,,{E983936C-B438-6006-B400-00000000A301},4412,{E983936C-DC96-6006-6B09-00000000A301},5392,,T1059.001,PowerShell,Execution,TRACE-PS-01,powershell,https://raw.githubusercontent.com/splunk/attack_data/master/datasets/attack_techniques/T1059.001/encoded_powershell/windows-sysmon.log,147f2fdc042ec9ed41bcbddfd629d9abde7c41635c7f618cbcd1b3bfeb66726e,false,Execution,none,raw Computer/IpAddress/User fields,
2021-01-19T13:20:22.157+0000,2021-01-19T13:20:22.157+0000,10,Microsoft-Windows-Sysmon/Operational,ict3214:attack_trace,PS-HOST-01,,,,,,,C:\Windows\sysmon64.exe,C:\Windows\system32\svchost.exe,0x1400,,,,,,,{E983936C-B38F-6006-0C00-00000000A301},592,{E983936C-B3A0-6006-3100-00000000A301},2052,,T1059.001,PowerShell,Execution,TRACE-PS-01,powershell,https://raw.githubusercontent.com/splunk/attack_data/master/datasets/attack_techniques/T1059.001/encoded_powershell/windows-sysmon.log,27225c354e07d29d37d739dc7c3a4fe9d41364245f5cd26c0e20eca54fe68095,false,Execution,none,raw Computer/IpAddress/User fields,
2021-01-19T13:20:22.157+0000,2021-01-19T13:20:22.157+0000,10,Microsoft-Windows-Sysmon/Operational,ict3214:attack_trace,PS-HOST-01,,,,,,,C:\Program Files\SplunkUniversalForwarder\bin\splunk-admon.exe,C:\Windows\system32\csrss.exe,0x1fffff,,,,,,,{E983936C-B38D-6006-0500-00000000A301},636,{E983936C-DC96-6006-6B09-00000000A301},5392,,T1059.001,PowerShell,Execution,TRACE-PS-01,powershell,https://raw.githubusercontent.com/splunk/attack_data/master/datasets/attack_techniques/T1059.001/encoded_powershell/windows-sysmon.log,2a15e9f318d2863706f229ab91697d0dba52c08df5c6cdd84d0368ef8f6cb05e,false,Execution,none,raw Computer/IpAddress/User fields,
2021-01-19T13:20:22.157+0000,2021-01-19T13:20:22.157+0000,10,Microsoft-Windows-Sysmon/Operational,ict3214:attack_trace,PS-HOST-01,,,,,,,C:\Windows\sysmon64.exe,C:\Windows\system32\svchost.exe,0x1400,,,,,,,{E983936C-B38F-6006-0C00-00000000A301},592,{E983936C-B3A0-6006-3100-00000000A301},2052,,T1059.001,PowerShell,Execution,TRACE-PS-01,powershell,https://raw.githubusercontent.com/splunk/attack_data/master/datasets/attack_techniques/T1059.001/encoded_powershell/windows-sysmon.log,44b7e07e9d39fe0cf26fd3e15b354a4128045a9f30310d5c7c029aff22b6e330,false,Execution,none,raw Computer/IpAddress/User fields,
2021-01-19T13:20:22.157+0000,2021-01-19T13:20:22.157+0000,10,Microsoft-Windows-Sysmon/Operational,ict3214:attack_trace,PS-HOST-01,,,,,,,C:\Windows\sysmon64.exe,C:\Windows\system32\svchost.exe,0x1400,,,,,,,{E983936C-B38F-6006-0C00-00000000A301},592,{E983936C-B3A0-6006-3100-00000000A301},2052,,T1059.001,PowerShell,Execution,TRACE-PS-01,powershell,https://raw.githubusercontent.com/splunk/attack_data/master/datasets/attack_techniques/T1059.001/encoded_powershell/windows-sysmon.log,5e66ffda076becd9c29887668b2abcfdd09f7415ddd25de567eddc27a31899cb,false,Execution,none,raw Computer/IpAddress/User fields,
2021-01-19T13:20:22.157+0000,2021-01-19T13:20:22.157+0000,1,Microsoft-Windows-Sysmon/Operational,ict3214:attack_trace,PS-HOST-01,,,NT AUTHORITY\SYSTEM,C:\Program Files\SplunkUniversalForwarder\bin\splunk-admon.exe,C:\Program Files\SplunkUniversalForwarder\bin\splunkd.exe,"""C:\Program Files\SplunkUniversalForwarder\bin\splunk-admon.exe""",,,,,,,,{E983936C-DC96-6006-6B09-00000000A301},5392,,,,,,T1059.001,PowerShell,Execution,TRACE-PS-01,powershell,https://raw.githubusercontent.com/splunk/attack_data/master/datasets/attack_techniques/T1059.001/encoded_powershell/windows-sysmon.log,7a77a39d546b5753d8783cd0446d73ff7aa571639c4dc54bc783c3016215ae31,false,Execution,none,raw Computer/IpAddress/User fields,{E983936C-B438-6006-B400-00000000A301}
2021-01-19T13:20:22.157+0000,2021-01-19T13:20:22.157+0000,10,Microsoft-Windows-Sysmon/Operational,ict3214:attack_trace,PS-HOST-01,,,,,,,C:\Windows\sysmon64.exe,C:\Windows\system32\svchost.exe,0x1400,,,,,,,{E983936C-B38F-6006-0C00-00000000A301},592,{E983936C-B3A0-6006-3100-00000000A301},2052,,T1059.001,PowerShell,Execution,TRACE-PS-01,powershell,https://raw.githubusercontent.com/splunk/attack_data/master/datasets/attack_techniques/T1059.001/encoded_powershell/windows-sysmon.log,89b3e3314c94dc54a3ba6112916d2480ebab507e640da599617b3f2dc8359eb1,false,Execution,none,raw Computer/IpAddress/User fields,
2021-01-19T13:20:22.158+0000,2021-01-19T13:20:22.158+0000,10,Microsoft-Windows-Sysmon/Operational,ict3214:attack_trace,PS-HOST-01,,,,,,,C:\Program Files\SplunkUniversalForwarder\bin\splunk-admon.exe,C:\Windows\system32\conhost.exe,0x1fffff,,,,,,,{E983936C-B439-6006-B800-00000000A301},4284,{E983936C-DC96-6006-6B09-00000000A301},5392,,T1059.001,PowerShell,Execution,TRACE-PS-01,powershell,https://raw.githubusercontent.com/splunk/attack_data/master/datasets/attack_techniques/T1059.001/encoded_powershell/windows-sysmon.log,2237d094bda056d4e9a4558acfb6ba5ef990364ad5697a470b4138464f05286e,false,Execution,none,raw Computer/IpAddress/User fields,
2021-01-19T13:20:22.264+0000,2021-01-19T13:20:22.264+0000,13,Microsoft-Windows-Sysmon/Operational,ict3214:attack_trace,PS-HOST-01,,,,C:\Windows\system32\lsass.exe,,,,,,,,HKLM\System\CurrentControlSet\Services\W32Time\SecureTimeLimits\SecureTimeLow,QWORD (0x01d6ee5d-0x74d62e9d),{E983936C-B38D-6006-0B00-00000000A301},852,,,,,,T1059.001,PowerShell,Execution,TRACE-PS-01,powershell,https://raw.githubusercontent.com/splunk/attack_data/master/datasets/attack_techniques/T1059.001/encoded_powershell/windows-sysmon.log,20e9b50f377635d9d7bc60c71115be9ec521a310efe76425f88b3567f58af5d8,false,Execution,none,raw Computer/IpAddress/User fields,
2021-01-19T13:20:22.264+0000,2021-01-19T13:20:22.264+0000,13,Microsoft-Windows-Sysmon/Operational,ict3214:attack_trace,PS-HOST-01,,,,C:\Windows\system32\lsass.exe,,,,,,,,HKLM\System\CurrentControlSet\Services\W32Time\SecureTimeLimits\RunTime\SecureTimeConfidence,DWORD (0x00000008),{E983936C-B38D-6006-0B00-00000000A301},852,,,,,,T1059.001,PowerShell,Execution,TRACE-PS-01,powershell,https://raw.githubusercontent.com/splunk/attack_data/master/datasets/attack_techniques/T1059.001/encoded_powershell/windows-sysmon.log,3ef9f2644f9836f465e3d7e287f123289e72e51f68f3d2dd249d8504641af95b,false,Execution,none,raw Computer/IpAddress/User fields,
2021-01-19T13:20:22.264+0000,2021-01-19T13:20:22.264+0000,13,Microsoft-Windows-Sysmon/Operational,ict3214:attack_trace,PS-HOST-01,,,,C:\Windows\system32\lsass.exe,,,,,,,,HKLM\System\CurrentControlSet\Services\W32Time\SecureTimeLimits\SecureTimeEstimated,QWORD (0x01d6ee65-0xd69a969d),{E983936C-B38D-6006-0B00-00000000A301},852,,,,,,T1059.001,PowerShell,Execution,TRACE-PS-01,powershell,https://raw.githubusercontent.com/splunk/attack_data/master/datasets/attack_techniques/T1059.001/encoded_powershell/windows-sysmon.log,5bcaccf7875839b81619b215ec6ac825e74fb9443790efca9d7d21decfa3a1ce,false,Execution,none,raw Computer/IpAddress/User fields,
2021-01-19T13:20:22.264+0000,2021-01-19T13:20:22.264+0000,13,Microsoft-Windows-Sysmon/Operational,ict3214:attack_trace,PS-HOST-01,,,,C:\Windows\system32\lsass.exe,,,,,,,,HKLM\System\CurrentControlSet\Services\W32Time\SecureTimeLimits\SecureTimeHigh,QWORD (0x01d6ee6e-0x385efe9d),{E983936C-B38D-6006-0B00-00000000A301},852,,,,,,T1059.001,PowerShell,Execution,TRACE-PS-01,powershell,https://raw.githubusercontent.com/splunk/attack_data/master/datasets/attack_techniques/T1059.001/encoded_powershell/windows-sysmon.log,db32194fe2f7094da74dead3d9395bb8cbfc05d8caf26bbb1d1246acf23ec9e5,false,Execution,none,raw Computer/IpAddress/User fields,
2021-01-19T13:20:22.264+0000,2021-01-19T13:20:22.264+0000,13,Microsoft-Windows-Sysmon/Operational,ict3214:attack_trace,PS-HOST-01,,,,C:\Windows\system32\lsass.exe,,,,,,,,HKLM\System\CurrentControlSet\Services\W32Time\SecureTimeLimits\RunTime\SecureTimeTickCount,QWORD (0x00000000-0x00a06036),{E983936C-B38D-6006-0B00-00000000A301},852,,,,,,T1059.001,PowerShell,Execution,TRACE-PS-01,powershell,https://raw.githubusercontent.com/splunk/attack_data/master/datasets/attack_techniques/T1059.001/encoded_powershell/windows-sysmon.log,ffda74b0d8f899d7fa80176210e7765afb52c69f8a96e26f2aad44e9f9692313,false,Execution,none,raw Computer/IpAddress/User fields,
2021-01-19T13:20:22.265+0000,2021-01-19T13:20:22.265+0000,13,Microsoft-Windows-Sysmon/Operational,ict3214:attack_trace,PS-HOST-01,,,,C:\Windows\system32\lsass.exe,,,,,,,,HKLM\System\CurrentControlSet\Services\W32Time\SecureTimeLimits\SecureTimeHigh,QWORD (0x01d6ee6e-0x385efe9d),{E983936C-B38D-6006-0B00-00000000A301},852,,,,,,T1059.001,PowerShell,Execution,TRACE-PS-01,powershell,https://raw.githubusercontent.com/splunk/attack_data/master/datasets/attack_techniques/T1059.001/encoded_powershell/windows-sysmon.log,6c268143a873d9ef0501d0a394c3a40907d7deddda7c167aa9c394204acc2a1a,false,Execution,none,raw Computer/IpAddress/User fields,
2021-01-19T13:20:22.265+0000,2021-01-19T13:20:22.265+0000,13,Microsoft-Windows-Sysmon/Operational,ict3214:attack_trace,PS-HOST-01,,,,C:\Windows\system32\lsass.exe,,,,,,,,HKLM\System\CurrentControlSet\Services\W32Time\SecureTimeLimits\RunTime\SecureTimeTickCount,QWORD (0x00000000-0x00a06036),{E983936C-B38D-6006-0B00-00000000A301},852,,,,,,T1059.001,PowerShell,Execution,TRACE-PS-01,powershell,https://raw.githubusercontent.com/splunk/attack_data/master/datasets/attack_techniques/T1059.001/encoded_powershell/windows-sysmon.log,a37bf92ccc2d0644e75dfc78ac7fabd910c3bb22e880a28111671356e5a9066a,false,Execution,none,raw Computer/IpAddress/User fields,
2021-01-19T13:20:22.265+0000,2021-01-19T13:20:22.265+0000,13,Microsoft-Windows-Sysmon/Operational,ict3214:attack_trace,PS-HOST-01,,,,C:\Windows\system32\lsass.exe,,,,,,,,HKLM\System\CurrentControlSet\Services\W32Time\SecureTimeLimits\SecureTimeLow,QWORD (0x01d6ee5d-0x74d62e9d),{E983936C-B38D-6006-0B00-00000000A301},852,,,,,,T1059.001,PowerShell,Execution,TRACE-PS-01,powershell,https://raw.githubusercontent.com/splunk/attack_data/master/datasets/attack_techniques/T1059.001/encoded_powershell/windows-sysmon.log,bdaa868d5fde31b57ebd18e96a1e133be4a9d6a10db104032bd1672af35a2526,false,Execution,none,raw Computer/IpAddress/User fields,
2021-01-19T13:20:22.265+0000,2021-01-19T13:20:22.265+0000,13,Microsoft-Windows-Sysmon/Operational,ict3214:attack_trace,PS-HOST-01,,,,C:\Windows\system32\lsass.exe,,,,,,,,HKLM\System\CurrentControlSet\Services\W32Time\SecureTimeLimits\RunTime\SecureTimeConfidence,DWORD (0x00000008),{E983936C-B38D-6006-0B00-00000000A301},852,,,,,,T1059.001,PowerShell,Execution,TRACE-PS-01,powershell,https://raw.githubusercontent.com/splunk/attack_data/master/datasets/attack_techniques/T1059.001/encoded_powershell/windows-sysmon.log,fd190a1ac524e6a936e7ea0df4e122d2491bb2926de20c13ac7239f5f6a04956,false,Execution,none,raw Computer/IpAddress/User fields,
2021-01-19T13:20:22.265+0000,2021-01-19T13:20:22.265+0000,13,Microsoft-Windows-Sysmon/Operational,ict3214:attack_trace,PS-HOST-01,,,,C:\Windows\system32\lsass.exe,,,,,,,,HKLM\System\CurrentControlSet\Services\W32Time\SecureTimeLimits\SecureTimeEstimated,QWORD (0x01d6ee65-0xd69a969d),{E983936C-B38D-6006-0B00-00000000A301},852,,,,,,T1059.001,PowerShell,Execution,TRACE-PS-01,powershell,https://raw.githubusercontent.com/splunk/attack_data/master/datasets/attack_techniques/T1059.001/encoded_powershell/windows-sysmon.log,ffff86a3d81705a955a7e8686f418dfbfb36916916775f5ccba35b1c06da949c,false,Execution,none,raw Computer/IpAddress/User fields,
2021-01-19T13:20:22.305+0000,2021-01-19T13:20:22.305+0000,10,Microsoft-Windows-Sysmon/Operational,ict3214:attack_trace,PS-HOST-01,,,,,,,C:\Program Files\SplunkUniversalForwarder\bin\splunkd.exe,C:\Program Files\SplunkUniversalForwarder\bin\splunk-admon.exe,0x101400,,,,,,,{E983936C-DC96-6006-6B09-00000000A301},5392,{E983936C-B438-6006-B400-00000000A301},4412,,T1059.001,PowerShell,Execution,TRACE-PS-01,powershell,https://raw.githubusercontent.com/splunk/attack_data/master/datasets/attack_techniques/T1059.001/encoded_powershell/windows-sysmon.log,08d46b76b24499d41dd386247d2bdbc315682cf95608e573b79960f152972cb5,false,Execution,none,raw Computer/IpAddress/User fields,
2021-01-19T13:20:24.751+0000,2021-01-19T13:20:24.751+0000,10,Microsoft-Windows-Sysmon/Operational,ict3214:attack_trace,PS-HOST-01,,,,,,,C:\Windows\sysmon64.exe,C:\Windows\system32\svchost.exe,0x1400,,,,,,,{E983936C-B38F-6006-0C00-00000000A301},592,{E983936C-B3A0-6006-3100-00000000A301},2052,,T1059.001,PowerShell,Execution,TRACE-PS-01,powershell,https://raw.githubusercontent.com/splunk/attack_data/master/datasets/attack_techniques/T1059.001/encoded_powershell/windows-sysmon.log,03d1de0f56ef2e8bee31ac13d0799c5d5a5a51fa5ede3e7c00fa7ea9f7921f6a,false,Execution,none,raw Computer/IpAddress/User fields,
2021-01-19T13:20:24.751+0000,2021-01-19T13:20:24.751+0000,10,Microsoft-Windows-Sysmon/Operational,ict3214:attack_trace,PS-HOST-01,,,,,,,C:\Windows\sysmon64.exe,C:\Windows\system32\svchost.exe,0x1400,,,,,,,{E983936C-B38F-6006-0C00-00000000A301},592,{E983936C-B3A0-6006-3100-00000000A301},2052,,T1059.001,PowerShell,Execution,TRACE-PS-01,powershell,https://raw.githubusercontent.com/splunk/attack_data/master/datasets/attack_techniques/T1059.001/encoded_powershell/windows-sysmon.log,629878a5c09f4ce8e3ed2b859bf4f6fa9545c5326263c9bba07cc2118021f2aa,false,Execution,none,raw Computer/IpAddress/User fields,
2021-01-19T13:20:24.751+0000,2021-01-19T13:20:24.751+0000,1,Microsoft-Windows-Sysmon/Operational,ict3214:attack_trace,PS-HOST-01,,,NT AUTHORITY\SYSTEM,C:\Program Files\SplunkUniversalForwarder\bin\splunk-winprintmon.exe,C:\Program Files\SplunkUniversalForwarder\bin\splunkd.exe,"""C:\Program Files\SplunkUniversalForwarder\bin\splunk-winprintmon.exe""",,,,,,,,{E983936C-DC98-6006-6C09-00000000A301},4496,,,,,,T1059.001,PowerShell,Execution,TRACE-PS-01,powershell,https://raw.githubusercontent.com/splunk/attack_data/master/datasets/attack_techniques/T1059.001/encoded_powershell/windows-sysmon.log,776a1a1adad2242c3b459eeac38324ec97085adc3ed83a64d9ee55d5d8004eed,false,Execution,none,raw Computer/IpAddress/User fields,{E983936C-B438-6006-B400-00000000A301}
2021-01-19T13:20:24.751+0000,2021-01-19T13:20:24.751+0000,10,Microsoft-Windows-Sysmon/Operational,ict3214:attack_trace,PS-HOST-01,,,,,,,C:\Windows\sysmon64.exe,C:\Windows\system32\svchost.exe,0x1400,,,,,,,{E983936C-B38F-6006-0C00-00000000A301},592,{E983936C-B3A0-6006-3100-00000000A301},2052,,T1059.001,PowerShell,Execution,TRACE-PS-01,powershell,https://raw.githubusercontent.com/splunk/attack_data/master/datasets/attack_techniques/T1059.001/encoded_powershell/windows-sysmon.log,80646df187bfafbd73ccddd5b80e6342f96082e7e29c1724927f7d696314d346,false,Execution,none,raw Computer/IpAddress/User fields,
2021-01-19T13:20:24.751+0000,2021-01-19T13:20:24.751+0000,10,Microsoft-Windows-Sysmon/Operational,ict3214:attack_trace,PS-HOST-01,,,,,,,C:\Program Files\SplunkUniversalForwarder\bin\splunk-winprintmon.exe,C:\Windows\system32\csrss.exe,0x1fffff,,,,,,,{E983936C-B38D-6006-0500-00000000A301},636,{E983936C-DC98-6006-6C09-00000000A301},4496,,T1059.001,PowerShell,Execution,TRACE-PS-01,powershell,https://raw.githubusercontent.com/splunk/attack_data/master/datasets/attack_techniques/T1059.001/encoded_powershell/windows-sysmon.log,a3f8e801699b2466ff3c56fa4ec21e52b83f2e8ea007e2963a0bc5d5568da135,false,Execution,none,raw Computer/IpAddress/User fields,
2021-01-19T13:20:24.751+0000,2021-01-19T13:20:24.751+0000,10,Microsoft-Windows-Sysmon/Operational,ict3214:attack_trace,PS-HOST-01,,,,,,,C:\Program Files\SplunkUniversalForwarder\bin\splunk-winprintmon.exe,C:\Program Files\SplunkUniversalForwarder\bin\splunkd.exe,0x1fffff,,,,,,,{E983936C-B438-6006-B400-00000000A301},4412,{E983936C-DC98-6006-6C09-00000000A301},4496,,T1059.001,PowerShell,Execution,TRACE-PS-01,powershell,https://raw.githubusercontent.com/splunk/attack_data/master/datasets/attack_techniques/T1059.001/encoded_powershell/windows-sysmon.log,a5d04f544d839d4b0c51617f84834c6b958aae30e3f07618dcf1659fbadec874,false,Execution,none,raw Computer/IpAddress/User fields,
2021-01-19T13:20:24.751+0000,2021-01-19T13:20:24.751+0000,10,Microsoft-Windows-Sysmon/Operational,ict3214:attack_trace,PS-HOST-01,,,,,,,C:\Windows\sysmon64.exe,C:\Windows\system32\svchost.exe,0x1400,,,,,,,{E983936C-B38F-6006-0C00-00000000A301},592,{E983936C-B3A0-6006-3100-00000000A301},2052,,T1059.001,PowerShell,Execution,TRACE-PS-01,powershell,https://raw.githubusercontent.com/splunk/attack_data/master/datasets/attack_techniques/T1059.001/encoded_powershell/windows-sysmon.log,e87f56fca457ab4e4833bf7815ba0da5d902801eee93bba4870092e4e59e66b4,false,Execution,none,raw Computer/IpAddress/User fields,
2021-01-19T13:20:24.752+0000,2021-01-19T13:20:24.752+0000,10,Microsoft-Windows-Sysmon/Operational,ict3214:attack_trace,PS-HOST-01,,,,,,,C:\Program Files\SplunkUniversalForwarder\bin\splunk-winprintmon.exe,C:\Windows\system32\conhost.exe,0x1fffff,,,,,,,{E983936C-B439-6006-B800-00000000A301},4284,{E983936C-DC98-6006-6C09-00000000A301},4496,,T1059.001,PowerShell,Execution,TRACE-PS-01,powershell,https://raw.githubusercontent.com/splunk/attack_data/master/datasets/attack_techniques/T1059.001/encoded_powershell/windows-sysmon.log,0d0f71b044a58377e1d90c2fe13e7961cc414f50b3b7deaeb81f0bb897e9dedf,false,Execution,none,raw Computer/IpAddress/User fields,
2021-01-19T13:20:30.827+0000,2021-01-19T13:20:30.827+0000,11,Microsoft-Windows-Sysmon/Operational,ict3214:attack_trace,PS-HOST-01,,,,C:\Program Files\Mozilla Firefox\firefox.exe,,,,,,,,,,{E983936C-CD5C-6006-8407-00000000A301},6812,,,,,,T1059.001,PowerShell,Execution,TRACE-PS-01,powershell,https://raw.githubusercontent.com/splunk/attack_data/master/datasets/attack_techniques/T1059.001/encoded_powershell/windows-sysmon.log,86b7d0bee5fed5b084f8538965e44212261863cb84742f71cee3ec76759898a0,false,Execution,none,raw Computer/IpAddress/User fields,
2021-01-19T13:21:06.531+0000,2021-01-19T13:21:06.531+0000,13,Microsoft-Windows-Sysmon/Operational,ict3214:attack_trace,PS-HOST-01,,,,C:\Windows\system32\DFSRs.exe,,,,,,,,HKLM\System\CurrentControlSet\Services\DFSR\Parameters\Replication Groups\194FB71A-2A2E-4F97-8266-02E138A28647\Replica Set Configuration File,\\?\C:\System Volume Information\DFSR\Config\Replica_194FB71A-2A2E-4F97-8266-02E138A28647.XML,{E983936C-B3A0-6006-2B00-00000000A301},2256,,,,,,T1059.001,PowerShell,Execution,TRACE-PS-01,powershell,https://raw.githubusercontent.com/splunk/attack_data/master/datasets/attack_techniques/T1059.001/encoded_powershell/windows-sysmon.log,3e7218cd9bf951f0cae4b981b68b35b17281ccdd333d367775e14c408345dc00,false,Execution,none,raw Computer/IpAddress/User fields,
2021-01-19T13:21:06.531+0000,2021-01-19T13:21:06.531+0000,13,Microsoft-Windows-Sysmon/Operational,ict3214:attack_trace,PS-HOST-01,,,,C:\Windows\system32\DFSRs.exe,,,,,,,,HKLM\System\CurrentControlSet\Services\DFSR\Parameters\Replication Groups\194FB71A-2A2E-4F97-8266-02E138A28647\Config Source,DWORD (0x00000001),{E983936C-B3A0-6006-2B00-00000000A301},2256,,,,,,T1059.001,PowerShell,Execution,TRACE-PS-01,powershell,https://raw.githubusercontent.com/splunk/attack_data/master/datasets/attack_techniques/T1059.001/encoded_powershell/windows-sysmon.log,d2d9917e1b83aabb13d560399103486b9afebadba81d7aaf1e2f71cfa5f7b0d1,false,Execution,none,raw Computer/IpAddress/User fields,
2021-01-19T13:21:06.534+0000,2021-01-19T13:21:06.534+0000,13,Microsoft-Windows-Sysmon/Operational,ict3214:attack_trace,PS-HOST-01,,,,C:\Windows\system32\DFSRs.exe,,,,,,,,HKLM\System\CurrentControlSet\Services\DFSR\Parameters\Volumes\0C308890-0000-0000-0000-100000000000\Volume Configuration File,\\.\C:\System Volume Information\DFSR\Config\Volume_0C308890-0000-0000-0000-100000000000.XML,{E983936C-B3A0-6006-2B00-00000000A301},2256,,,,,,T1059.001,PowerShell,Execution,TRACE-PS-01,powershell,https://raw.githubusercontent.com/splunk/attack_data/master/datasets/attack_techniques/T1059.001/encoded_powershell/windows-sysmon.log,788e26d60247db06e105e99fdcfad749f07a3031f6b06078f88e688ddae16a24,false,Execution,none,raw Computer/IpAddress/User fields,
2021-01-19T13:21:19.612+0000,2021-01-19T13:21:19.612+0000,1,Microsoft-Windows-Sysmon/Operational,ict3214:attack_trace,PS-HOST-01,,,NT AUTHORITY\SYSTEM,C:\Program Files\SplunkUniversalForwarder\bin\splunk-MonitorNoHandle.exe,C:\Program Files\SplunkUniversalForwarder\bin\splunkd.exe,"""C:\Program Files\SplunkUniversalForwarder\bin\splunk-MonitorNoHandle.exe""",,,,,,,,{E983936C-DCCF-6006-6D09-00000000A301},6140,,,,,,T1059.001,PowerShell,Execution,TRACE-PS-01,powershell,https://raw.githubusercontent.com/splunk/attack_data/master/datasets/attack_techniques/T1059.001/encoded_powershell/windows-sysmon.log,9ece276f9da2da545e29fdbb6155ae02e4dc2a0d3562120c4c903f3899c11fb3,false,Execution,none,raw Computer/IpAddress/User fields,{E983936C-B438-6006-B400-00000000A301}
2021-01-19T13:21:19.612+0000,2021-01-19T13:21:19.612+0000,10,Microsoft-Windows-Sysmon/Operational,ict3214:attack_trace,PS-HOST-01,,,,,,,C:\Program Files\SplunkUniversalForwarder\bin\splunk-MonitorNoHandle.exe,C:\Program Files\SplunkUniversalForwarder\bin\splunkd.exe,0x1fffff,,,,,,,{E983936C-B438-6006-B400-00000000A301},4412,{E983936C-DCCF-6006-6D09-00000000A301},6140,,T1059.001,PowerShell,Execution,TRACE-PS-01,powershell,https://raw.githubusercontent.com/splunk/attack_data/master/datasets/attack_techniques/T1059.001/encoded_powershell/windows-sysmon.log,b524384f75aac3ff97ed39ec02c9325f1ca7c45438c5f0773df245d2401c7002,false,Execution,none,raw Computer/IpAddress/User fields,
2021-01-19T13:21:19.613+0000,2021-01-19T13:21:19.613+0000,10,Microsoft-Windows-Sysmon/Operational,ict3214:attack_trace,PS-HOST-01,,,,,,,C:\Windows\sysmon64.exe,C:\Windows\system32\svchost.exe,0x1400,,,,,,,{E983936C-B38F-6006-0C00-00000000A301},592,{E983936C-B3A0-6006-3100-00000000A301},2052,,T1059.001,PowerShell,Execution,TRACE-PS-01,powershell,https://raw.githubusercontent.com/splunk/attack_data/master/datasets/attack_techniques/T1059.001/encoded_powershell/windows-sysmon.log,05c573bc117dc2e3152cf5fae172745c0aa6c248d01dc911d5650d4852a78894,false,Execution,none,raw Computer/IpAddress/User fields,
2021-01-19T13:21:19.613+0000,2021-01-19T13:21:19.613+0000,10,Microsoft-Windows-Sysmon/Operational,ict3214:attack_trace,PS-HOST-01,,,,,,,C:\Windows\sysmon64.exe,C:\Windows\system32\svchost.exe,0x1400,,,,,,,{E983936C-B38F-6006-0C00-00000000A301},592,{E983936C-B3A0-6006-3100-00000000A301},2052,,T1059.001,PowerShell,Execution,TRACE-PS-01,powershell,https://raw.githubusercontent.com/splunk/attack_data/master/datasets/attack_techniques/T1059.001/encoded_powershell/windows-sysmon.log,6012bc11572b1defaee77bd6230f0a132750d7e0ada1f92c0b10d0cd48567431,false,Execution,none,raw Computer/IpAddress/User fields,
2021-01-19T13:21:19.613+0000,2021-01-19T13:21:19.613+0000,10,Microsoft-Windows-Sysmon/Operational,ict3214:attack_trace,PS-HOST-01,,,,,,,C:\Program Files\SplunkUniversalForwarder\bin\splunk-MonitorNoHandle.exe,C:\Windows\system32\csrss.exe,0x1fffff,,,,,,,{E983936C-B38D-6006-0500-00000000A301},636,{E983936C-DCCF-6006-6D09-00000000A301},6140,,T1059.001,PowerShell,Execution,TRACE-PS-01,powershell,https://raw.githubusercontent.com/splunk/attack_data/master/datasets/attack_techniques/T1059.001/encoded_powershell/windows-sysmon.log,9fa7c76c147cca26d2bbc525be008894944c0850e7da001ecea4955f01132944,false,Execution,none,raw Computer/IpAddress/User fields,
2021-01-19T13:21:19.613+0000,2021-01-19T13:21:19.613+0000,10,Microsoft-Windows-Sysmon/Operational,ict3214:attack_trace,PS-HOST-01,,,,,,,C:\Windows\sysmon64.exe,C:\Windows\system32\svchost.exe,0x1400,,,,,,,{E983936C-B38F-6006-0C00-00000000A301},592,{E983936C-B3A0-6006-3100-00000000A301},2052,,T1059.001,PowerShell,Execution,TRACE-PS-01,powershell,https://raw.githubusercontent.com/splunk/attack_data/master/datasets/attack_techniques/T1059.001/encoded_powershell/windows-sysmon.log,adcbe2f7a8947e81d36bb31354932046b012c9de49aa99caadc4eb6e4604bb54,false,Execution,none,raw Computer/IpAddress/User fields,
2021-01-19T13:21:19.613+0000,2021-01-19T13:21:19.613+0000,10,Microsoft-Windows-Sysmon/Operational,ict3214:attack_trace,PS-HOST-01,,,,,,,C:\Windows\sysmon64.exe,C:\Windows\system32\svchost.exe,0x1400,,,,,,,{E983936C-B38F-6006-0C00-00000000A301},592,{E983936C-B3A0-6006-3100-00000000A301},2052,,T1059.001,PowerShell,Execution,TRACE-PS-01,powershell,https://raw.githubusercontent.com/splunk/attack_data/master/datasets/attack_techniques/T1059.001/encoded_powershell/windows-sysmon.log,f5e3eba8725495a709e8c6fd19c48b8c1fa26b73485db99a7858ec60b2ddc437,false,Execution,none,raw Computer/IpAddress/User fields,
2021-01-19T13:21:19.614+0000,2021-01-19T13:21:19.614+0000,10,Microsoft-Windows-Sysmon/Operational,ict3214:attack_trace,PS-HOST-01,,,,,,,C:\Program Files\SplunkUniversalForwarder\bin\splunk-MonitorNoHandle.exe,C:\Windows\system32\conhost.exe,0x1fffff,,,,,,,{E983936C-B439-6006-B800-00000000A301},4284,{E983936C-DCCF-6006-6D09-00000000A301},6140,,T1059.001,PowerShell,Execution,TRACE-PS-01,powershell,https://raw.githubusercontent.com/splunk/attack_data/master/datasets/attack_techniques/T1059.001/encoded_powershell/windows-sysmon.log,d92a16bd73ff94dfafca7934874b48af8f1eba19e63bdb69cdcdbccc6d6aec8c,false,Execution,none,raw Computer/IpAddress/User fields,
2021-01-19T13:21:20.186+0000,2021-01-19T13:21:20.186+0000,10,Microsoft-Windows-Sysmon/Operational,ict3214:attack_trace,PS-HOST-01,,,,,,,C:\Windows\sysmon64.exe,C:\Windows\system32\svchost.exe,0x1400,,,,,,,{E983936C-B38F-6006-0C00-00000000A301},592,{E983936C-B3A0-6006-3100-00000000A301},2052,,T1059.001,PowerShell,Execution,TRACE-PS-01,powershell,https://raw.githubusercontent.com/splunk/attack_data/master/datasets/attack_techniques/T1059.001/encoded_powershell/windows-sysmon.log,01e13f66aba90137cfbf9f303d514cdd5484d7366d864b4c3c6b41e17247bcf7,false,Execution,none,raw Computer/IpAddress/User fields,
2021-01-19T13:21:20.186+0000,2021-01-19T13:21:20.186+0000,10,Microsoft-Windows-Sysmon/Operational,ict3214:attack_trace,PS-HOST-01,,,,,,,C:\Windows\sysmon64.exe,C:\Windows\system32\svchost.exe,0x1400,,,,,,,{E983936C-B38F-6006-0C00-00000000A301},592,{E983936C-B3A0-6006-3100-00000000A301},2052,,T1059.001,PowerShell,Execution,TRACE-PS-01,powershell,https://raw.githubusercontent.com/splunk/attack_data/master/datasets/attack_techniques/T1059.001/encoded_powershell/windows-sysmon.log,1f247450b3dbfaf8cf73ea998362d87f301245d20f93dd944205a22680edbecc,false,Execution,none,raw Computer/IpAddress/User fields,
2021-01-19T13:21:20.186+0000,2021-01-19T13:21:20.186+0000,1,Microsoft-Windows-Sysmon/Operational,ict3214:attack_trace,PS-HOST-01,,,NT AUTHORITY\SYSTEM,C:\Program Files\SplunkUniversalForwarder\bin\splunk-powershell.exe,C:\Program Files\SplunkUniversalForwarder\bin\splunkd.exe,"""C:\Program Files\SplunkUniversalForwarder\bin\splunk-powershell.exe""",,,,,,,,{E983936C-DCD0-6006-6E09-00000000A301},7460,,,,,,T1059.001,PowerShell,Execution,TRACE-PS-01,powershell,https://raw.githubusercontent.com/splunk/attack_data/master/datasets/attack_techniques/T1059.001/encoded_powershell/windows-sysmon.log,4b423e3d797dc1a1b7c4330ad6223edc13808e4809298adee9fa91b6c252b009,false,Execution,none,raw Computer/IpAddress/User fields,{E983936C-B438-6006-B400-00000000A301}
2021-01-19T13:21:20.186+0000,2021-01-19T13:21:20.186+0000,10,Microsoft-Windows-Sysmon/Operational,ict3214:attack_trace,PS-HOST-01,,,,,,,C:\Program Files\SplunkUniversalForwarder\bin\splunk-powershell.exe,C:\Windows\system32\csrss.exe,0x1fffff,,,,,,,{E983936C-B38D-6006-0500-00000000A301},636,{E983936C-DCD0-6006-6E09-00000000A301},7460,,T1059.001,PowerShell,Execution,TRACE-PS-01,powershell,https://raw.githubusercontent.com/splunk/attack_data/master/datasets/attack_techniques/T1059.001/encoded_powershell/windows-sysmon.log,620d21a1041509821984674ae024a7988c3b6259611e654d4106261c08f4b22f,false,Execution,none,raw Computer/IpAddress/User fields,
2021-01-19T13:21:20.186+0000,2021-01-19T13:21:20.186+0000,10,Microsoft-Windows-Sysmon/Operational,ict3214:attack_trace,PS-HOST-01,,,,,,,C:\Program Files\SplunkUniversalForwarder\bin\splunk-powershell.exe,C:\Program Files\SplunkUniversalForwarder\bin\splunkd.exe,0x1fffff,,,,,,,{E983936C-B438-6006-B400-00000000A301},4412,{E983936C-DCD0-6006-6E09-00000000A301},7460,,T1059.001,PowerShell,Execution,TRACE-PS-01,powershell,https://raw.githubusercontent.com/splunk/attack_data/master/datasets/attack_techniques/T1059.001/encoded_powershell/windows-sysmon.log,94d25d713a3f4341cd280d59d568470d092cd8681fc5f1a2bf45fd086cf402bc,false,Execution,none,raw Computer/IpAddress/User fields,
2021-01-19T13:21:20.186+0000,2021-01-19T13:21:20.186+0000,10,Microsoft-Windows-Sysmon/Operational,ict3214:attack_trace,PS-HOST-01,,,,,,,C:\Windows\sysmon64.exe,C:\Windows\system32\svchost.exe,0x1400,,,,,,,{E983936C-B38F-6006-0C00-00000000A301},592,{E983936C-B3A0-6006-3100-00000000A301},2052,,T1059.001,PowerShell,Execution,TRACE-PS-01,powershell,https://raw.githubusercontent.com/splunk/attack_data/master/datasets/attack_techniques/T1059.001/encoded_powershell/windows-sysmon.log,9c1b70292fbd220172f234e9ead853baa2527f4785c6dc0e74b367a136e46e9c,false,Execution,none,raw Computer/IpAddress/User fields,
2021-01-19T13:21:20.186+0000,2021-01-19T13:21:20.186+0000,10,Microsoft-Windows-Sysmon/Operational,ict3214:attack_trace,PS-HOST-01,,,,,,,C:\Windows\sysmon64.exe,C:\Windows\system32\svchost.exe,0x1400,,,,,,,{E983936C-B38F-6006-0C00-00000000A301},592,{E983936C-B3A0-6006-3100-00000000A301},2052,,T1059.001,PowerShell,Execution,TRACE-PS-01,powershell,https://raw.githubusercontent.com/splunk/attack_data/master/datasets/attack_techniques/T1059.001/encoded_powershell/windows-sysmon.log,c58ede590ccfefa4c6e00166fe906f17f2fdb4bebef89d273ed68790f45b99cd,false,Execution,none,raw Computer/IpAddress/User fields,
2021-01-19T13:21:20.187+0000,2021-01-19T13:21:20.187+0000,10,Microsoft-Windows-Sysmon/Operational,ict3214:attack_trace,PS-HOST-01,,,,,,,C:\Program Files\SplunkUniversalForwarder\bin\splunk-powershell.exe,C:\Windows\system32\conhost.exe,0x1fffff,,,,,,,{E983936C-B439-6006-B800-00000000A301},4284,{E983936C-DCD0-6006-6E09-00000000A301},7460,,T1059.001,PowerShell,Execution,TRACE-PS-01,powershell,https://raw.githubusercontent.com/splunk/attack_data/master/datasets/attack_techniques/T1059.001/encoded_powershell/windows-sysmon.log,5fde7cf2bc9d688823688fa78332fdff0ae23277543d642bf78ecb3cde2fba64,false,Execution,none,raw Computer/IpAddress/User fields,
2021-01-19T13:21:20.336+0000,2021-01-19T13:21:20.336+0000,10,Microsoft-Windows-Sysmon/Operational,ict3214:attack_trace,PS-HOST-01,,,,,,,C:\Program Files\SplunkUniversalForwarder\bin\splunkd.exe,C:\Program Files\SplunkUniversalForwarder\bin\splunk-powershell.exe,0x101400,,,,,,,{E983936C-DCD0-6006-6E09-00000000A301},7460,{E983936C-B438-6006-B400-00000000A301},4412,,T1059.001,PowerShell,Execution,TRACE-PS-01,powershell,https://raw.githubusercontent.com/splunk/attack_data/master/datasets/attack_techniques/T1059.001/encoded_powershell/windows-sysmon.log,ffb23adfd2aad0435bf7c826477a927879dd6948faeefe9df830241dff8c765f,false,Execution,none,raw Computer/IpAddress/User fields,
2021-01-19T13:21:20.775+0000,2021-01-19T13:21:20.775+0000,10,Microsoft-Windows-Sysmon/Operational,ict3214:attack_trace,PS-HOST-01,,,,,,,C:\Windows\sysmon64.exe,C:\Windows\system32\svchost.exe,0x1400,,,,,,,{E983936C-B38F-6006-0C00-00000000A301},592,{E983936C-B3A0-6006-3100-00000000A301},2052,,T1059.001,PowerShell,Execution,TRACE-PS-01,powershell,https://raw.githubusercontent.com/splunk/attack_data/master/datasets/attack_techniques/T1059.001/encoded_powershell/windows-sysmon.log,12e39c393cb7435bb56a2f8f9418ad34f8eff93996d5069583e090b8782b2167,false,Execution,none,raw Computer/IpAddress/User fields,
2021-01-19T13:21:20.775+0000,2021-01-19T13:21:20.775+0000,1,Microsoft-Windows-Sysmon/Operational,ict3214:attack_trace,PS-HOST-01,,,NT AUTHORITY\SYSTEM,C:\Program Files\SplunkUniversalForwarder\bin\splunk-powershell.exe,C:\Program Files\SplunkUniversalForwarder\bin\splunkd.exe,"""C:\Program Files\SplunkUniversalForwarder\bin\splunk-powershell.exe"" --ps2",,,,,,,,{E983936C-DCD0-6006-6F09-00000000A301},4960,,,,,,T1059.001,PowerShell,Execution,TRACE-PS-01,powershell,https://raw.githubusercontent.com/splunk/attack_data/master/datasets/attack_techniques/T1059.001/encoded_powershell/windows-sysmon.log,97e7ef13794fd78989b2d4d5950343724b8b5c1c49508c1467fc6812fd620e8c,false,Execution,none,raw Computer/IpAddress/User fields,{E983936C-B438-6006-B400-00000000A301}
2021-01-19T13:21:20.775+0000,2021-01-19T13:21:20.775+0000,10,Microsoft-Windows-Sysmon/Operational,ict3214:attack_trace,PS-HOST-01,,,,,,,C:\Program Files\SplunkUniversalForwarder\bin\splunk-powershell.exe,C:\Windows\system32\csrss.exe,0x1fffff,,,,,,,{E983936C-B38D-6006-0500-00000000A301},636,{E983936C-DCD0-6006-6F09-00000000A301},4960,,T1059.001,PowerShell,Execution,TRACE-PS-01,powershell,https://raw.githubusercontent.com/splunk/attack_data/master/datasets/attack_techniques/T1059.001/encoded_powershell/windows-sysmon.log,a6d76033bef8c5ef8ea1896cd557b01c0b5b7f13b9bc6ea32d7a86efdd6c9177,false,Execution,none,raw Computer/IpAddress/User fields,
2021-01-19T13:21:20.775+0000,2021-01-19T13:21:20.775+0000,10,Microsoft-Windows-Sysmon/Operational,ict3214:attack_trace,PS-HOST-01,,,,,,,C:\Windows\sysmon64.exe,C:\Windows\system32\svchost.exe,0x1400,,,,,,,{E983936C-B38F-6006-0C00-00000000A301},592,{E983936C-B3A0-6006-3100-00000000A301},2052,,T1059.001,PowerShell,Execution,TRACE-PS-01,powershell,https://raw.githubusercontent.com/splunk/attack_data/master/datasets/attack_techniques/T1059.001/encoded_powershell/windows-sysmon.log,b54b3b4b627bd17c91838cd2bf6c1c8c5880425d645c652251963f5555da705c,false,Execution,none,raw Computer/IpAddress/User fields,
2021-01-19T13:21:20.775+0000,2021-01-19T13:21:20.775+0000,10,Microsoft-Windows-Sysmon/Operational,ict3214:attack_trace,PS-HOST-01,,,,,,,C:\Program Files\SplunkUniversalForwarder\bin\splunk-powershell.exe,C:\Program Files\SplunkUniversalForwarder\bin\splunkd.exe,0x1fffff,,,,,,,{E983936C-B438-6006-B400-00000000A301},4412,{E983936C-DCD0-6006-6F09-00000000A301},4960,,T1059.001,PowerShell,Execution,TRACE-PS-01,powershell,https://raw.githubusercontent.com/splunk/attack_data/master/datasets/attack_techniques/T1059.001/encoded_powershell/windows-sysmon.log,caac35bdd722a7af020bd3cc5e850e5762c0251c46cd9fd464e7514a96766089,false,Execution,none,raw Computer/IpAddress/User fields,
2021-01-19T13:21:20.775+0000,2021-01-19T13:21:20.775+0000,10,Microsoft-Windows-Sysmon/Operational,ict3214:attack_trace,PS-HOST-01,,,,,,,C:\Windows\sysmon64.exe,C:\Windows\system32\svchost.exe,0x1400,,,,,,,{E983936C-B38F-6006-0C00-00000000A301},592,{E983936C-B3A0-6006-3100-00000000A301},2052,,T1059.001,PowerShell,Execution,TRACE-PS-01,powershell,https://raw.githubusercontent.com/splunk/attack_data/master/datasets/attack_techniques/T1059.001/encoded_powershell/windows-sysmon.log,e697597fa6f1292d59dbc02dc9200276d091a30be28c4f9baf85b7c617d3abfb,false,Execution,none,raw Computer/IpAddress/User fields,
2021-01-19T13:21:20.775+0000,2021-01-19T13:21:20.775+0000,10,Microsoft-Windows-Sysmon/Operational,ict3214:attack_trace,PS-HOST-01,,,,,,,C:\Windows\sysmon64.exe,C:\Windows\system32\svchost.exe,0x1400,,,,,,,{E983936C-B38F-6006-0C00-00000000A301},592,{E983936C-B3A0-6006-3100-00000000A301},2052,,T1059.001,PowerShell,Execution,TRACE-PS-01,powershell,https://raw.githubusercontent.com/splunk/attack_data/master/datasets/attack_techniques/T1059.001/encoded_powershell/windows-sysmon.log,ff1032096f8b050d2d3e31bd4dc1b72ab8cc1b9eb0f6153c1689b804b5e337b7,false,Execution,none,raw Computer/IpAddress/User fields,
2021-01-19T13:21:20.776+0000,2021-01-19T13:21:20.776+0000,10,Microsoft-Windows-Sysmon/Operational,ict3214:attack_trace,PS-HOST-01,,,,,,,C:\Program Files\SplunkUniversalForwarder\bin\splunk-powershell.exe,C:\Windows\system32\conhost.exe,0x1fffff,,,,,,,{E983936C-B439-6006-B800-00000000A301},4284,{E983936C-DCD0-6006-6F09-00000000A301},4960,,T1059.001,PowerShell,Execution,TRACE-PS-01,powershell,https://raw.githubusercontent.com/splunk/attack_data/master/datasets/attack_techniques/T1059.001/encoded_powershell/windows-sysmon.log,faa3f8e28229f2c7f5287f6affdcf0a9361a15192d9417ba817b8830325a9b33,false,Execution,none,raw Computer/IpAddress/User fields,
2021-01-19T13:21:20.926+0000,2021-01-19T13:21:20.926+0000,10,Microsoft-Windows-Sysmon/Operational,ict3214:attack_trace,PS-HOST-01,,,,,,,C:\Program Files\SplunkUniversalForwarder\bin\splunkd.exe,C:\Program Files\SplunkUniversalForwarder\bin\splunk-powershell.exe,0x101400,,,,,,,{E983936C-DCD0-6006-6F09-00000000A301},4960,{E983936C-B438-6006-B400-00000000A301},4412,,T1059.001,PowerShell,Execution,TRACE-PS-01,powershell,https://raw.githubusercontent.com/splunk/attack_data/master/datasets/attack_techniques/T1059.001/encoded_powershell/windows-sysmon.log,a6d7b612faf7651e951c63fbe7eb128a1c2b7fdfea3a79e6b0b67cfe384d1cea,false,Execution,none,raw Computer/IpAddress/User fields,
2021-01-19T13:21:21.350+0000,2021-01-19T13:21:21.350+0000,10,Microsoft-Windows-Sysmon/Operational,ict3214:attack_trace,PS-HOST-01,,,,,,,C:\Program Files\SplunkUniversalForwarder\bin\splunk-regmon.exe,C:\Program Files\SplunkUniversalForwarder\bin\splunkd.exe,0x1fffff,,,,,,,{E983936C-B438-6006-B400-00000000A301},4412,{E983936C-DCD1-6006-7009-00000000A301},7872,,T1059.001,PowerShell,Execution,TRACE-PS-01,powershell,https://raw.githubusercontent.com/splunk/attack_data/master/datasets/attack_techniques/T1059.001/encoded_powershell/windows-sysmon.log,016609fe0a501a719c258690f72c2b5354cdb212f93bcb18c078aad1a21cd11b,false,Execution,none,raw Computer/IpAddress/User fields,
2021-01-19T13:21:21.350+0000,2021-01-19T13:21:21.350+0000,10,Microsoft-Windows-Sysmon/Operational,ict3214:attack_trace,PS-HOST-01,,,,,,,C:\Windows\sysmon64.exe,C:\Windows\system32\svchost.exe,0x1400,,,,,,,{E983936C-B38F-6006-0C00-00000000A301},592,{E983936C-B3A0-6006-3100-00000000A301},2052,,T1059.001,PowerShell,Execution,TRACE-PS-01,powershell,https://raw.githubusercontent.com/splunk/attack_data/master/datasets/attack_techniques/T1059.001/encoded_powershell/windows-sysmon.log,101bfe25e6ad81d2467b778966dd7bababf0940d7e83a5336f81fe900d161c87,false,Execution,none,raw Computer/IpAddress/User fields,
2021-01-19T13:21:21.350+0000,2021-01-19T13:21:21.350+0000,10,Microsoft-Windows-Sysmon/Operational,ict3214:attack_trace,PS-HOST-01,,,,,,,C:\Program Files\SplunkUniversalForwarder\bin\splunk-regmon.exe,C:\Windows\system32\csrss.exe,0x1fffff,,,,,,,{E983936C-B38D-6006-0500-00000000A301},636,{E983936C-DCD1-6006-7009-00000000A301},7872,,T1059.001,PowerShell,Execution,TRACE-PS-01,powershell,https://raw.githubusercontent.com/splunk/attack_data/master/datasets/attack_techniques/T1059.001/encoded_powershell/windows-sysmon.log,2ec9b25b3825873582ff8c4daa2700dfd252b67d735ab2235ee38086c72fbff0,false,Execution,none,raw Computer/IpAddress/User fields,
2021-01-19T13:21:21.350+0000,2021-01-19T13:21:21.350+0000,10,Microsoft-Windows-Sysmon/Operational,ict3214:attack_trace,PS-HOST-01,,,,,,,C:\Windows\sysmon64.exe,C:\Windows\system32\svchost.exe,0x1400,,,,,,,{E983936C-B38F-6006-0C00-00000000A301},592,{E983936C-B3A0-6006-3100-00000000A301},2052,,T1059.001,PowerShell,Execution,TRACE-PS-01,powershell,https://raw.githubusercontent.com/splunk/attack_data/master/datasets/attack_techniques/T1059.001/encoded_powershell/windows-sysmon.log,5fece026a97e9ee46365af852d34471742c27d0a4c3fd636611d7e5624abc83c,false,Execution,none,raw Computer/IpAddress/User fields,
2021-01-19T13:21:21.350+0000,2021-01-19T13:21:21.350+0000,10,Microsoft-Windows-Sysmon/Operational,ict3214:attack_trace,PS-HOST-01,,,,,,,C:\Windows\sysmon64.exe,C:\Windows\system32\svchost.exe,0x1400,,,,,,,{E983936C-B38F-6006-0C00-00000000A301},592,{E983936C-B3A0-6006-3100-00000000A301},2052,,T1059.001,PowerShell,Execution,TRACE-PS-01,powershell,https://raw.githubusercontent.com/splunk/attack_data/master/datasets/attack_techniques/T1059.001/encoded_powershell/windows-sysmon.log,6b34aa6b5dd0c4d2e2af36453393bdedb0cce43b327e369e02711d12cd01ce55,false,Execution,none,raw Computer/IpAddress/User fields,
2021-01-19T13:21:21.350+0000,2021-01-19T13:21:21.350+0000,10,Microsoft-Windows-Sysmon/Operational,ict3214:attack_trace,PS-HOST-01,,,,,,,C:\Windows\sysmon64.exe,C:\Windows\system32\svchost.exe,0x1400,,,,,,,{E983936C-B38F-6006-0C00-00000000A301},592,{E983936C-B3A0-6006-3100-00000000A301},2052,,T1059.001,PowerShell,Execution,TRACE-PS-01,powershell,https://raw.githubusercontent.com/splunk/attack_data/master/datasets/attack_techniques/T1059.001/encoded_powershell/windows-sysmon.log,796334cc4b44a4a518b2582cdcc3d29f72796aeb970adc6c4c104c1525ddd17d,false,Execution,none,raw Computer/IpAddress/User fields,
2021-01-19T13:21:21.350+0000,2021-01-19T13:21:21.350+0000,1,Microsoft-Windows-Sysmon/Operational,ict3214:attack_trace,PS-HOST-01,,,NT AUTHORITY\SYSTEM,C:\Program Files\SplunkUniversalForwarder\bin\splunk-regmon.exe,C:\Program Files\SplunkUniversalForwarder\bin\splunkd.exe,"""C:\Program Files\SplunkUniversalForwarder\bin\splunk-regmon.exe""",,,,,,,,{E983936C-DCD1-6006-7009-00000000A301},7872,,,,,,T1059.001,PowerShell,Execution,TRACE-PS-01,powershell,https://raw.githubusercontent.com/splunk/attack_data/master/datasets/attack_techniques/T1059.001/encoded_powershell/windows-sysmon.log,881a0182a61b3ac0af046850a57434ac69dc26cc5e51b7f4809fa2fcaa2f230f,false,Execution,none,raw Computer/IpAddress/User fields,{E983936C-B438-6006-B400-00000000A301}
2021-01-19T13:21:21.351+0000,2021-01-19T13:21:21.351+0000,10,Microsoft-Windows-Sysmon/Operational,ict3214:attack_trace,PS-HOST-01,,,,,,,C:\Program Files\SplunkUniversalForwarder\bin\splunk-regmon.exe,C:\Windows\system32\conhost.exe,0x1fffff,,,,,,,{E983936C-B439-6006-B800-00000000A301},4284,{E983936C-DCD1-6006-7009-00000000A301},7872,,T1059.001,PowerShell,Execution,TRACE-PS-01,powershell,https://raw.githubusercontent.com/splunk/attack_data/master/datasets/attack_techniques/T1059.001/encoded_powershell/windows-sysmon.log,fe11ec4f6783a5ae6c037c0df1fe8634c4c18fb152010826b5338e698faf995b,false,Execution,none,raw Computer/IpAddress/User fields,
2021-01-19T13:21:21.453+0000,2021-01-19T13:21:21.453+0000,10,Microsoft-Windows-Sysmon/Operational,ict3214:attack_trace,PS-HOST-01,,,,,,,C:\Windows\Explorer.EXE,C:\Windows\system32\svchost.exe,0x1000,,,,,,,{E983936C-B38F-6006-0D00-00000000A301},992,{E983936C-CCDD-6006-4607-00000000A301},5080,,T1059.001,PowerShell,Execution,TRACE-PS-01,powershell,https://raw.githubusercontent.com/splunk/attack_data/master/datasets/attack_techniques/T1059.001/encoded_powershell/windows-sysmon.log,06ed3d5c1d58e32271e818e67d37e7632a2b2a3e463da72c098e9d70da66d6d3,false,Execution,none,raw Computer/IpAddress/User fields,
2021-01-19T13:21:21.453+0000,2021-01-19T13:21:21.453+0000,10,Microsoft-Windows-Sysmon/Operational,ict3214:attack_trace,PS-HOST-01,,,,,,,C:\Windows\Explorer.EXE,C:\Windows\system32\svchost.exe,0x1000,,,,,,,{E983936C-B38F-6006-0D00-00000000A301},992,{E983936C-CCDD-6006-4607-00000000A301},5080,,T1059.001,PowerShell,Execution,TRACE-PS-01,powershell,https://raw.githubusercontent.com/splunk/attack_data/master/datasets/attack_techniques/T1059.001/encoded_powershell/windows-sysmon.log,3ea2e788ea33b7774d497ea689ef5e08fd712947e9ee81961ac77df03ac2afc1,false,Execution,none,raw Computer/IpAddress/User fields,
2021-01-19T13:21:21.453+0000,2021-01-19T13:21:21.453+0000,10,Microsoft-Windows-Sysmon/Operational,ict3214:attack_trace,PS-HOST-01,,,,,,,C:\Windows\Explorer.EXE,C:\Windows\system32\svchost.exe,0x1000,,,,,,,{E983936C-B38F-6006-0D00-00000000A301},992,{E983936C-CCDD-6006-4607-00000000A301},5080,,T1059.001,PowerShell,Execution,TRACE-PS-01,powershell,https://raw.githubusercontent.com/splunk/attack_data/master/datasets/attack_techniques/T1059.001/encoded_powershell/windows-sysmon.log,47c7f8526afcc9ce486b58dd8c520b9b9ddefdeda4155cd701cc7bf5166ea116,false,Execution,none,raw Computer/IpAddress/User fields,
2021-01-19T13:21:21.453+0000,2021-01-19T13:21:21.453+0000,10,Microsoft-Windows-Sysmon/Operational,ict3214:attack_trace,PS-HOST-01,,,,,,,C:\Windows\Explorer.EXE,C:\Windows\system32\svchost.exe,0x1000,,,,,,,{E983936C-B38F-6006-0D00-00000000A301},992,{E983936C-CCDD-6006-4607-00000000A301},5080,,T1059.001,PowerShell,Execution,TRACE-PS-01,powershell,https://raw.githubusercontent.com/splunk/attack_data/master/datasets/attack_techniques/T1059.001/encoded_powershell/windows-sysmon.log,4f3f2025f9b9e125e6ec05458008c7206524ca34f3214747c26a0c1ec93ee9fd,false,Execution,none,raw Computer/IpAddress/User fields,
2021-01-19T13:21:21.453+0000,2021-01-19T13:21:21.453+0000,10,Microsoft-Windows-Sysmon/Operational,ict3214:attack_trace,PS-HOST-01,,,,,,,C:\Windows\Explorer.EXE,C:\Windows\system32\svchost.exe,0x1000,,,,,,,{E983936C-B38F-6006-0D00-00000000A301},992,{E983936C-CCDD-6006-4607-00000000A301},5080,,T1059.001,PowerShell,Execution,TRACE-PS-01,powershell,https://raw.githubusercontent.com/splunk/attack_data/master/datasets/attack_techniques/T1059.001/encoded_powershell/windows-sysmon.log,5b97390a915bca9edbdc8e82398c37843b9ed51e1402cc0b6a7d8695d4c3332d,false,Execution,none,raw Computer/IpAddress/User fields,
2021-01-19T13:21:21.453+0000,2021-01-19T13:21:21.453+0000,10,Microsoft-Windows-Sysmon/Operational,ict3214:attack_trace,PS-HOST-01,,,,,,,C:\Windows\Explorer.EXE,C:\Windows\system32\svchost.exe,0x1000,,,,,,,{E983936C-B38F-6006-0D00-00000000A301},992,{E983936C-CCDD-6006-4607-00000000A301},5080,,T1059.001,PowerShell,Execution,TRACE-PS-01,powershell,https://raw.githubusercontent.com/splunk/attack_data/master/datasets/attack_techniques/T1059.001/encoded_powershell/windows-sysmon.log,7d4f8d1ceafd48ec28d6cb4f27af8f6f4c21ac76ca18524f2cbcd62d8de269af,false,Execution,none,raw Computer/IpAddress/User fields,
2021-01-19T13:21:21.453+0000,2021-01-19T13:21:21.453+0000,10,Microsoft-Windows-Sysmon/Operational,ict3214:attack_trace,PS-HOST-01,,,,,,,C:\Windows\Explorer.EXE,C:\Windows\system32\svchost.exe,0x1000,,,,,,,{E983936C-B38F-6006-0D00-00000000A301},992,{E983936C-CCDD-6006-4607-00000000A301},5080,,T1059.001,PowerShell,Execution,TRACE-PS-01,powershell,https://raw.githubusercontent.com/splunk/attack_data/master/datasets/attack_techniques/T1059.001/encoded_powershell/windows-sysmon.log,97e7ea0dafea47f8941b9d84fd1a1d3ba55ab6b0db7d7b3fea80f729bdccbd72,false,Execution,none,raw Computer/IpAddress/User fields,
2021-01-19T13:21:21.454+0000,2021-01-19T13:21:21.454+0000,10,Microsoft-Windows-Sysmon/Operational,ict3214:attack_trace,PS-HOST-01,,,,,,,C:\Windows\Explorer.EXE,C:\Windows\system32\svchost.exe,0x1000,,,,,,,{E983936C-B38F-6006-0D00-00000000A301},992,{E983936C-CCDD-6006-4607-00000000A301},5080,,T1059.001,PowerShell,Execution,TRACE-PS-01,powershell,https://raw.githubusercontent.com/splunk/attack_data/master/datasets/attack_techniques/T1059.001/encoded_powershell/windows-sysmon.log,17dbbf7f698c52fb8734b1f7eb572744757d4f1515c2bd0e5e4a830e054dab88,false,Execution,none,raw Computer/IpAddress/User fields,
2021-01-19T13:21:21.454+0000,2021-01-19T13:21:21.454+0000,10,Microsoft-Windows-Sysmon/Operational,ict3214:attack_trace,PS-HOST-01,,,,,,,C:\Windows\Explorer.EXE,C:\Windows\system32\svchost.exe,0x1000,,,,,,,{E983936C-B38F-6006-0D00-00000000A301},992,{E983936C-CCDD-6006-4607-00000000A301},5080,,T1059.001,PowerShell,Execution,TRACE-PS-01,powershell,https://raw.githubusercontent.com/splunk/attack_data/master/datasets/attack_techniques/T1059.001/encoded_powershell/windows-sysmon.log,260f2e6c765b52ae319862ae6f25f99e133370d358e7fde57bcbdd2173eb0bf3,false,Execution,none,raw Computer/IpAddress/User fields,
2021-01-19T13:21:21.454+0000,2021-01-19T13:21:21.454+0000,10,Microsoft-Windows-Sysmon/Operational,ict3214:attack_trace,PS-HOST-01,,,,,,,C:\Windows\SystemApps\Microsoft.Windows.Cortana_cw5n1h2txyewy\SearchUI.exe,C:\Windows\system32\svchost.exe,0x1000,,,,,,,{E983936C-B38F-6006-0D00-00000000A301},992,{E983936C-CCEC-6006-5C07-00000000A301},5768,,T1059.001,PowerShell,Execution,TRACE-PS-01,powershell,https://raw.githubusercontent.com/splunk/attack_data/master/datasets/attack_techniques/T1059.001/encoded_powershell/windows-sysmon.log,2eb6edce103b92ce2e0fc193f61edf0079fb13b519d8a3a8c3a23680a14827de,false,Execution,none,raw Computer/IpAddress/User fields,
2021-01-19T13:21:21.454+0000,2021-01-19T13:21:21.454+0000,10,Microsoft-Windows-Sysmon/Operational,ict3214:attack_trace,PS-HOST-01,,,,,,,C:\Windows\SystemApps\Microsoft.Windows.Cortana_cw5n1h2txyewy\SearchUI.exe,C:\Windows\system32\svchost.exe,0x1000,,,,,,,{E983936C-B38F-6006-0D00-00000000A301},992,{E983936C-CCEC-6006-5C07-00000000A301},5768,,T1059.001,PowerShell,Execution,TRACE-PS-01,powershell,https://raw.githubusercontent.com/splunk/attack_data/master/datasets/attack_techniques/T1059.001/encoded_powershell/windows-sysmon.log,341b6fa48824f730984de9d75b52c41fa0d7d0fdc0f8cfe60e373faca25db4f9,false,Execution,none,raw Computer/IpAddress/User fields,
2021-01-19T13:21:21.454+0000,2021-01-19T13:21:21.454+0000,10,Microsoft-Windows-Sysmon/Operational,ict3214:attack_trace,PS-HOST-01,,,,,,,C:\Windows\Explorer.EXE,C:\Windows\system32\svchost.exe,0x1000,,,,,,,{E983936C-B38F-6006-0D00-00000000A301},992,{E983936C-CCDD-6006-4607-00000000A301},5080,,T1059.001,PowerShell,Execution,TRACE-PS-01,powershell,https://raw.githubusercontent.com/splunk/attack_data/master/datasets/attack_techniques/T1059.001/encoded_powershell/windows-sysmon.log,68e55a94ab683f515939f20fc52b7ff0072397c3e2bdb4b7a7ec7a0f13802cda,false,Execution,none,raw Computer/IpAddress/User fields,
2021-01-19T13:21:21.454+0000,2021-01-19T13:21:21.454+0000,10,Microsoft-Windows-Sysmon/Operational,ict3214:attack_trace,PS-HOST-01,,,,,,,C:\Windows\Explorer.EXE,C:\Windows\system32\svchost.exe,0x1000,,,,,,,{E983936C-B38F-6006-0D00-00000000A301},992,{E983936C-CCDD-6006-4607-00000000A301},5080,,T1059.001,PowerShell,Execution,TRACE-PS-01,powershell,https://raw.githubusercontent.com/splunk/attack_data/master/datasets/attack_techniques/T1059.001/encoded_powershell/windows-sysmon.log,80dcecf783f1b972313360c94f9e6122de5eba03e38629aa82a951d388f0c3f9,false,Execution,none,raw Computer/IpAddress/User fields,
2021-01-19T13:21:21.454+0000,2021-01-19T13:21:21.454+0000,10,Microsoft-Windows-Sysmon/Operational,ict3214:attack_trace,PS-HOST-01,,,,,,,C:\Windows\Explorer.EXE,C:\Windows\system32\svchost.exe,0x1000,,,,,,,{E983936C-B38F-6006-0D00-00000000A301},992,{E983936C-CCDD-6006-4607-00000000A301},5080,,T1059.001,PowerShell,Execution,TRACE-PS-01,powershell,https://raw.githubusercontent.com/splunk/attack_data/master/datasets/attack_techniques/T1059.001/encoded_powershell/windows-sysmon.log,81a878488fdfc7394c30da9ae5939821f56ea0e2b81a4816fcdb28d2e03cf28a,false,Execution,none,raw Computer/IpAddress/User fields,
2021-01-19T13:21:21.454+0000,2021-01-19T13:21:21.454+0000,10,Microsoft-Windows-Sysmon/Operational,ict3214:attack_trace,PS-HOST-01,,,,,,,C:\Windows\SystemApps\ShellExperienceHost_cw5n1h2txyewy\ShellExperienceHost.exe,C:\Windows\system32\svchost.exe,0x1000,,,,,,,{E983936C-B38F-6006-0D00-00000000A301},992,{E983936C-CCEA-6006-5B07-00000000A301},5624,,T1059.001,PowerShell,Execution,TRACE-PS-01,powershell,https://raw.githubusercontent.com/splunk/attack_data/master/datasets/attack_techniques/T1059.001/encoded_powershell/windows-sysmon.log,8d6686b6d17e177aa7efbffda9c18501c5892519e29ec2dbe921c66eabbbe584,false,Execution,none,raw Computer/IpAddress/User fields,
2021-01-19T13:21:21.454+0000,2021-01-19T13:21:21.454+0000,10,Microsoft-Windows-Sysmon/Operational,ict3214:attack_trace,PS-HOST-01,,,,,,,C:\Windows\SystemApps\ShellExperienceHost_cw5n1h2txyewy\ShellExperienceHost.exe,C:\Windows\system32\svchost.exe,0x1000,,,,,,,{E983936C-B38F-6006-0D00-00000000A301},992,{E983936C-CCEA-6006-5B07-00000000A301},5624,,T1059.001,PowerShell,Execution,TRACE-PS-01,powershell,https://raw.githubusercontent.com/splunk/attack_data/master/datasets/attack_techniques/T1059.001/encoded_powershell/windows-sysmon.log,948df83874dc24ba75663e0512769036d83b9f9cdbeb123c32eb1082ea0fc2a8,false,Execution,none,raw Computer/IpAddress/User fields,
2021-01-19T13:21:21.454+0000,2021-01-19T13:21:21.454+0000,10,Microsoft-Windows-Sysmon/Operational,ict3214:attack_trace,PS-HOST-01,,,,,,,C:\Windows\Explorer.EXE,C:\Windows\system32\svchost.exe,0x1000,,,,,,,{E983936C-B38F-6006-0D00-00000000A301},992,{E983936C-CCDD-6006-4607-00000000A301},5080,,T1059.001,PowerShell,Execution,TRACE-PS-01,powershell,https://raw.githubusercontent.com/splunk/attack_data/master/datasets/attack_techniques/T1059.001/encoded_powershell/windows-sysmon.log,a8a0ad4e5de49e7eb77466108e7cf357a654ebecb3c6081be6a19e44d4883ad0,false,Execution,none,raw Computer/IpAddress/User fields,
2021-01-19T13:21:21.454+0000,2021-01-19T13:21:21.454+0000,10,Microsoft-Windows-Sysmon/Operational,ict3214:attack_trace,PS-HOST-01,,,,,,,C:\Windows\SystemApps\ShellExperienceHost_cw5n1h2txyewy\ShellExperienceHost.exe,C:\Windows\system32\svchost.exe,0x1000,,,,,,,{E983936C-B38F-6006-0D00-00000000A301},992,{E983936C-CCEA-6006-5B07-00000000A301},5624,,T1059.001,PowerShell,Execution,TRACE-PS-01,powershell,https://raw.githubusercontent.com/splunk/attack_data/master/datasets/attack_techniques/T1059.001/encoded_powershell/windows-sysmon.log,b15573d2de032c2c4045151da7abac262cde2e4a520754e092f0a02627944d0d,false,Execution,none,raw Computer/IpAddress/User fields,
2021-01-19T13:21:21.454+0000,2021-01-19T13:21:21.454+0000,10,Microsoft-Windows-Sysmon/Operational,ict3214:attack_trace,PS-HOST-01,,,,,,,C:\Windows\SystemApps\ShellExperienceHost_cw5n1h2txyewy\ShellExperienceHost.exe,C:\Windows\system32\svchost.exe,0x1000,,,,,,,{E983936C-B38F-6006-0D00-00000000A301},992,{E983936C-CCEA-6006-5B07-00000000A301},5624,,T1059.001,PowerShell,Execution,TRACE-PS-01,powershell,https://raw.githubusercontent.com/splunk/attack_data/master/datasets/attack_techniques/T1059.001/encoded_powershell/windows-sysmon.log,b341f44a2f27b7e6efd88d1e6ba507f5cce0058756f5acb829c43b6589307791,false,Execution,none,raw Computer/IpAddress/User fields,
2021-01-19T13:21:21.454+0000,2021-01-19T13:21:21.454+0000,10,Microsoft-Windows-Sysmon/Operational,ict3214:attack_trace,PS-HOST-01,,,,,,,C:\Windows\Explorer.EXE,C:\Windows\system32\svchost.exe,0x1000,,,,,,,{E983936C-B38F-6006-0D00-00000000A301},992,{E983936C-CCDD-6006-4607-00000000A301},5080,,T1059.001,PowerShell,Execution,TRACE-PS-01,powershell,https://raw.githubusercontent.com/splunk/attack_data/master/datasets/attack_techniques/T1059.001/encoded_powershell/windows-sysmon.log,d70f839c1ec462b50b1b0c3e678da2519de822112afeb8d954402875a607b952,false,Execution,none,raw Computer/IpAddress/User fields,
2021-01-19T13:21:21.454+0000,2021-01-19T13:21:21.454+0000,10,Microsoft-Windows-Sysmon/Operational,ict3214:attack_trace,PS-HOST-01,,,,,,,C:\Windows\SystemApps\ShellExperienceHost_cw5n1h2txyewy\ShellExperienceHost.exe,C:\Windows\system32\svchost.exe,0x1000,,,,,,,{E983936C-B38F-6006-0D00-00000000A301},992,{E983936C-CCEA-6006-5B07-00000000A301},5624,,T1059.001,PowerShell,Execution,TRACE-PS-01,powershell,https://raw.githubusercontent.com/splunk/attack_data/master/datasets/attack_techniques/T1059.001/encoded_powershell/windows-sysmon.log,dca8507d42a5fc9729415540adb4964670c3644359fc176ba00ef5156e094d43,false,Execution,none,raw Computer/IpAddress/User fields,
2021-01-19T13:21:21.454+0000,2021-01-19T13:21:21.454+0000,10,Microsoft-Windows-Sysmon/Operational,ict3214:attack_trace,PS-HOST-01,,,,,,,C:\Windows\SystemApps\ShellExperienceHost_cw5n1h2txyewy\ShellExperienceHost.exe,C:\Windows\system32\svchost.exe,0x1000,,,,,,,{E983936C-B38F-6006-0D00-00000000A301},992,{E983936C-CCEA-6006-5B07-00000000A301},5624,,T1059.001,PowerShell,Execution,TRACE-PS-01,powershell,https://raw.githubusercontent.com/splunk/attack_data/master/datasets/attack_techniques/T1059.001/encoded_powershell/windows-sysmon.log,f0f460fbb1989c9c5a1bd73e24206068b7e4ce813a145d9bb22a98111c8394df,false,Execution,none,raw Computer/IpAddress/User fields,
2021-01-19T13:21:21.454+0000,2021-01-19T13:21:21.454+0000,10,Microsoft-Windows-Sysmon/Operational,ict3214:attack_trace,PS-HOST-01,,,,,,,C:\Windows\SystemApps\Microsoft.Windows.Cortana_cw5n1h2txyewy\SearchUI.exe,C:\Windows\system32\svchost.exe,0x1000,,,,,,,{E983936C-B38F-6006-0D00-00000000A301},992,{E983936C-CCEC-6006-5C07-00000000A301},5768,,T1059.001,PowerShell,Execution,TRACE-PS-01,powershell,https://raw.githubusercontent.com/splunk/attack_data/master/datasets/attack_techniques/T1059.001/encoded_powershell/windows-sysmon.log,fae8c2274774aa83399d6f62f0a900541ebe45fd149ee60793b19c0ceb13bcbc,false,Execution,none,raw Computer/IpAddress/User fields,
2021-01-19T13:21:21.455+0000,2021-01-19T13:21:21.455+0000,10,Microsoft-Windows-Sysmon/Operational,ict3214:attack_trace,PS-HOST-01,,,,,,,C:\Windows\SystemApps\ShellExperienceHost_cw5n1h2txyewy\ShellExperienceHost.exe,C:\Windows\system32\svchost.exe,0x1000,,,,,,,{E983936C-B38F-6006-0D00-00000000A301},992,{E983936C-CCEA-6006-5B07-00000000A301},5624,,T1059.001,PowerShell,Execution,TRACE-PS-01,powershell,https://raw.githubusercontent.com/splunk/attack_data/master/datasets/attack_techniques/T1059.001/encoded_powershell/windows-sysmon.log,0d615912101fab85976f90ff3a7fcc8d5168ed2c6996f04ec3e9ab517ca7c379,false,Execution,none,raw Computer/IpAddress/User fields,
2021-01-19T13:21:21.455+0000,2021-01-19T13:21:21.455+0000,10,Microsoft-Windows-Sysmon/Operational,ict3214:attack_trace,PS-HOST-01,,,,,,,C:\Windows\SystemApps\ShellExperienceHost_cw5n1h2txyewy\ShellExperienceHost.exe,C:\Windows\system32\svchost.exe,0x1000,,,,,,,{E983936C-B38F-6006-0D00-00000000A301},992,{E983936C-CCEA-6006-5B07-00000000A301},5624,,T1059.001,PowerShell,Execution,TRACE-PS-01,powershell,https://raw.githubusercontent.com/splunk/attack_data/master/datasets/attack_techniques/T1059.001/encoded_powershell/windows-sysmon.log,b37d21a922d1735b2efceb42fbc42b6a927a15e4d158bee97361f63731e2ceb6,false,Execution,none,raw Computer/IpAddress/User fields,
2021-01-19T13:21:21.514+0000,2021-01-19T13:21:21.514+0000,10,Microsoft-Windows-Sysmon/Operational,ict3214:attack_trace,PS-HOST-01,,,,,,,C:\Program Files\SplunkUniversalForwarder\bin\splunkd.exe,C:\Program Files\SplunkUniversalForwarder\bin\splunk-regmon.exe,0x101400,,,,,,,{E983936C-DCD1-6006-7009-00000000A301},7872,{E983936C-B438-6006-B400-00000000A301},4412,,T1059.001,PowerShell,Execution,TRACE-PS-01,powershell,https://raw.githubusercontent.com/splunk/attack_data/master/datasets/attack_techniques/T1059.001/encoded_powershell/windows-sysmon.log,be5fa7392e96a6ac5929cba593633805a2425c98d584209a3cd4e48545147058,false,Execution,none,raw Computer/IpAddress/User fields,
2021-01-19T13:21:23.365+0000,2021-01-19T13:21:23.365+0000,10,Microsoft-Windows-Sysmon/Operational,ict3214:attack_trace,PS-HOST-01,,,,,,,C:\Windows\sysmon64.exe,C:\Windows\system32\svchost.exe,0x1400,,,,,,,{E983936C-B38F-6006-0C00-00000000A301},592,{E983936C-B3A0-6006-3100-00000000A301},2052,,T1059.001,PowerShell,Execution,TRACE-PS-01,powershell,https://raw.githubusercontent.com/splunk/attack_data/master/datasets/attack_techniques/T1059.001/encoded_powershell/windows-sysmon.log,2b0038bf96a24d51764be266cab82783302e52f0918e1d52e57d53e16b2f0a06,false,Execution,none,raw Computer/IpAddress/User fields,
2021-01-19T13:21:23.365+0000,2021-01-19T13:21:23.365+0000,1,Microsoft-Windows-Sysmon/Operational,ict3214:attack_trace,PS-HOST-01,,,NT AUTHORITY\SYSTEM,C:\Program Files\SplunkUniversalForwarder\bin\splunk-admon.exe,C:\Program Files\SplunkUniversalForwarder\bin\splunkd.exe,"""C:\Program Files\SplunkUniversalForwarder\bin\splunk-admon.exe""",,,,,,,,{E983936C-DCD3-6006-7109-00000000A301},3544,,,,,,T1059.001,PowerShell,Execution,TRACE-PS-01,powershell,https://raw.githubusercontent.com/splunk/attack_data/master/datasets/attack_techniques/T1059.001/encoded_powershell/windows-sysmon.log,641b493c1eee4dbe6399780f09393afe161abddb01c5eb56d3b62c720239be83,false,Execution,none,raw Computer/IpAddress/User fields,{E983936C-B438-6006-B400-00000000A301}
2021-01-19T13:21:23.365+0000,2021-01-19T13:21:23.365+0000,10,Microsoft-Windows-Sysmon/Operational,ict3214:attack_trace,PS-HOST-01,,,,,,,C:\Program Files\SplunkUniversalForwarder\bin\splunk-admon.exe,C:\Program Files\SplunkUniversalForwarder\bin\splunkd.exe,0x1fffff,,,,,,,{E983936C-B438-6006-B400-00000000A301},4412,{E983936C-DCD3-6006-7109-00000000A301},3544,,T1059.001,PowerShell,Execution,TRACE-PS-01,powershell,https://raw.githubusercontent.com/splunk/attack_data/master/datasets/attack_techniques/T1059.001/encoded_powershell/windows-sysmon.log,6751b203afdb45516826204136e69af915182177655fab8dfa9b4e9e7a97abd0,false,Execution,none,raw Computer/IpAddress/User fields,
2021-01-19T13:21:23.365+0000,2021-01-19T13:21:23.365+0000,10,Microsoft-Windows-Sysmon/Operational,ict3214:attack_trace,PS-HOST-01,,,,,,,C:\Windows\sysmon64.exe,C:\Windows\system32\svchost.exe,0x1400,,,,,,,{E983936C-B38F-6006-0C00-00000000A301},592,{E983936C-B3A0-6006-3100-00000000A301},2052,,T1059.001,PowerShell,Execution,TRACE-PS-01,powershell,https://raw.githubusercontent.com/splunk/attack_data/master/datasets/attack_techniques/T1059.001/encoded_powershell/windows-sysmon.log,a6c8528372228dbf39580cac4404b83d42a07faed5f8e0d7316130f2514b3d8e,false,Execution,none,raw Computer/IpAddress/User fields,
2021-01-19T13:21:23.365+0000,2021-01-19T13:21:23.365+0000,10,Microsoft-Windows-Sysmon/Operational,ict3214:attack_trace,PS-HOST-01,,,,,,,C:\Windows\sysmon64.exe,C:\Windows\system32\svchost.exe,0x1400,,,,,,,{E983936C-B38F-6006-0C00-00000000A301},592,{E983936C-B3A0-6006-3100-00000000A301},2052,,T1059.001,PowerShell,Execution,TRACE-PS-01,powershell,https://raw.githubusercontent.com/splunk/attack_data/master/datasets/attack_techniques/T1059.001/encoded_powershell/windows-sysmon.log,b4ed362ade3db03e4e2fe020595012e977c377b65d4d54767cc5872a52c3865c,false,Execution,none,raw Computer/IpAddress/User fields,
2021-01-19T13:21:23.365+0000,2021-01-19T13:21:23.365+0000,10,Microsoft-Windows-Sysmon/Operational,ict3214:attack_trace,PS-HOST-01,,,,,,,C:\Program Files\SplunkUniversalForwarder\bin\splunk-admon.exe,C:\Windows\system32\csrss.exe,0x1fffff,,,,,,,{E983936C-B38D-6006-0500-00000000A301},636,{E983936C-DCD3-6006-7109-00000000A301},3544,,T1059.001,PowerShell,Execution,TRACE-PS-01,powershell,https://raw.githubusercontent.com/splunk/attack_data/master/datasets/attack_techniques/T1059.001/encoded_powershell/windows-sysmon.log,cbff1f8ca10a53754b7b69147aad21ff6987e4be4df06492ba128e397accb2cd,false,Execution,none,raw Computer/IpAddress/User fields,
2021-01-19T13:21:23.365+0000,2021-01-19T13:21:23.365+0000,10,Microsoft-Windows-Sysmon/Operational,ict3214:attack_trace,PS-HOST-01,,,,,,,C:\Windows\sysmon64.exe,C:\Windows\system32\svchost.exe,0x1400,,,,,,,{E983936C-B38F-6006-0C00-00000000A301},592,{E983936C-B3A0-6006-3100-00000000A301},2052,,T1059.001,PowerShell,Execution,TRACE-PS-01,powershell,https://raw.githubusercontent.com/splunk/attack_data/master/datasets/attack_techniques/T1059.001/encoded_powershell/windows-sysmon.log,e72322dcdb0545603b9fb3cf459460ebe6fe1d4c1b1f63794bd59e048c2e267c,false,Execution,none,raw Computer/IpAddress/User fields,
2021-01-19T13:21:23.366+0000,2021-01-19T13:21:23.366+0000,10,Microsoft-Windows-Sysmon/Operational,ict3214:attack_trace,PS-HOST-01,,,,,,,C:\Program Files\SplunkUniversalForwarder\bin\splunk-admon.exe,C:\Windows\system32\conhost.exe,0x1fffff,,,,,,,{E983936C-B439-6006-B800-00000000A301},4284,{E983936C-DCD3-6006-7109-00000000A301},3544,,T1059.001,PowerShell,Execution,TRACE-PS-01,powershell,https://raw.githubusercontent.com/splunk/attack_data/master/datasets/attack_techniques/T1059.001/encoded_powershell/windows-sysmon.log,9442d6f8ff1ee35736605ca1aefbe41c1beeb5d81eeac30e8ca2a4a6b5e6be28,false,Execution,none,raw Computer/IpAddress/User fields,
2021-01-19T13:21:23.517+0000,2021-01-19T13:21:23.517+0000,10,Microsoft-Windows-Sysmon/Operational,ict3214:attack_trace,PS-HOST-01,,,,,,,C:\Program Files\SplunkUniversalForwarder\bin\splunkd.exe,C:\Program Files\SplunkUniversalForwarder\bin\splunk-admon.exe,0x101400,,,,,,,{E983936C-DCD3-6006-7109-00000000A301},3544,{E983936C-B438-6006-B400-00000000A301},4412,,T1059.001,PowerShell,Execution,TRACE-PS-01,powershell,https://raw.githubusercontent.com/splunk/attack_data/master/datasets/attack_techniques/T1059.001/encoded_powershell/windows-sysmon.log,43e714f4bc2b1ed182ea537217fb46448d3f68a8df40d96ece2a4072e847de08,false,Execution,none,raw Computer/IpAddress/User fields,
2021-01-19T13:21:23.969+0000,2021-01-19T13:21:23.969+0000,10,Microsoft-Windows-Sysmon/Operational,ict3214:attack_trace,PS-HOST-01,,,,,,,C:\Program Files\SplunkUniversalForwarder\bin\splunk-netmon.exe,C:\Program Files\SplunkUniversalForwarder\bin\splunkd.exe,0x1fffff,,,,,,,{E983936C-B438-6006-B400-00000000A301},4412,{E983936C-DCD3-6006-7209-00000000A301},7696,,T1059.001,PowerShell,Execution,TRACE-PS-01,powershell,https://raw.githubusercontent.com/splunk/attack_data/master/datasets/attack_techniques/T1059.001/encoded_powershell/windows-sysmon.log,44b4feb705ddeb817456c6fba63058fa13f77a8e615d4d4178c8fcf854dd3623,false,Execution,none,raw Computer/IpAddress/User fields,
2021-01-19T13:21:23.969+0000,2021-01-19T13:21:23.969+0000,1,Microsoft-Windows-Sysmon/Operational,ict3214:attack_trace,PS-HOST-01,,,NT AUTHORITY\SYSTEM,C:\Program Files\SplunkUniversalForwarder\bin\splunk-netmon.exe,C:\Program Files\SplunkUniversalForwarder\bin\splunkd.exe,"""C:\Program Files\SplunkUniversalForwarder\bin\splunk-netmon.exe""",,,,,,,,{E983936C-DCD3-6006-7209-00000000A301},7696,,,,,,T1059.001,PowerShell,Execution,TRACE-PS-01,powershell,https://raw.githubusercontent.com/splunk/attack_data/master/datasets/attack_techniques/T1059.001/encoded_powershell/windows-sysmon.log,4e96d4c5c81e0614a531abf00e5c8595aacb49a7852689214a7fa67dd7735678,false,Execution,none,raw Computer/IpAddress/User fields,{E983936C-B438-6006-B400-00000000A301}
2021-01-19T13:21:23.969+0000,2021-01-19T13:21:23.969+0000,10,Microsoft-Windows-Sysmon/Operational,ict3214:attack_trace,PS-HOST-01,,,,,,,C:\Windows\sysmon64.exe,C:\Windows\system32\svchost.exe,0x1400,,,,,,,{E983936C-B38F-6006-0C00-00000000A301},592,{E983936C-B3A0-6006-3100-00000000A301},2052,,T1059.001,PowerShell,Execution,TRACE-PS-01,powershell,https://raw.githubusercontent.com/splunk/attack_data/master/datasets/attack_techniques/T1059.001/encoded_powershell/windows-sysmon.log,5fe7297dbbac6db6736b454cd2d9d4ad5a2433a837c288e27ba91dd4446e7fb4,false,Execution,none,raw Computer/IpAddress/User fields,
2021-01-19T13:21:23.969+0000,2021-01-19T13:21:23.969+0000,10,Microsoft-Windows-Sysmon/Operational,ict3214:attack_trace,PS-HOST-01,,,,,,,C:\Windows\sysmon64.exe,C:\Windows\system32\svchost.exe,0x1400,,,,,,,{E983936C-B38F-6006-0C00-00000000A301},592,{E983936C-B3A0-6006-3100-00000000A301},2052,,T1059.001,PowerShell,Execution,TRACE-PS-01,powershell,https://raw.githubusercontent.com/splunk/attack_data/master/datasets/attack_techniques/T1059.001/encoded_powershell/windows-sysmon.log,8fc5507ecba24fbc1c1a267e5f9715967055bd811b6e3d0e236f1c1db65d03b8,false,Execution,none,raw Computer/IpAddress/User fields,
2021-01-19T13:21:23.969+0000,2021-01-19T13:21:23.969+0000,10,Microsoft-Windows-Sysmon/Operational,ict3214:attack_trace,PS-HOST-01,,,,,,,C:\Program Files\SplunkUniversalForwarder\bin\splunk-netmon.exe,C:\Windows\system32\csrss.exe,0x1fffff,,,,,,,{E983936C-B38D-6006-0500-00000000A301},636,{E983936C-DCD3-6006-7209-00000000A301},7696,,T1059.001,PowerShell,Execution,TRACE-PS-01,powershell,https://raw.githubusercontent.com/splunk/attack_data/master/datasets/attack_techniques/T1059.001/encoded_powershell/windows-sysmon.log,af07ee250fc8d94fb6f565d7ee7fec7908d024482fc27e2b6ab2ddbd6f61b027,false,Execution,none,raw Computer/IpAddress/User fields,
2021-01-19T13:21:23.969+0000,2021-01-19T13:21:23.969+0000,10,Microsoft-Windows-Sysmon/Operational,ict3214:attack_trace,PS-HOST-01,,,,,,,C:\Windows\sysmon64.exe,C:\Windows\system32\svchost.exe,0x1400,,,,,,,{E983936C-B38F-6006-0C00-00000000A301},592,{E983936C-B3A0-6006-3100-00000000A301},2052,,T1059.001,PowerShell,Execution,TRACE-PS-01,powershell,https://raw.githubusercontent.com/splunk/attack_data/master/datasets/attack_techniques/T1059.001/encoded_powershell/windows-sysmon.log,f38fbcd338803c7ca2a715ae6525ebf9dbd7deeafbf466221354470dcecd8185,false,Execution,none,raw Computer/IpAddress/User fields,
2021-01-19T13:21:23.969+0000,2021-01-19T13:21:23.969+0000,10,Microsoft-Windows-Sysmon/Operational,ict3214:attack_trace,PS-HOST-01,,,,,,,C:\Windows\sysmon64.exe,C:\Windows\system32\svchost.exe,0x1400,,,,,,,{E983936C-B38F-6006-0C00-00000000A301},592,{E983936C-B3A0-6006-3100-00000000A301},2052,,T1059.001,PowerShell,Execution,TRACE-PS-01,powershell,https://raw.githubusercontent.com/splunk/attack_data/master/datasets/attack_techniques/T1059.001/encoded_powershell/windows-sysmon.log,fb959037799893db08910acef2f43225e9c15a89406b15538150cbe6914fbaf3,false,Execution,none,raw Computer/IpAddress/User fields,
2021-01-19T13:21:23.970+0000,2021-01-19T13:21:23.970+0000,10,Microsoft-Windows-Sysmon/Operational,ict3214:attack_trace,PS-HOST-01,,,,,,,C:\Program Files\SplunkUniversalForwarder\bin\splunk-netmon.exe,C:\Windows\system32\conhost.exe,0x1fffff,,,,,,,{E983936C-B439-6006-B800-00000000A301},4284,{E983936C-DCD3-6006-7209-00000000A301},7696,,T1059.001,PowerShell,Execution,TRACE-PS-01,powershell,https://raw.githubusercontent.com/splunk/attack_data/master/datasets/attack_techniques/T1059.001/encoded_powershell/windows-sysmon.log,d51e00255b54ca1c992d93a6f12794933c85d81c8f5a70fb5e511c46a6360d5d,false,Execution,none,raw Computer/IpAddress/User fields,
2021-01-19T13:21:25.808+0000,2021-01-19T13:21:25.808+0000,10,Microsoft-Windows-Sysmon/Operational,ict3214:attack_trace,PS-HOST-01,,,,,,,C:\Program Files\SplunkUniversalForwarder\bin\splunk-winprintmon.exe,C:\Windows\system32\csrss.exe,0x1fffff,,,,,,,{E983936C-B38D-6006-0500-00000000A301},636,{E983936C-DCD5-6006-7309-00000000A301},8172,,T1059.001,PowerShell,Execution,TRACE-PS-01,powershell,https://raw.githubusercontent.com/splunk/attack_data/master/datasets/attack_techniques/T1059.001/encoded_powershell/windows-sysmon.log,635b72ad22697f759de4a5b59ee94bc1f021261ab81b94e989621fe40a61ba3a,false,Execution,none,raw Computer/IpAddress/User fields,
2021-01-19T13:21:25.808+0000,2021-01-19T13:21:25.808+0000,10,Microsoft-Windows-Sysmon/Operational,ict3214:attack_trace,PS-HOST-01,,,,,,,C:\Program Files\SplunkUniversalForwarder\bin\splunk-winprintmon.exe,C:\Program Files\SplunkUniversalForwarder\bin\splunkd.exe,0x1fffff,,,,,,,{E983936C-B438-6006-B400-00000000A301},4412,{E983936C-DCD5-6006-7309-00000000A301},8172,,T1059.001,PowerShell,Execution,TRACE-PS-01,powershell,https://raw.githubusercontent.com/splunk/attack_data/master/datasets/attack_techniques/T1059.001/encoded_powershell/windows-sysmon.log,7e89d9bb35d1f125c3ccfcd074a83a0bb338b4804e63000e15c9b420901222b6,false,Execution,none,raw Computer/IpAddress/User fields,
2021-01-19T13:21:25.808+0000,2021-01-19T13:21:25.808+0000,1,Microsoft-Windows-Sysmon/Operational,ict3214:attack_trace,PS-HOST-01,,,NT AUTHORITY\SYSTEM,C:\Program Files\SplunkUniversalForwarder\bin\splunk-winprintmon.exe,C:\Program Files\SplunkUniversalForwarder\bin\splunkd.exe,"""C:\Program Files\SplunkUniversalForwarder\bin\splunk-winprintmon.exe""",,,,,,,,{E983936C-DCD5-6006-7309-00000000A301},8172,,,,,,T1059.001,PowerShell,Execution,TRACE-PS-01,powershell,https://raw.githubusercontent.com/splunk/attack_data/master/datasets/attack_techniques/T1059.001/encoded_powershell/windows-sysmon.log,a3ca16e9a7d3f43d189332d7189bd6825e5e6f03cb342aa84e511baff0d53e2b,false,Execution,none,raw Computer/IpAddress/User fields,{E983936C-B438-6006-B400-00000000A301}
2021-01-19T13:21:25.809+0000,2021-01-19T13:21:25.809+0000,10,Microsoft-Windows-Sysmon/Operational,ict3214:attack_trace,PS-HOST-01,,,,,,,C:\Windows\sysmon64.exe,C:\Windows\system32\svchost.exe,0x1400,,,,,,,{E983936C-B38F-6006-0C00-00000000A301},592,{E983936C-B3A0-6006-3100-00000000A301},2052,,T1059.001,PowerShell,Execution,TRACE-PS-01,powershell,https://raw.githubusercontent.com/splunk/attack_data/master/datasets/attack_techniques/T1059.001/encoded_powershell/windows-sysmon.log,2c3e3b4cfae58ad16eb28f0e29ec1d73faccda818bdbd25e4e93bf4b733fce39,false,Execution,none,raw Computer/IpAddress/User fields,
2021-01-19T13:21:25.809+0000,2021-01-19T13:21:25.809+0000,10,Microsoft-Windows-Sysmon/Operational,ict3214:attack_trace,PS-HOST-01,,,,,,,C:\Windows\sysmon64.exe,C:\Windows\system32\svchost.exe,0x1400,,,,,,,{E983936C-B38F-6006-0C00-00000000A301},592,{E983936C-B3A0-6006-3100-00000000A301},2052,,T1059.001,PowerShell,Execution,TRACE-PS-01,powershell,https://raw.githubusercontent.com/splunk/attack_data/master/datasets/attack_techniques/T1059.001/encoded_powershell/windows-sysmon.log,41e161a40acb1faddb36af29322c5e1c2b78f4f763fe7ad47aeabff7d8969894,false,Execution,none,raw Computer/IpAddress/User fields,
2021-01-19T13:21:25.809+0000,2021-01-19T13:21:25.809+0000,10,Microsoft-Windows-Sysmon/Operational,ict3214:attack_trace,PS-HOST-01,,,,,,,C:\Program Files\SplunkUniversalForwarder\bin\splunk-winprintmon.exe,C:\Windows\system32\conhost.exe,0x1fffff,,,,,,,{E983936C-B439-6006-B800-00000000A301},4284,{E983936C-DCD5-6006-7309-00000000A301},8172,,T1059.001,PowerShell,Execution,TRACE-PS-01,powershell,https://raw.githubusercontent.com/splunk/attack_data/master/datasets/attack_techniques/T1059.001/encoded_powershell/windows-sysmon.log,922f5935512dc224719a325f2988838d18909b74fe9ccc38e288d12f996d118f,false,Execution,none,raw Computer/IpAddress/User fields,
2021-01-19T13:21:25.809+0000,2021-01-19T13:21:25.809+0000,10,Microsoft-Windows-Sysmon/Operational,ict3214:attack_trace,PS-HOST-01,,,,,,,C:\Windows\sysmon64.exe,C:\Windows\system32\svchost.exe,0x1400,,,,,,,{E983936C-B38F-6006-0C00-00000000A301},592,{E983936C-B3A0-6006-3100-00000000A301},2052,,T1059.001,PowerShell,Execution,TRACE-PS-01,powershell,https://raw.githubusercontent.com/splunk/attack_data/master/datasets/attack_techniques/T1059.001/encoded_powershell/windows-sysmon.log,a146a91475104c37472334a989fe7ea6a656cb11ca0ba8ee906c014578b65c5d,false,Execution,none,raw Computer/IpAddress/User fields,
2021-01-19T13:21:25.809+0000,2021-01-19T13:21:25.809+0000,10,Microsoft-Windows-Sysmon/Operational,ict3214:attack_trace,PS-HOST-01,,,,,,,C:\Windows\sysmon64.exe,C:\Windows\system32\svchost.exe,0x1400,,,,,,,{E983936C-B38F-6006-0C00-00000000A301},592,{E983936C-B3A0-6006-3100-00000000A301},2052,,T1059.001,PowerShell,Execution,TRACE-PS-01,powershell,https://raw.githubusercontent.com/splunk/attack_data/master/datasets/attack_techniques/T1059.001/encoded_powershell/windows-sysmon.log,a19312f65d840715094614ee1632efd785996a31948ff2ab9003473a23d51039,false,Execution,none,raw Computer/IpAddress/User fields,
2021-01-19T13:21:40.168+0000,2021-01-19T13:21:40.168+0000,10,Microsoft-Windows-Sysmon/Operational,ict3214:attack_trace,PS-HOST-01,,,,,,,C:\Program Files\Mozilla Firefox\firefox.exe,C:\Program Files\Mozilla Firefox\firefox.exe,0x2200,,,,,,,{E983936C-CD5C-6006-8407-00000000A301},6812,{E983936C-CFB9-6006-DF07-00000000A301},4672,,T1059.001,PowerShell,Execution,TRACE-PS-01,powershell,https://raw.githubusercontent.com/splunk/attack_data/master/datasets/attack_techniques/T1059.001/encoded_powershell/windows-sysmon.log,e367c7a132b3c8682163714d0964794894281bd0984ca230cad97d8e4511879f,false,Execution,none,raw Computer/IpAddress/User fields,
2021-01-19T13:21:40.172+0000,2021-01-19T13:21:40.172+0000,10,Microsoft-Windows-Sysmon/Operational,ict3214:attack_trace,PS-HOST-01,,,,,,,C:\Program Files\Mozilla Firefox\firefox.exe,C:\Program Files\Mozilla Firefox\firefox.exe,0x40,,,,,,,{E983936C-CD5C-6006-8407-00000000A301},6812,{E983936C-CD5F-6006-8607-00000000A301},4500,,T1059.001,PowerShell,Execution,TRACE-PS-01,powershell,https://raw.githubusercontent.com/splunk/attack_data/master/datasets/attack_techniques/T1059.001/encoded_powershell/windows-sysmon.log,ff34e8e0340a4dcd7f5faa0a7a030a54074030454ac1d8d2c4ab2a7dd0b8fe03,false,Execution,none,raw Computer/IpAddress/User fields,
2021-01-19T13:21:40.173+0000,2021-01-19T13:21:40.173+0000,10,Microsoft-Windows-Sysmon/Operational,ict3214:attack_trace,PS-HOST-01,,,,,,,C:\Program Files\Mozilla Firefox\firefox.exe,C:\Program Files\Mozilla Firefox\firefox.exe,0x40,,,,,,,{E983936C-CD5C-6006-8407-00000000A301},6812,{E983936C-CD5F-6006-8607-00000000A301},4500,,T1059.001,PowerShell,Execution,TRACE-PS-01,powershell,https://raw.githubusercontent.com/splunk/attack_data/master/datasets/attack_techniques/T1059.001/encoded_powershell/windows-sysmon.log,6dd45fb9d26ebdede23092f4ad1d1d4717542470fee945a3bf3a0f2fe309eed5,false,Execution,none,raw Computer/IpAddress/User fields,
2021-01-19T13:21:40.176+0000,2021-01-19T13:21:40.176+0000,10,Microsoft-Windows-Sysmon/Operational,ict3214:attack_trace,PS-HOST-01,,,,,,,C:\Program Files\Mozilla Firefox\firefox.exe,C:\Program Files\Mozilla Firefox\firefox.exe,0x40,,,,,,,{E983936C-CD5C-6006-8407-00000000A301},6812,{E983936C-CD5F-6006-8607-00000000A301},4500,,T1059.001,PowerShell,Execution,TRACE-PS-01,powershell,https://raw.githubusercontent.com/splunk/attack_data/master/datasets/attack_techniques/T1059.001/encoded_powershell/windows-sysmon.log,c432af7ad49c5eee26c285aad9c0c771b35cf29af8fd1d881c788f5087877032,false,Execution,none,raw Computer/IpAddress/User fields,
2021-01-19T13:21:40.178+0000,2021-01-19T13:21:40.178+0000,10,Microsoft-Windows-Sysmon/Operational,ict3214:attack_trace,PS-HOST-01,,,,,,,C:\Program Files\Mozilla Firefox\firefox.exe,C:\Program Files\Mozilla Firefox\firefox.exe,0x40,,,,,,,{E983936C-CD5C-6006-8407-00000000A301},6812,{E983936C-CD5F-6006-8607-00000000A301},4500,,T1059.001,PowerShell,Execution,TRACE-PS-01,powershell,https://raw.githubusercontent.com/splunk/attack_data/master/datasets/attack_techniques/T1059.001/encoded_powershell/windows-sysmon.log,ce9490fe01994844e86a94af7b624e2b37e1ffc398f702acaa5177977fd256e1,false,Execution,none,raw Computer/IpAddress/User fields,
2021-01-19T13:21:40.178+0000,2021-01-19T13:21:40.178+0000,10,Microsoft-Windows-Sysmon/Operational,ict3214:attack_trace,PS-HOST-01,,,,,,,C:\Program Files\Mozilla Firefox\firefox.exe,C:\Program Files\Mozilla Firefox\firefox.exe,0x40,,,,,,,{E983936C-CD5C-6006-8407-00000000A301},6812,{E983936C-CD5F-6006-8607-00000000A301},4500,,T1059.001,PowerShell,Execution,TRACE-PS-01,powershell,https://raw.githubusercontent.com/splunk/attack_data/master/datasets/attack_techniques/T1059.001/encoded_powershell/windows-sysmon.log,d60b34b9291a2657b9224e5ad8841189bf43b3f5e6ee621bbad4abc175d9e7ba,false,Execution,none,raw Computer/IpAddress/User fields,
2021-01-19T13:21:40.179+0000,2021-01-19T13:21:40.179+0000,10,Microsoft-Windows-Sysmon/Operational,ict3214:attack_trace,PS-HOST-01,,,,,,,C:\Program Files\Mozilla Firefox\firefox.exe,C:\Program Files\Mozilla Firefox\firefox.exe,0x40,,,,,,,{E983936C-CD5C-6006-8407-00000000A301},6812,{E983936C-CD5F-6006-8607-00000000A301},4500,,T1059.001,PowerShell,Execution,TRACE-PS-01,powershell,https://raw.githubusercontent.com/splunk/attack_data/master/datasets/attack_techniques/T1059.001/encoded_powershell/windows-sysmon.log,6f980630b8de157722bfa622576f54b65248bc6e16aac4e5ff1a41548291a2cc,false,Execution,none,raw Computer/IpAddress/User fields,
2021-01-19T13:21:40.205+0000,2021-01-19T13:21:40.205+0000,10,Microsoft-Windows-Sysmon/Operational,ict3214:attack_trace,PS-HOST-01,,,,,,,C:\Program Files\Mozilla Firefox\firefox.exe,C:\Program Files\Mozilla Firefox\firefox.exe,0x40,,,,,,,{E983936C-CD5C-6006-8407-00000000A301},6812,{E983936C-CD5F-6006-8607-00000000A301},4500,,T1059.001,PowerShell,Execution,TRACE-PS-01,powershell,https://raw.githubusercontent.com/splunk/attack_data/master/datasets/attack_techniques/T1059.001/encoded_powershell/windows-sysmon.log,6a808820106469df5f6cf7f36d150916aa6495dcf746b21e64a381b288947cfa,false,Execution,none,raw Computer/IpAddress/User fields,
2021-01-19T13:21:40.205+0000,2021-01-19T13:21:40.205+0000,10,Microsoft-Windows-Sysmon/Operational,ict3214:attack_trace,PS-HOST-01,,,,,,,C:\Program Files\Mozilla Firefox\firefox.exe,C:\Program Files\Mozilla Firefox\firefox.exe,0x40,,,,,,,{E983936C-CD5C-6006-8407-00000000A301},6812,{E983936C-CD5F-6006-8607-00000000A301},4500,,T1059.001,PowerShell,Execution,TRACE-PS-01,powershell,https://raw.githubusercontent.com/splunk/attack_data/master/datasets/attack_techniques/T1059.001/encoded_powershell/windows-sysmon.log,aaaa7aaad11db6a1f09d9d8f6727193eae8757c831f84ed119468e7f42dac3f8,false,Execution,none,raw Computer/IpAddress/User fields,
2021-01-19T13:21:40.208+0000,2021-01-19T13:21:40.208+0000,10,Microsoft-Windows-Sysmon/Operational,ict3214:attack_trace,PS-HOST-01,,,,,,,C:\Program Files\Mozilla Firefox\firefox.exe,C:\Program Files\Mozilla Firefox\firefox.exe,0x40,,,,,,,{E983936C-CD5C-6006-8407-00000000A301},6812,{E983936C-CD5F-6006-8607-00000000A301},4500,,T1059.001,PowerShell,Execution,TRACE-PS-01,powershell,https://raw.githubusercontent.com/splunk/attack_data/master/datasets/attack_techniques/T1059.001/encoded_powershell/windows-sysmon.log,6d0baf42201fc1ffe2ed296f3ced7f2cb3098d51307b045fcaaa403a8dea8410,false,Execution,none,raw Computer/IpAddress/User fields,
2021-01-19T13:21:40.219+0000,2021-01-19T13:21:40.219+0000,10,Microsoft-Windows-Sysmon/Operational,ict3214:attack_trace,PS-HOST-01,,,,,,,C:\Program Files\Mozilla Firefox\firefox.exe,C:\Program Files\Mozilla Firefox\firefox.exe,0x40,,,,,,,{E983936C-CD5C-6006-8407-00000000A301},6812,{E983936C-CD5F-6006-8607-00000000A301},4500,,T1059.001,PowerShell,Execution,TRACE-PS-01,powershell,https://raw.githubusercontent.com/splunk/attack_data/master/datasets/attack_techniques/T1059.001/encoded_powershell/windows-sysmon.log,e5c22af32c5edbbc48726a8c6d019c0d94347feee0367d8aa942547d74387e03,false,Execution,none,raw Computer/IpAddress/User fields,
2021-01-19T13:21:40.222+0000,2021-01-19T13:21:40.222+0000,10,Microsoft-Windows-Sysmon/Operational,ict3214:attack_trace,PS-HOST-01,,,,,,,C:\Program Files\Mozilla Firefox\firefox.exe,C:\Program Files\Mozilla Firefox\firefox.exe,0x40,,,,,,,{E983936C-CD5C-6006-8407-00000000A301},6812,{E983936C-CD5F-6006-8607-00000000A301},4500,,T1059.001,PowerShell,Execution,TRACE-PS-01,powershell,https://raw.githubusercontent.com/splunk/attack_data/master/datasets/attack_techniques/T1059.001/encoded_powershell/windows-sysmon.log,37015179305aa7bba71a555a4d2c947bfea8ba7644436e717dca3ccde92351e6,false,Execution,none,raw Computer/IpAddress/User fields,
2021-01-19T13:21:40.223+0000,2021-01-19T13:21:40.223+0000,10,Microsoft-Windows-Sysmon/Operational,ict3214:attack_trace,PS-HOST-01,,,,,,,C:\Program Files\Mozilla Firefox\firefox.exe,C:\Program Files\Mozilla Firefox\firefox.exe,0x40,,,,,,,{E983936C-CD5C-6006-8407-00000000A301},6812,{E983936C-CD5F-6006-8607-00000000A301},4500,,T1059.001,PowerShell,Execution,TRACE-PS-01,powershell,https://raw.githubusercontent.com/splunk/attack_data/master/datasets/attack_techniques/T1059.001/encoded_powershell/windows-sysmon.log,003eff9cbc736ee0d06741958a71a39d5ecf1fa2eb3550376ac96bc8bb172fbe,false,Execution,none,raw Computer/IpAddress/User fields,
2021-01-19T13:21:40.223+0000,2021-01-19T13:21:40.223+0000,10,Microsoft-Windows-Sysmon/Operational,ict3214:attack_trace,PS-HOST-01,,,,,,,C:\Program Files\Mozilla Firefox\firefox.exe,C:\Program Files\Mozilla Firefox\firefox.exe,0x40,,,,,,,{E983936C-CD5C-6006-8407-00000000A301},6812,{E983936C-CD5F-6006-8607-00000000A301},4500,,T1059.001,PowerShell,Execution,TRACE-PS-01,powershell,https://raw.githubusercontent.com/splunk/attack_data/master/datasets/attack_techniques/T1059.001/encoded_powershell/windows-sysmon.log,def7564f010a5678f780fbfca1899c35dcae5357ee74e10f6a5df469e3952297,false,Execution,none,raw Computer/IpAddress/User fields,
2021-01-19T13:21:40.701+0000,2021-01-19T13:21:40.701+0000,10,Microsoft-Windows-Sysmon/Operational,ict3214:attack_trace,PS-HOST-01,,,,,,,C:\Program Files\Mozilla Firefox\firefox.exe,C:\Windows\Explorer.EXE,0x1000,,,,,,,{E983936C-CCDD-6006-4607-00000000A301},5080,{E983936C-CD5C-6006-8407-00000000A301},6812,,T1059.001,PowerShell,Execution,TRACE-PS-01,powershell,https://raw.githubusercontent.com/splunk/attack_data/master/datasets/attack_techniques/T1059.001/encoded_powershell/windows-sysmon.log,224ae4e974c098e6cbe0ab4166c5774e2faf9f1368606dab0724fe7750e85e8e,false,Execution,none,raw Computer/IpAddress/User fields,
2021-01-19T13:21:40.701+0000,2021-01-19T13:21:40.701+0000,10,Microsoft-Windows-Sysmon/Operational,ict3214:attack_trace,PS-HOST-01,,,,,,,C:\Program Files\Mozilla Firefox\firefox.exe,C:\Windows\Explorer.EXE,0x1410,,,,,,,{E983936C-CCDD-6006-4607-00000000A301},5080,{E983936C-CD5C-6006-8407-00000000A301},6812,,T1059.001,PowerShell,Execution,TRACE-PS-01,powershell,https://raw.githubusercontent.com/splunk/attack_data/master/datasets/attack_techniques/T1059.001/encoded_powershell/windows-sysmon.log,48455ea3b09c7de77c9168c9de8a95e47e5a4ad45c0c2687d46de9ae640c2ad9,false,Execution,none,raw Computer/IpAddress/User fields,
2021-01-19T13:21:40.709+0000,2021-01-19T13:21:40.709+0000,10,Microsoft-Windows-Sysmon/Operational,ict3214:attack_trace,PS-HOST-01,,,,,,,C:\Program Files\Mozilla Firefox\firefox.exe,C:\Windows\Explorer.EXE,0x1000,,,,,,,{E983936C-CCDD-6006-4607-00000000A301},5080,{E983936C-CD5C-6006-8407-00000000A301},6812,,T1059.001,PowerShell,Execution,TRACE-PS-01,powershell,https://raw.githubusercontent.com/splunk/attack_data/master/datasets/attack_techniques/T1059.001/encoded_powershell/windows-sysmon.log,562f2fc17941d0dc8b457ac4915473e7eb909904fefd32ebf387fec1f31034c4,false,Execution,none,raw Computer/IpAddress/User fields,
2021-01-19T13:21:40.725+0000,2021-01-19T13:21:40.725+0000,10,Microsoft-Windows-Sysmon/Operational,ict3214:attack_trace,PS-HOST-01,,,,,,,C:\Program Files\Mozilla Firefox\firefox.exe,C:\Program Files\Mozilla Firefox\firefox.exe,0x2200,,,,,,,{E983936C-CD5C-6006-8407-00000000A301},6812,{E983936C-CEA8-6006-BA07-00000000A301},7648,,T1059.001,PowerShell,Execution,TRACE-PS-01,powershell,https://raw.githubusercontent.com/splunk/attack_data/master/datasets/attack_techniques/T1059.001/encoded_powershell/windows-sysmon.log,dc368172b7ef18f43335ae89eedbf5c8e12ac9510c3ee1077643fdb953ea2cb7,false,Execution,none,raw Computer/IpAddress/User fields,
2021-01-19T13:21:40.745+0000,2021-01-19T13:21:40.745+0000,10,Microsoft-Windows-Sysmon/Operational,ict3214:attack_trace,PS-HOST-01,,,,,,,C:\Program Files\Mozilla Firefox\firefox.exe,C:\Program Files\Mozilla Firefox\firefox.exe,0x40,,,,,,,{E983936C-CD5C-6006-8407-00000000A301},6812,{E983936C-CD5F-6006-8607-00000000A301},4500,,T1059.001,PowerShell,Execution,TRACE-PS-01,powershell,https://raw.githubusercontent.com/splunk/attack_data/master/datasets/attack_techniques/T1059.001/encoded_powershell/windows-sysmon.log,8cbf33e8ef5fa212e220cd27174b617d583e0ba8e55d44885e6526bafdd425ae,false,Execution,none,raw Computer/IpAddress/User fields,
2021-01-19T13:21:41.608+0000,2021-01-19T13:21:41.608+0000,10,Microsoft-Windows-Sysmon/Operational,ict3214:attack_trace,PS-HOST-01,,,,,,,C:\Program Files\Mozilla Firefox\firefox.exe,C:\Program Files\Mozilla Firefox\firefox.exe,0x40,,,,,,,{E983936C-CD5C-6006-8407-00000000A301},6812,{E983936C-CD5F-6006-8607-00000000A301},4500,,T1059.001,PowerShell,Execution,TRACE-PS-01,powershell,https://raw.githubusercontent.com/splunk/attack_data/master/datasets/attack_techniques/T1059.001/encoded_powershell/windows-sysmon.log,560258942c600f3e2e2079dccc46d20e31216b81bf9e1cc387c5a16439613280,false,Execution,none,raw Computer/IpAddress/User fields,
2021-01-19T13:21:41.608+0000,2021-01-19T13:21:41.608+0000,10,Microsoft-Windows-Sysmon/Operational,ict3214:attack_trace,PS-HOST-01,,,,,,,C:\Program Files\Mozilla Firefox\firefox.exe,C:\Program Files\Mozilla Firefox\firefox.exe,0x40,,,,,,,{E983936C-CD5C-6006-8407-00000000A301},6812,{E983936C-CD5F-6006-8607-00000000A301},4500,,T1059.001,PowerShell,Execution,TRACE-PS-01,powershell,https://raw.githubusercontent.com/splunk/attack_data/master/datasets/attack_techniques/T1059.001/encoded_powershell/windows-sysmon.log,c1cd3e2d8369552cb5faa1063bb35f07cdf68693c8dc9750edaa79af4605b0e7,false,Execution,none,raw Computer/IpAddress/User fields,
2021-01-19T13:21:43.026+0000,2021-01-19T13:21:43.026+0000,10,Microsoft-Windows-Sysmon/Operational,ict3214:attack_trace,PS-HOST-01,,,,,,,C:\Program Files\Mozilla Firefox\firefox.exe,C:\Program Files\Mozilla Firefox\firefox.exe,0x40,,,,,,,{E983936C-CD5C-6006-8407-00000000A301},6812,{E983936C-CD5F-6006-8607-00000000A301},4500,,T1059.001,PowerShell,Execution,TRACE-PS-01,powershell,https://raw.githubusercontent.com/splunk/attack_data/master/datasets/attack_techniques/T1059.001/encoded_powershell/windows-sysmon.log,3d9b231dc18e8bc38f8b6dd8e40ddd90115451e01154611ae84a95c047e20c42,false,Execution,none,raw Computer/IpAddress/User fields,
2021-01-19T13:21:43.027+0000,2021-01-19T13:21:43.027+0000,10,Microsoft-Windows-Sysmon/Operational,ict3214:attack_trace,PS-HOST-01,,,,,,,C:\Program Files\Mozilla Firefox\firefox.exe,C:\Program Files\Mozilla Firefox\firefox.exe,0x40,,,,,,,{E983936C-CD5C-6006-8407-00000000A301},6812,{E983936C-CD5F-6006-8607-00000000A301},4500,,T1059.001,PowerShell,Execution,TRACE-PS-01,powershell,https://raw.githubusercontent.com/splunk/attack_data/master/datasets/attack_techniques/T1059.001/encoded_powershell/windows-sysmon.log,919a21417bbb48805dcc49164de957e8369e121cfcc87ae571849fdb99207d9b,false,Execution,none,raw Computer/IpAddress/User fields,
2021-01-19T13:21:45.186+0000,2021-01-19T13:21:45.186+0000,22,Microsoft-Windows-Sysmon/Operational,ict3214:attack_trace,PS-HOST-01,,,,C:\Program Files\Mozilla Firefox\firefox.exe,,,,,,,,,,{E983936C-CD5C-6006-8407-00000000A301},6812,,,,,www.google.com,T1059.001,PowerShell,Execution,TRACE-PS-01,powershell,https://raw.githubusercontent.com/splunk/attack_data/master/datasets/attack_techniques/T1059.001/encoded_powershell/windows-sysmon.log,2dcbdaa1f57e73223d0b7beee236f1c5c7616c552c29ea04dc78d9c9f1f89003,false,Execution,none,raw Computer/IpAddress/User fields,
2021-01-19T13:21:45.186+0000,2021-01-19T13:21:45.186+0000,22,Microsoft-Windows-Sysmon/Operational,ict3214:attack_trace,PS-HOST-01,,,,C:\Program Files\Mozilla Firefox\firefox.exe,,,,,,,,,,{E983936C-CD5C-6006-8407-00000000A301},6812,,,,,www.google.com,T1059.001,PowerShell,Execution,TRACE-PS-01,powershell,https://raw.githubusercontent.com/splunk/attack_data/master/datasets/attack_techniques/T1059.001/encoded_powershell/windows-sysmon.log,bd6be2dd699d55a3426b5b8906918f443ef374ad37ba357df272e4cb8b5d1f6f,false,Execution,none,raw Computer/IpAddress/User fields,
2021-01-19T13:21:46.193+0000,2021-01-19T13:21:46.193+0000,22,Microsoft-Windows-Sysmon/Operational,ict3214:attack_trace,PS-HOST-01,,,,C:\Program Files\Mozilla Firefox\firefox.exe,,,,,,,,,,{E983936C-CD5C-6006-8407-00000000A301},6812,,,,,www.google.com,T1059.001,PowerShell,Execution,TRACE-PS-01,powershell,https://raw.githubusercontent.com/splunk/attack_data/master/datasets/attack_techniques/T1059.001/encoded_powershell/windows-sysmon.log,ff6feb867bf7d7b0980bf17025b25a9dfe85c10cb7b3d77d57c1d90326a54280,false,Execution,none,raw Computer/IpAddress/User fields,
2021-01-19T13:21:49.820+0000,2021-01-19T13:21:49.820+0000,10,Microsoft-Windows-Sysmon/Operational,ict3214:attack_trace,PS-HOST-01,,,,,,,C:\Program Files\Mozilla Firefox\firefox.exe,C:\Program Files\Mozilla Firefox\firefox.exe,0x40,,,,,,,{E983936C-CD5C-6006-8407-00000000A301},6812,{E983936C-CD5F-6006-8607-00000000A301},4500,,T1059.001,PowerShell,Execution,TRACE-PS-01,powershell,https://raw.githubusercontent.com/splunk/attack_data/master/datasets/attack_techniques/T1059.001/encoded_powershell/windows-sysmon.log,12ea71dd3dbed1ae5a3b404a67163b4d495504a74ca26491b130828143bc25e8,false,Execution,none,raw Computer/IpAddress/User fields,
2021-01-19T13:21:49.820+0000,2021-01-19T13:21:49.820+0000,10,Microsoft-Windows-Sysmon/Operational,ict3214:attack_trace,PS-HOST-01,,,,,,,C:\Program Files\Mozilla Firefox\firefox.exe,C:\Program Files\Mozilla Firefox\firefox.exe,0x40,,,,,,,{E983936C-CD5C-6006-8407-00000000A301},6812,{E983936C-CD5F-6006-8607-00000000A301},4500,,T1059.001,PowerShell,Execution,TRACE-PS-01,powershell,https://raw.githubusercontent.com/splunk/attack_data/master/datasets/attack_techniques/T1059.001/encoded_powershell/windows-sysmon.log,2b24e19cc626a3267390da2618e53b0d27c31f16740d98f89a68aa968f7f9a7c,false,Execution,none,raw Computer/IpAddress/User fields,
2021-01-19T13:21:49.820+0000,2021-01-19T13:21:49.820+0000,10,Microsoft-Windows-Sysmon/Operational,ict3214:attack_trace,PS-HOST-01,,,,,,,C:\Program Files\Mozilla Firefox\firefox.exe,C:\Program Files\Mozilla Firefox\firefox.exe,0x40,,,,,,,{E983936C-CD5C-6006-8407-00000000A301},6812,{E983936C-CD5F-6006-8607-00000000A301},4500,,T1059.001,PowerShell,Execution,TRACE-PS-01,powershell,https://raw.githubusercontent.com/splunk/attack_data/master/datasets/attack_techniques/T1059.001/encoded_powershell/windows-sysmon.log,331e4f1dc92cc95dfd81f605bf727ac92a71a3c8088d91f8c52acc20ad0f0a08,false,Execution,none,raw Computer/IpAddress/User fields,
2021-01-19T13:21:49.820+0000,2021-01-19T13:21:49.820+0000,10,Microsoft-Windows-Sysmon/Operational,ict3214:attack_trace,PS-HOST-01,,,,,,,C:\Program Files\Mozilla Firefox\firefox.exe,C:\Program Files\Mozilla Firefox\firefox.exe,0x40,,,,,,,{E983936C-CD5C-6006-8407-00000000A301},6812,{E983936C-CD5F-6006-8607-00000000A301},4500,,T1059.001,PowerShell,Execution,TRACE-PS-01,powershell,https://raw.githubusercontent.com/splunk/attack_data/master/datasets/attack_techniques/T1059.001/encoded_powershell/windows-sysmon.log,9ba16ba93b6efcbf476884a035cab81d1cf41ed6c7066f49336a23498deadfbf,false,Execution,none,raw Computer/IpAddress/User fields,
2021-01-19T13:21:49.957+0000,2021-01-19T13:21:49.957+0000,10,Microsoft-Windows-Sysmon/Operational,ict3214:attack_trace,PS-HOST-01,,,,,,,C:\Program Files\Mozilla Firefox\firefox.exe,C:\Program Files\Mozilla Firefox\firefox.exe,0x40,,,,,,,{E983936C-CD5C-6006-8407-00000000A301},6812,{E983936C-CD5F-6006-8607-00000000A301},4500,,T1059.001,PowerShell,Execution,TRACE-PS-01,powershell,https://raw.githubusercontent.com/splunk/attack_data/master/datasets/attack_techniques/T1059.001/encoded_powershell/windows-sysmon.log,ed6b5843360da56fe4b4dd6ac738580f9ab39aa930055d16e21abd49401132ee,false,Execution,none,raw Computer/IpAddress/User fields,
2021-01-19T13:21:50.004+0000,2021-01-19T13:21:50.004+0000,10,Microsoft-Windows-Sysmon/Operational,ict3214:attack_trace,PS-HOST-01,,,,,,,C:\Program Files\Mozilla Firefox\firefox.exe,C:\Program Files\Mozilla Firefox\firefox.exe,0x40,,,,,,,{E983936C-CD5C-6006-8407-00000000A301},6812,{E983936C-CD5F-6006-8607-00000000A301},4500,,T1059.001,PowerShell,Execution,TRACE-PS-01,powershell,https://raw.githubusercontent.com/splunk/attack_data/master/datasets/attack_techniques/T1059.001/encoded_powershell/windows-sysmon.log,7875cdf903e0a8b9717933fed5e84981f66095fb58477419ce82cb88f9fc6452,false,Execution,none,raw Computer/IpAddress/User fields,
2021-01-19T13:21:50.421+0000,2021-01-19T13:21:50.421+0000,10,Microsoft-Windows-Sysmon/Operational,ict3214:attack_trace,PS-HOST-01,,,,,,,C:\Program Files\Mozilla Firefox\firefox.exe,C:\Program Files\Mozilla Firefox\firefox.exe,0x40,,,,,,,{E983936C-CD5C-6006-8407-00000000A301},6812,{E983936C-CD5F-6006-8607-00000000A301},4500,,T1059.001,PowerShell,Execution,TRACE-PS-01,powershell,https://raw.githubusercontent.com/splunk/attack_data/master/datasets/attack_techniques/T1059.001/encoded_powershell/windows-sysmon.log,57f4af4ddd96977da659c2aaff4d61292812d972f9b24c292976c1a2002beb74,false,Execution,none,raw Computer/IpAddress/User fields,
2021-01-19T13:21:50.422+0000,2021-01-19T13:21:50.422+0000,10,Microsoft-Windows-Sysmon/Operational,ict3214:attack_trace,PS-HOST-01,,,,,,,C:\Program Files\Mozilla Firefox\firefox.exe,C:\Program Files\Mozilla Firefox\firefox.exe,0x40,,,,,,,{E983936C-CD5C-6006-8407-00000000A301},6812,{E983936C-CD5F-6006-8607-00000000A301},4500,,T1059.001,PowerShell,Execution,TRACE-PS-01,powershell,https://raw.githubusercontent.com/splunk/attack_data/master/datasets/attack_techniques/T1059.001/encoded_powershell/windows-sysmon.log,8186fda0c74ba18d2d5ad4d2afda4db70591cf6490be8175c1c6e328280cf712,false,Execution,none,raw Computer/IpAddress/User fields,
2021-01-19T13:21:50.428+0000,2021-01-19T13:21:50.428+0000,10,Microsoft-Windows-Sysmon/Operational,ict3214:attack_trace,PS-HOST-01,,,,,,,C:\Program Files\Mozilla Firefox\firefox.exe,C:\Program Files\Mozilla Firefox\firefox.exe,0x40,,,,,,,{E983936C-CD5C-6006-8407-00000000A301},6812,{E983936C-CD5F-6006-8607-00000000A301},4500,,T1059.001,PowerShell,Execution,TRACE-PS-01,powershell,https://raw.githubusercontent.com/splunk/attack_data/master/datasets/attack_techniques/T1059.001/encoded_powershell/windows-sysmon.log,a4944f1998f444172ae18a8031904d2bc8716d560acf07e7b290ac94719ba33f,false,Execution,none,raw Computer/IpAddress/User fields,
2021-01-19T13:21:50.453+0000,2021-01-19T13:21:50.453+0000,10,Microsoft-Windows-Sysmon/Operational,ict3214:attack_trace,PS-HOST-01,,,,,,,C:\Program Files\Mozilla Firefox\firefox.exe,C:\Program Files\Mozilla Firefox\firefox.exe,0x40,,,,,,,{E983936C-CD5C-6006-8407-00000000A301},6812,{E983936C-CD5F-6006-8607-00000000A301},4500,,T1059.001,PowerShell,Execution,TRACE-PS-01,powershell,https://raw.githubusercontent.com/splunk/attack_data/master/datasets/attack_techniques/T1059.001/encoded_powershell/windows-sysmon.log,03e51cfefb42efb722eca7472226c69eb7450fc80ea6406a1bc973c703596419,false,Execution,none,raw Computer/IpAddress/User fields,
2021-01-19T13:21:50.455+0000,2021-01-19T13:21:50.455+0000,10,Microsoft-Windows-Sysmon/Operational,ict3214:attack_trace,PS-HOST-01,,,,,,,C:\Program Files\Mozilla Firefox\firefox.exe,C:\Program Files\Mozilla Firefox\firefox.exe,0x40,,,,,,,{E983936C-CD5C-6006-8407-00000000A301},6812,{E983936C-CD5F-6006-8607-00000000A301},4500,,T1059.001,PowerShell,Execution,TRACE-PS-01,powershell,https://raw.githubusercontent.com/splunk/attack_data/master/datasets/attack_techniques/T1059.001/encoded_powershell/windows-sysmon.log,224f0b8d153b7833eedc15ac0c1ec247d08251d39640a898ebf4233dd5189dd5,false,Execution,none,raw Computer/IpAddress/User fields,
2021-01-19T13:21:50.460+0000,2021-01-19T13:21:50.460+0000,10,Microsoft-Windows-Sysmon/Operational,ict3214:attack_trace,PS-HOST-01,,,,,,,C:\Program Files\Mozilla Firefox\firefox.exe,C:\Program Files\Mozilla Firefox\firefox.exe,0x40,,,,,,,{E983936C-CD5C-6006-8407-00000000A301},6812,{E983936C-CD5F-6006-8607-00000000A301},4500,,T1059.001,PowerShell,Execution,TRACE-PS-01,powershell,https://raw.githubusercontent.com/splunk/attack_data/master/datasets/attack_techniques/T1059.001/encoded_powershell/windows-sysmon.log,477965491e00d93ebb738313c59a2f7baa8c34dc25f71b7c192ce01e83707b67,false,Execution,none,raw Computer/IpAddress/User fields,
2021-01-19T13:21:50.797+0000,2021-01-19T13:21:50.797+0000,22,Microsoft-Windows-Sysmon/Operational,ict3214:attack_trace,PS-HOST-01,,,,C:\Program Files\Mozilla Firefox\firefox.exe,,,,,,,,,,{E983936C-CD5C-6006-8407-00000000A301},6812,,,,,gstaticadssl.l.google.com,T1059.001,PowerShell,Execution,TRACE-PS-01,powershell,https://raw.githubusercontent.com/splunk/attack_data/master/datasets/attack_techniques/T1059.001/encoded_powershell/windows-sysmon.log,4d030b3ced6580df8af3ff67fc1a46c592fad97ce28c579daf43a7c16c822340,false,Execution,none,raw Computer/IpAddress/User fields,
2021-01-19T13:21:50.797+0000,2021-01-19T13:21:50.797+0000,22,Microsoft-Windows-Sysmon/Operational,ict3214:attack_trace,PS-HOST-01,,,,C:\Program Files\Mozilla Firefox\firefox.exe,,,,,,,,,,{E983936C-CD5C-6006-8407-00000000A301},6812,,,,,ogs.google.com,T1059.001,PowerShell,Execution,TRACE-PS-01,powershell,https://raw.githubusercontent.com/splunk/attack_data/master/datasets/attack_techniques/T1059.001/encoded_powershell/windows-sysmon.log,64bba03901ac12a108f71d64d34950884c3f72b629ec886b5d5314ad19b8334e,false,Execution,none,raw Computer/IpAddress/User fields,
2021-01-19T13:21:51.343+0000,2021-01-19T13:21:51.343+0000,10,Microsoft-Windows-Sysmon/Operational,ict3214:attack_trace,PS-HOST-01,,,,,,,C:\Program Files\Mozilla Firefox\firefox.exe,C:\Program Files\Mozilla Firefox\firefox.exe,0x40,,,,,,,{E983936C-CD5C-6006-8407-00000000A301},6812,{E983936C-CD5F-6006-8607-00000000A301},4500,,T1059.001,PowerShell,Execution,TRACE-PS-01,powershell,https://raw.githubusercontent.com/splunk/attack_data/master/datasets/attack_techniques/T1059.001/encoded_powershell/windows-sysmon.log,1349d5a4251826f880e29df884534d6828c6b73a02d86be89d41680b108dc196,false,Execution,none,raw Computer/IpAddress/User fields,
2021-01-19T13:21:51.343+0000,2021-01-19T13:21:51.343+0000,10,Microsoft-Windows-Sysmon/Operational,ict3214:attack_trace,PS-HOST-01,,,,,,,C:\Program Files\Mozilla Firefox\firefox.exe,C:\Program Files\Mozilla Firefox\firefox.exe,0x40,,,,,,,{E983936C-CD5C-6006-8407-00000000A301},6812,{E983936C-CD5F-6006-8607-00000000A301},4500,,T1059.001,PowerShell,Execution,TRACE-PS-01,powershell,https://raw.githubusercontent.com/splunk/attack_data/master/datasets/attack_techniques/T1059.001/encoded_powershell/windows-sysmon.log,1a32c1c903d059b4e59dd4abd7343bbbe51717472ccec96529f701ac161653c1,false,Execution,none,raw Computer/IpAddress/User fields,
2021-01-19T13:21:51.421+0000,2021-01-19T13:21:51.421+0000,10,Microsoft-Windows-Sysmon/Operational,ict3214:attack_trace,PS-HOST-01,,,,,,,C:\Program Files\Mozilla Firefox\firefox.exe,C:\Program Files\Mozilla Firefox\firefox.exe,0x40,,,,,,,{E983936C-CD5C-6006-8407-00000000A301},6812,{E983936C-CD5F-6006-8607-00000000A301},4500,,T1059.001,PowerShell,Execution,TRACE-PS-01,powershell,https://raw.githubusercontent.com/splunk/attack_data/master/datasets/attack_techniques/T1059.001/encoded_powershell/windows-sysmon.log,03583a1b45eb18b212ec65e334a33508d0c9f05b842ab8c434ef6d7603b22f3a,false,Execution,none,raw Computer/IpAddress/User fields,
2021-01-19T13:21:51.421+0000,2021-01-19T13:21:51.421+0000,10,Microsoft-Windows-Sysmon/Operational,ict3214:attack_trace,PS-HOST-01,,,,,,,C:\Program Files\Mozilla Firefox\firefox.exe,C:\Program Files\Mozilla Firefox\firefox.exe,0x40,,,,,,,{E983936C-CD5C-6006-8407-00000000A301},6812,{E983936C-CD5F-6006-8607-00000000A301},4500,,T1059.001,PowerShell,Execution,TRACE-PS-01,powershell,https://raw.githubusercontent.com/splunk/attack_data/master/datasets/attack_techniques/T1059.001/encoded_powershell/windows-sysmon.log,af28f9d4f3a7e8480554e93041e68d6568469f1dd206d4d65a69443ffe47b5df,false,Execution,none,raw Computer/IpAddress/User fields,
2021-01-19T13:21:51.810+0000,2021-01-19T13:21:51.810+0000,22,Microsoft-Windows-Sysmon/Operational,ict3214:attack_trace,PS-HOST-01,,,,C:\Program Files\Mozilla Firefox\firefox.exe,,,,,,,,,,{E983936C-CD5C-6006-8407-00000000A301},6812,,,,,plus.l.google.com,T1059.001,PowerShell,Execution,TRACE-PS-01,powershell,https://raw.githubusercontent.com/splunk/attack_data/master/datasets/attack_techniques/T1059.001/encoded_powershell/windows-sysmon.log,35c4e075bd6840d74473983bd346f39c7d14aceab8385d807590fe17e9e00175,false,Execution,none,raw Computer/IpAddress/User fields,
2021-01-19T13:21:51.810+0000,2021-01-19T13:21:51.810+0000,22,Microsoft-Windows-Sysmon/Operational,ict3214:attack_trace,PS-HOST-01,,,,C:\Program Files\Mozilla Firefox\firefox.exe,,,,,,,,,,{E983936C-CD5C-6006-8407-00000000A301},6812,,,,,www3.l.google.com,T1059.001,PowerShell,Execution,TRACE-PS-01,powershell,https://raw.githubusercontent.com/splunk/attack_data/master/datasets/attack_techniques/T1059.001/encoded_powershell/windows-sysmon.log,b8d13d233b88a23fa0809400e09890e3133dbb635aea0f503d4f687631b9d0ba,false,Execution,none,raw Computer/IpAddress/User fields,
2021-01-19T13:21:51.917+0000,2021-01-19T13:21:51.917+0000,10,Microsoft-Windows-Sysmon/Operational,ict3214:attack_trace,PS-HOST-01,,,,,,,C:\Program Files\Mozilla Firefox\firefox.exe,C:\Program Files\Mozilla Firefox\firefox.exe,0x40,,,,,,,{E983936C-CD5C-6006-8407-00000000A301},6812,{E983936C-CD5F-6006-8607-00000000A301},4500,,T1059.001,PowerShell,Execution,TRACE-PS-01,powershell,https://raw.githubusercontent.com/splunk/attack_data/master/datasets/attack_techniques/T1059.001/encoded_powershell/windows-sysmon.log,c2b26bbc2a09f15f27741888d30ee0e2555d9ec14b2b5b2a78f873766212aabf,false,Execution,none,raw Computer/IpAddress/User fields,
2021-01-19T13:21:51.917+0000,2021-01-19T13:21:51.917+0000,10,Microsoft-Windows-Sysmon/Operational,ict3214:attack_trace,PS-HOST-01,,,,,,,C:\Program Files\Mozilla Firefox\firefox.exe,C:\Program Files\Mozilla Firefox\firefox.exe,0x40,,,,,,,{E983936C-CD5C-6006-8407-00000000A301},6812,{E983936C-CD5F-6006-8607-00000000A301},4500,,T1059.001,PowerShell,Execution,TRACE-PS-01,powershell,https://raw.githubusercontent.com/splunk/attack_data/master/datasets/attack_techniques/T1059.001/encoded_powershell/windows-sysmon.log,e8ebeb8b65d112d9af2f918e691e94e6e6990010b3f20298f89010c8e7160c4f,false,Execution,none,raw Computer/IpAddress/User fields,
2021-01-19T13:21:52.376+0000,2021-01-19T13:21:52.376+0000,10,Microsoft-Windows-Sysmon/Operational,ict3214:attack_trace,PS-HOST-01,,,,,,,C:\Program Files\Mozilla Firefox\firefox.exe,C:\Program Files\Mozilla Firefox\firefox.exe,0x40,,,,,,,{E983936C-CD5C-6006-8407-00000000A301},6812,{E983936C-CD5F-6006-8607-00000000A301},4500,,T1059.001,PowerShell,Execution,TRACE-PS-01,powershell,https://raw.githubusercontent.com/splunk/attack_data/master/datasets/attack_techniques/T1059.001/encoded_powershell/windows-sysmon.log,0250995ed0610b8635756c5776f5c8e9bed8846f6f1466b385c10f38c0519044,false,Execution,none,raw Computer/IpAddress/User fields,
2021-01-19T13:21:52.376+0000,2021-01-19T13:21:52.376+0000,10,Microsoft-Windows-Sysmon/Operational,ict3214:attack_trace,PS-HOST-01,,,,,,,C:\Program Files\Mozilla Firefox\firefox.exe,C:\Program Files\Mozilla Firefox\firefox.exe,0x40,,,,,,,{E983936C-CD5C-6006-8407-00000000A301},6812,{E983936C-CD5F-6006-8607-00000000A301},4500,,T1059.001,PowerShell,Execution,TRACE-PS-01,powershell,https://raw.githubusercontent.com/splunk/attack_data/master/datasets/attack_techniques/T1059.001/encoded_powershell/windows-sysmon.log,7a7ef0d7f394e35db8351d181498b22a104d9efbf1229ba82d26a306a0b9ec01,false,Execution,none,raw Computer/IpAddress/User fields,
2021-01-19T13:21:52.469+0000,2021-01-19T13:21:52.469+0000,10,Microsoft-Windows-Sysmon/Operational,ict3214:attack_trace,PS-HOST-01,,,,,,,C:\Program Files\Mozilla Firefox\firefox.exe,C:\Program Files\Mozilla Firefox\firefox.exe,0x40,,,,,,,{E983936C-CD5C-6006-8407-00000000A301},6812,{E983936C-CD5F-6006-8607-00000000A301},4500,,T1059.001,PowerShell,Execution,TRACE-PS-01,powershell,https://raw.githubusercontent.com/splunk/attack_data/master/datasets/attack_techniques/T1059.001/encoded_powershell/windows-sysmon.log,4de9393f3537730023b4b31cfac8a84c703a689a11b75773ede089aa3ff82857,false,Execution,none,raw Computer/IpAddress/User fields,
2021-01-19T13:21:52.469+0000,2021-01-19T13:21:52.469+0000,10,Microsoft-Windows-Sysmon/Operational,ict3214:attack_trace,PS-HOST-01,,,,,,,C:\Program Files\Mozilla Firefox\firefox.exe,C:\Program Files\Mozilla Firefox\firefox.exe,0x40,,,,,,,{E983936C-CD5C-6006-8407-00000000A301},6812,{E983936C-CD5F-6006-8607-00000000A301},4500,,T1059.001,PowerShell,Execution,TRACE-PS-01,powershell,https://raw.githubusercontent.com/splunk/attack_data/master/datasets/attack_techniques/T1059.001/encoded_powershell/windows-sysmon.log,683cbb30ebe1e4bcdee0e776ec453c87dcb5ce9a0604b919b9c52226ed5de3d5,false,Execution,none,raw Computer/IpAddress/User fields,
2021-01-19T13:21:52.829+0000,2021-01-19T13:21:52.829+0000,22,Microsoft-Windows-Sysmon/Operational,ict3214:attack_trace,PS-HOST-01,,,,C:\Program Files\Mozilla Firefox\firefox.exe,,,,,,,,,,{E983936C-CD5C-6006-8407-00000000A301},6812,,,,,adservice.google.de,T1059.001,PowerShell,Execution,TRACE-PS-01,powershell,https://raw.githubusercontent.com/splunk/attack_data/master/datasets/attack_techniques/T1059.001/encoded_powershell/windows-sysmon.log,750b415441a6b6223bc9d76386c84cbfe6bf67653f18f6740cea8ba6eda83cbb,false,Execution,none,raw Computer/IpAddress/User fields,
2021-01-19T13:21:55.406+0000,2021-01-19T13:21:55.406+0000,10,Microsoft-Windows-Sysmon/Operational,ict3214:attack_trace,PS-HOST-01,,,,,,,C:\Program Files\Mozilla Firefox\firefox.exe,C:\Program Files\Mozilla Firefox\firefox.exe,0x40,,,,,,,{E983936C-CD5C-6006-8407-00000000A301},6812,{E983936C-CD5F-6006-8607-00000000A301},4500,,T1059.001,PowerShell,Execution,TRACE-PS-01,powershell,https://raw.githubusercontent.com/splunk/attack_data/master/datasets/attack_techniques/T1059.001/encoded_powershell/windows-sysmon.log,58d9949abdf24c89eee65133746cdf105f41a6e3ab58e01fd2fc66e1d1281b3b,false,Execution,none,raw Computer/IpAddress/User fields,
2021-01-19T13:21:55.406+0000,2021-01-19T13:21:55.406+0000,10,Microsoft-Windows-Sysmon/Operational,ict3214:attack_trace,PS-HOST-01,,,,,,,C:\Program Files\Mozilla Firefox\firefox.exe,C:\Program Files\Mozilla Firefox\firefox.exe,0x40,,,,,,,{E983936C-CD5C-6006-8407-00000000A301},6812,{E983936C-CD5F-6006-8607-00000000A301},4500,,T1059.001,PowerShell,Execution,TRACE-PS-01,powershell,https://raw.githubusercontent.com/splunk/attack_data/master/datasets/attack_techniques/T1059.001/encoded_powershell/windows-sysmon.log,5e940e48d245985e0f1014bd34e6bbc4322aff1ad3b48ed79267d353a7749025,false,Execution,none,raw Computer/IpAddress/User fields,
2021-01-19T13:21:55.626+0000,2021-01-19T13:21:55.626+0000,10,Microsoft-Windows-Sysmon/Operational,ict3214:attack_trace,PS-HOST-01,,,,,,,C:\Program Files\Mozilla Firefox\firefox.exe,C:\Program Files\Mozilla Firefox\firefox.exe,0x40,,,,,,,{E983936C-CD5C-6006-8407-00000000A301},6812,{E983936C-CD5F-6006-8607-00000000A301},4500,,T1059.001,PowerShell,Execution,TRACE-PS-01,powershell,https://raw.githubusercontent.com/splunk/attack_data/master/datasets/attack_techniques/T1059.001/encoded_powershell/windows-sysmon.log,1aef395ea32c7620a6d7a2c0ccab945fd88892f957fb61530124d775e33bc7a3,false,Execution,none,raw Computer/IpAddress/User fields,
2021-01-19T13:21:55.626+0000,2021-01-19T13:21:55.626+0000,10,Microsoft-Windows-Sysmon/Operational,ict3214:attack_trace,PS-HOST-01,,,,,,,C:\Program Files\Mozilla Firefox\firefox.exe,C:\Program Files\Mozilla Firefox\firefox.exe,0x40,,,,,,,{E983936C-CD5C-6006-8407-00000000A301},6812,{E983936C-CD5F-6006-8607-00000000A301},4500,,T1059.001,PowerShell,Execution,TRACE-PS-01,powershell,https://raw.githubusercontent.com/splunk/attack_data/master/datasets/attack_techniques/T1059.001/encoded_powershell/windows-sysmon.log,c2785abc75ba594f72594d4ce4875d7167b9c4e173d2cade6e84fe87fb4d58ba,false,Execution,none,raw Computer/IpAddress/User fields,
2021-01-19T13:21:56.736+0000,2021-01-19T13:21:56.736+0000,10,Microsoft-Windows-Sysmon/Operational,ict3214:attack_trace,PS-HOST-01,,,,,,,C:\Program Files\Mozilla Firefox\firefox.exe,C:\Program Files\Mozilla Firefox\firefox.exe,0x40,,,,,,,{E983936C-CD5C-6006-8407-00000000A301},6812,{E983936C-CD5F-6006-8607-00000000A301},4500,,T1059.001,PowerShell,Execution,TRACE-PS-01,powershell,https://raw.githubusercontent.com/splunk/attack_data/master/datasets/attack_techniques/T1059.001/encoded_powershell/windows-sysmon.log,b6b41e92a730b71ee7038437ded31ee8170f90d6c95a4dad8918e0e7892c534a,false,Execution,none,raw Computer/IpAddress/User fields,
2021-01-19T13:21:56.737+0000,2021-01-19T13:21:56.737+0000,10,Microsoft-Windows-Sysmon/Operational,ict3214:attack_trace,PS-HOST-01,,,,,,,C:\Program Files\Mozilla Firefox\firefox.exe,C:\Program Files\Mozilla Firefox\firefox.exe,0x40,,,,,,,{E983936C-CD5C-6006-8407-00000000A301},6812,{E983936C-CD5F-6006-8607-00000000A301},4500,,T1059.001,PowerShell,Execution,TRACE-PS-01,powershell,https://raw.githubusercontent.com/splunk/attack_data/master/datasets/attack_techniques/T1059.001/encoded_powershell/windows-sysmon.log,c783e8f2d69afdf29f1ec53bbae7d2935fa69a13d555595d1134d27392c99e51,false,Execution,none,raw Computer/IpAddress/User fields,
2021-01-19T13:21:56.741+0000,2021-01-19T13:21:56.741+0000,10,Microsoft-Windows-Sysmon/Operational,ict3214:attack_trace,PS-HOST-01,,,,,,,C:\Program Files\Mozilla Firefox\firefox.exe,C:\Program Files\Mozilla Firefox\firefox.exe,0x40,,,,,,,{E983936C-CD5C-6006-8407-00000000A301},6812,{E983936C-CD5F-6006-8607-00000000A301},4500,,T1059.001,PowerShell,Execution,TRACE-PS-01,powershell,https://raw.githubusercontent.com/splunk/attack_data/master/datasets/attack_techniques/T1059.001/encoded_powershell/windows-sysmon.log,4f5074a624c321858955a74db95c30143dabfda982f4757daea5896ad66880f4,false,Execution,none,raw Computer/IpAddress/User fields,
2021-01-19T13:21:56.898+0000,2021-01-19T13:21:56.898+0000,10,Microsoft-Windows-Sysmon/Operational,ict3214:attack_trace,PS-HOST-01,,,,,,,C:\Program Files\Mozilla Firefox\firefox.exe,C:\Program Files\Mozilla Firefox\firefox.exe,0x40,,,,,,,{E983936C-CD5C-6006-8407-00000000A301},6812,{E983936C-CD5F-6006-8607-00000000A301},4500,,T1059.001,PowerShell,Execution,TRACE-PS-01,powershell,https://raw.githubusercontent.com/splunk/attack_data/master/datasets/attack_techniques/T1059.001/encoded_powershell/windows-sysmon.log,23c6ebea1d050afdb4cc595832524ebb3be682e262b13c3d4b32e6658d1c476a,false,Execution,none,raw Computer/IpAddress/User fields,
2021-01-19T13:21:56.898+0000,2021-01-19T13:21:56.898+0000,10,Microsoft-Windows-Sysmon/Operational,ict3214:attack_trace,PS-HOST-01,,,,,,,C:\Program Files\Mozilla Firefox\firefox.exe,C:\Program Files\Mozilla Firefox\firefox.exe,0x40,,,,,,,{E983936C-CD5C-6006-8407-00000000A301},6812,{E983936C-CD5F-6006-8607-00000000A301},4500,,T1059.001,PowerShell,Execution,TRACE-PS-01,powershell,https://raw.githubusercontent.com/splunk/attack_data/master/datasets/attack_techniques/T1059.001/encoded_powershell/windows-sysmon.log,90afaa8b7797c039c9ec5f4770f87fc1dedb39c2933eee402d96b492e1586ecb,false,Execution,none,raw Computer/IpAddress/User fields,
2021-01-19T13:21:56.902+0000,2021-01-19T13:21:56.902+0000,10,Microsoft-Windows-Sysmon/Operational,ict3214:attack_trace,PS-HOST-01,,,,,,,C:\Program Files\Mozilla Firefox\firefox.exe,C:\Program Files\Mozilla Firefox\firefox.exe,0x40,,,,,,,{E983936C-CD5C-6006-8407-00000000A301},6812,{E983936C-CD5F-6006-8607-00000000A301},4500,,T1059.001,PowerShell,Execution,TRACE-PS-01,powershell,https://raw.githubusercontent.com/splunk/attack_data/master/datasets/attack_techniques/T1059.001/encoded_powershell/windows-sysmon.log,557d712ddd4da7f4d77cc55502f7ffc9976c7da6c35c73ae4540e42107a4dd31,false,Execution,none,raw Computer/IpAddress/User fields,
2021-01-19T13:21:56.914+0000,2021-01-19T13:21:56.914+0000,10,Microsoft-Windows-Sysmon/Operational,ict3214:attack_trace,PS-HOST-01,,,,,,,C:\Program Files\Mozilla Firefox\firefox.exe,C:\Program Files\Mozilla Firefox\firefox.exe,0x40,,,,,,,{E983936C-CD5C-6006-8407-00000000A301},6812,{E983936C-CD5F-6006-8607-00000000A301},4500,,T1059.001,PowerShell,Execution,TRACE-PS-01,powershell,https://raw.githubusercontent.com/splunk/attack_data/master/datasets/attack_techniques/T1059.001/encoded_powershell/windows-sysmon.log,090adec865773e29f57058c043e89c18d2157aa3daee87291209cc95ff5881a7,false,Execution,none,raw Computer/IpAddress/User fields,
2021-01-19T13:21:56.968+0000,2021-01-19T13:21:56.968+0000,10,Microsoft-Windows-Sysmon/Operational,ict3214:attack_trace,PS-HOST-01,,,,,,,C:\Program Files\Mozilla Firefox\firefox.exe,C:\Program Files\Mozilla Firefox\firefox.exe,0x40,,,,,,,{E983936C-CD5C-6006-8407-00000000A301},6812,{E983936C-CD5F-6006-8607-00000000A301},4500,,T1059.001,PowerShell,Execution,TRACE-PS-01,powershell,https://raw.githubusercontent.com/splunk/attack_data/master/datasets/attack_techniques/T1059.001/encoded_powershell/windows-sysmon.log,9cff86292b6384673a9ed390dd2f4fb499aca380010d8da30bf40bc254900a4d,false,Execution,none,raw Computer/IpAddress/User fields,
2021-01-19T13:21:57.190+0000,2021-01-19T13:21:57.190+0000,10,Microsoft-Windows-Sysmon/Operational,ict3214:attack_trace,PS-HOST-01,,,,,,,C:\Program Files\Mozilla Firefox\firefox.exe,C:\Program Files\Mozilla Firefox\firefox.exe,0x40,,,,,,,{E983936C-CD5C-6006-8407-00000000A301},6812,{E983936C-CD5F-6006-8607-00000000A301},4500,,T1059.001,PowerShell,Execution,TRACE-PS-01,powershell,https://raw.githubusercontent.com/splunk/attack_data/master/datasets/attack_techniques/T1059.001/encoded_powershell/windows-sysmon.log,8b6a33727ebbacc83838a41787daf7fb2b7cbd25e87fc61566c2b0417b6c987c,false,Execution,none,raw Computer/IpAddress/User fields,
2021-01-19T13:21:57.190+0000,2021-01-19T13:21:57.190+0000,10,Microsoft-Windows-Sysmon/Operational,ict3214:attack_trace,PS-HOST-01,,,,,,,C:\Program Files\Mozilla Firefox\firefox.exe,C:\Program Files\Mozilla Firefox\firefox.exe,0x40,,,,,,,{E983936C-CD5C-6006-8407-00000000A301},6812,{E983936C-CD5F-6006-8607-00000000A301},4500,,T1059.001,PowerShell,Execution,TRACE-PS-01,powershell,https://raw.githubusercontent.com/splunk/attack_data/master/datasets/attack_techniques/T1059.001/encoded_powershell/windows-sysmon.log,8c93a7db41ed57f4f1e587ab1731211cc52e0452242e74ca3e33328d1de2d164,false,Execution,none,raw Computer/IpAddress/User fields,
2021-01-19T13:21:57.191+0000,2021-01-19T13:21:57.191+0000,10,Microsoft-Windows-Sysmon/Operational,ict3214:attack_trace,PS-HOST-01,,,,,,,C:\Program Files\Mozilla Firefox\firefox.exe,C:\Program Files\Mozilla Firefox\firefox.exe,0x40,,,,,,,{E983936C-CD5C-6006-8407-00000000A301},6812,{E983936C-CD5F-6006-8607-00000000A301},4500,,T1059.001,PowerShell,Execution,TRACE-PS-01,powershell,https://raw.githubusercontent.com/splunk/attack_data/master/datasets/attack_techniques/T1059.001/encoded_powershell/windows-sysmon.log,473de5460900181ee92cc559463abc8cdb77d63ca2d5bfc0f9f33b3de1e0fb9d,false,Execution,none,raw Computer/IpAddress/User fields,
2021-01-19T13:21:57.191+0000,2021-01-19T13:21:57.191+0000,10,Microsoft-Windows-Sysmon/Operational,ict3214:attack_trace,PS-HOST-01,,,,,,,C:\Program Files\Mozilla Firefox\firefox.exe,C:\Program Files\Mozilla Firefox\firefox.exe,0x40,,,,,,,{E983936C-CD5C-6006-8407-00000000A301},6812,{E983936C-CD5F-6006-8607-00000000A301},4500,,T1059.001,PowerShell,Execution,TRACE-PS-01,powershell,https://raw.githubusercontent.com/splunk/attack_data/master/datasets/attack_techniques/T1059.001/encoded_powershell/windows-sysmon.log,5c72f76d6e5c5945ee9c3db95f19b2c495fc1df59f2f224e6914b76c7050c4dc,false,Execution,none,raw Computer/IpAddress/User fields,
2021-01-19T13:21:57.193+0000,2021-01-19T13:21:57.193+0000,10,Microsoft-Windows-Sysmon/Operational,ict3214:attack_trace,PS-HOST-01,,,,,,,C:\Program Files\Mozilla Firefox\firefox.exe,C:\Program Files\Mozilla Firefox\firefox.exe,0x40,,,,,,,{E983936C-CD5C-6006-8407-00000000A301},6812,{E983936C-CD5F-6006-8607-00000000A301},4500,,T1059.001,PowerShell,Execution,TRACE-PS-01,powershell,https://raw.githubusercontent.com/splunk/attack_data/master/datasets/attack_techniques/T1059.001/encoded_powershell/windows-sysmon.log,33a55e9d1a0ea40eec16b56cc0525d3323c63f721dd33ccef6c63206291af99d,false,Execution,none,raw Computer/IpAddress/User fields,
2021-01-19T13:21:57.194+0000,2021-01-19T13:21:57.194+0000,10,Microsoft-Windows-Sysmon/Operational,ict3214:attack_trace,PS-HOST-01,,,,,,,C:\Program Files\Mozilla Firefox\firefox.exe,C:\Program Files\Mozilla Firefox\firefox.exe,0x40,,,,,,,{E983936C-CD5C-6006-8407-00000000A301},6812,{E983936C-CD5F-6006-8607-00000000A301},4500,,T1059.001,PowerShell,Execution,TRACE-PS-01,powershell,https://raw.githubusercontent.com/splunk/attack_data/master/datasets/attack_techniques/T1059.001/encoded_powershell/windows-sysmon.log,167a173a428c78580e9628fc749589975e5e4876922a775085d2f3d4293b7458,false,Execution,none,raw Computer/IpAddress/User fields,
2021-01-19T13:21:57.194+0000,2021-01-19T13:21:57.194+0000,10,Microsoft-Windows-Sysmon/Operational,ict3214:attack_trace,PS-HOST-01,,,,,,,C:\Program Files\Mozilla Firefox\firefox.exe,C:\Program Files\Mozilla Firefox\firefox.exe,0x40,,,,,,,{E983936C-CD5C-6006-8407-00000000A301},6812,{E983936C-CD5F-6006-8607-00000000A301},4500,,T1059.001,PowerShell,Execution,TRACE-PS-01,powershell,https://raw.githubusercontent.com/splunk/attack_data/master/datasets/attack_techniques/T1059.001/encoded_powershell/windows-sysmon.log,2298ad06c97b506cc73e8faf9d34b330a7e898b1ce9d8b68cfcdba7fbf078549,false,Execution,none,raw Computer/IpAddress/User fields,
2021-01-19T13:21:57.195+0000,2021-01-19T13:21:57.195+0000,10,Microsoft-Windows-Sysmon/Operational,ict3214:attack_trace,PS-HOST-01,,,,,,,C:\Program Files\Mozilla Firefox\firefox.exe,C:\Program Files\Mozilla Firefox\firefox.exe,0x40,,,,,,,{E983936C-CD5C-6006-8407-00000000A301},6812,{E983936C-CD5F-6006-8607-00000000A301},4500,,T1059.001,PowerShell,Execution,TRACE-PS-01,powershell,https://raw.githubusercontent.com/splunk/attack_data/master/datasets/attack_techniques/T1059.001/encoded_powershell/windows-sysmon.log,8bda79471334973e9243861170ac1a653395d2a2aa85f723cadab26e4719b559,false,Execution,none,raw Computer/IpAddress/User fields,
2021-01-19T13:21:57.195+0000,2021-01-19T13:21:57.195+0000,10,Microsoft-Windows-Sysmon/Operational,ict3214:attack_trace,PS-HOST-01,,,,,,,C:\Program Files\Mozilla Firefox\firefox.exe,C:\Program Files\Mozilla Firefox\firefox.exe,0x40,,,,,,,{E983936C-CD5C-6006-8407-00000000A301},6812,{E983936C-CD5F-6006-8607-00000000A301},4500,,T1059.001,PowerShell,Execution,TRACE-PS-01,powershell,https://raw.githubusercontent.com/splunk/attack_data/master/datasets/attack_techniques/T1059.001/encoded_powershell/windows-sysmon.log,e8b68c9e529a8abb4a0a545af33ff8c12cc4f3f80a66b063b3690393474ee736,false,Execution,none,raw Computer/IpAddress/User fields,
2021-01-19T13:21:57.195+0000,2021-01-19T13:21:57.195+0000,10,Microsoft-Windows-Sysmon/Operational,ict3214:attack_trace,PS-HOST-01,,,,,,,C:\Program Files\Mozilla Firefox\firefox.exe,C:\Program Files\Mozilla Firefox\firefox.exe,0x40,,,,,,,{E983936C-CD5C-6006-8407-00000000A301},6812,{E983936C-CD5F-6006-8607-00000000A301},4500,,T1059.001,PowerShell,Execution,TRACE-PS-01,powershell,https://raw.githubusercontent.com/splunk/attack_data/master/datasets/attack_techniques/T1059.001/encoded_powershell/windows-sysmon.log,eab4eb4f2323179b810929eeaf6a158813994a8f5470b7e827250a1f03a84f04,false,Execution,none,raw Computer/IpAddress/User fields,
2021-01-19T13:21:57.196+0000,2021-01-19T13:21:57.196+0000,10,Microsoft-Windows-Sysmon/Operational,ict3214:attack_trace,PS-HOST-01,,,,,,,C:\Program Files\Mozilla Firefox\firefox.exe,C:\Program Files\Mozilla Firefox\firefox.exe,0x40,,,,,,,{E983936C-CD5C-6006-8407-00000000A301},6812,{E983936C-CD5F-6006-8607-00000000A301},4500,,T1059.001,PowerShell,Execution,TRACE-PS-01,powershell,https://raw.githubusercontent.com/splunk/attack_data/master/datasets/attack_techniques/T1059.001/encoded_powershell/windows-sysmon.log,6c849beeb1e8eb6ff6b3934318a98a8d29f3b831b3974c5481ea90056c261bf6,false,Execution,none,raw Computer/IpAddress/User fields,
2021-01-19T13:21:57.196+0000,2021-01-19T13:21:57.196+0000,10,Microsoft-Windows-Sysmon/Operational,ict3214:attack_trace,PS-HOST-01,,,,,,,C:\Program Files\Mozilla Firefox\firefox.exe,C:\Program Files\Mozilla Firefox\firefox.exe,0x40,,,,,,,{E983936C-CD5C-6006-8407-00000000A301},6812,{E983936C-CD5F-6006-8607-00000000A301},4500,,T1059.001,PowerShell,Execution,TRACE-PS-01,powershell,https://raw.githubusercontent.com/splunk/attack_data/master/datasets/attack_techniques/T1059.001/encoded_powershell/windows-sysmon.log,868c8111eaec2372fa1751d9acf9b9393c4a9726928a9e96496c07064327f488,false,Execution,none,raw Computer/IpAddress/User fields,
2021-01-19T13:21:57.196+0000,2021-01-19T13:21:57.196+0000,10,Microsoft-Windows-Sysmon/Operational,ict3214:attack_trace,PS-HOST-01,,,,,,,C:\Program Files\Mozilla Firefox\firefox.exe,C:\Program Files\Mozilla Firefox\firefox.exe,0x40,,,,,,,{E983936C-CD5C-6006-8407-00000000A301},6812,{E983936C-CD5F-6006-8607-00000000A301},4500,,T1059.001,PowerShell,Execution,TRACE-PS-01,powershell,https://raw.githubusercontent.com/splunk/attack_data/master/datasets/attack_techniques/T1059.001/encoded_powershell/windows-sysmon.log,bbad081ede00328efd8cc0c64bb9ad29f7b1ad4f683386cf0624dec20afc2702,false,Execution,none,raw Computer/IpAddress/User fields,
2021-01-19T13:21:57.196+0000,2021-01-19T13:21:57.196+0000,10,Microsoft-Windows-Sysmon/Operational,ict3214:attack_trace,PS-HOST-01,,,,,,,C:\Program Files\Mozilla Firefox\firefox.exe,C:\Program Files\Mozilla Firefox\firefox.exe,0x40,,,,,,,{E983936C-CD5C-6006-8407-00000000A301},6812,{E983936C-CD5F-6006-8607-00000000A301},4500,,T1059.001,PowerShell,Execution,TRACE-PS-01,powershell,https://raw.githubusercontent.com/splunk/attack_data/master/datasets/attack_techniques/T1059.001/encoded_powershell/windows-sysmon.log,fb63ffe04977332426ed9f6775bd386212d94fa6488aae5f46f05ae573a722ab,false,Execution,none,raw Computer/IpAddress/User fields,
2021-01-19T13:21:57.197+0000,2021-01-19T13:21:57.197+0000,10,Microsoft-Windows-Sysmon/Operational,ict3214:attack_trace,PS-HOST-01,,,,,,,C:\Program Files\Mozilla Firefox\firefox.exe,C:\Program Files\Mozilla Firefox\firefox.exe,0x40,,,,,,,{E983936C-CD5C-6006-8407-00000000A301},6812,{E983936C-CD5F-6006-8607-00000000A301},4500,,T1059.001,PowerShell,Execution,TRACE-PS-01,powershell,https://raw.githubusercontent.com/splunk/attack_data/master/datasets/attack_techniques/T1059.001/encoded_powershell/windows-sysmon.log,397d2b7bf1635999b4f4a989204741b79b0ca0d5eb5582791aaefc285929a271,false,Execution,none,raw Computer/IpAddress/User fields,
2021-01-19T13:21:57.197+0000,2021-01-19T13:21:57.197+0000,10,Microsoft-Windows-Sysmon/Operational,ict3214:attack_trace,PS-HOST-01,,,,,,,C:\Program Files\Mozilla Firefox\firefox.exe,C:\Program Files\Mozilla Firefox\firefox.exe,0x40,,,,,,,{E983936C-CD5C-6006-8407-00000000A301},6812,{E983936C-CD5F-6006-8607-00000000A301},4500,,T1059.001,PowerShell,Execution,TRACE-PS-01,powershell,https://raw.githubusercontent.com/splunk/attack_data/master/datasets/attack_techniques/T1059.001/encoded_powershell/windows-sysmon.log,a89e04454350f09b7e82650dfb4b1a8bf70624b51407ad14a91235aa3cf4e10d,false,Execution,none,raw Computer/IpAddress/User fields,
2021-01-19T13:21:57.198+0000,2021-01-19T13:21:57.198+0000,10,Microsoft-Windows-Sysmon/Operational,ict3214:attack_trace,PS-HOST-01,,,,,,,C:\Program Files\Mozilla Firefox\firefox.exe,C:\Program Files\Mozilla Firefox\firefox.exe,0x40,,,,,,,{E983936C-CD5C-6006-8407-00000000A301},6812,{E983936C-CD5F-6006-8607-00000000A301},4500,,T1059.001,PowerShell,Execution,TRACE-PS-01,powershell,https://raw.githubusercontent.com/splunk/attack_data/master/datasets/attack_techniques/T1059.001/encoded_powershell/windows-sysmon.log,da448fd31700d59c977a9a89275a1cf9221750d1ecc221f786c31899e0c5c5c6,false,Execution,none,raw Computer/IpAddress/User fields,
2021-01-19T13:21:57.199+0000,2021-01-19T13:21:57.199+0000,10,Microsoft-Windows-Sysmon/Operational,ict3214:attack_trace,PS-HOST-01,,,,,,,C:\Program Files\Mozilla Firefox\firefox.exe,C:\Program Files\Mozilla Firefox\firefox.exe,0x40,,,,,,,{E983936C-CD5C-6006-8407-00000000A301},6812,{E983936C-CD5F-6006-8607-00000000A301},4500,,T1059.001,PowerShell,Execution,TRACE-PS-01,powershell,https://raw.githubusercontent.com/splunk/attack_data/master/datasets/attack_techniques/T1059.001/encoded_powershell/windows-sysmon.log,63c9b75ec61e663360607d4cd98cc0fe343b556ed74bce5bb958c5d0f97b6d7e,false,Execution,none,raw Computer/IpAddress/User fields,
2021-01-19T13:21:57.200+0000,2021-01-19T13:21:57.200+0000,10,Microsoft-Windows-Sysmon/Operational,ict3214:attack_trace,PS-HOST-01,,,,,,,C:\Program Files\Mozilla Firefox\firefox.exe,C:\Program Files\Mozilla Firefox\firefox.exe,0x40,,,,,,,{E983936C-CD5C-6006-8407-00000000A301},6812,{E983936C-CD5F-6006-8607-00000000A301},4500,,T1059.001,PowerShell,Execution,TRACE-PS-01,powershell,https://raw.githubusercontent.com/splunk/attack_data/master/datasets/attack_techniques/T1059.001/encoded_powershell/windows-sysmon.log,2d803a5fe558c1ee8d4923d9aeac46d34a04bb0338d1f45991c2f7698e4047ea,false,Execution,none,raw Computer/IpAddress/User fields,
2021-01-19T13:21:57.201+0000,2021-01-19T13:21:57.201+0000,10,Microsoft-Windows-Sysmon/Operational,ict3214:attack_trace,PS-HOST-01,,,,,,,C:\Program Files\Mozilla Firefox\firefox.exe,C:\Program Files\Mozilla Firefox\firefox.exe,0x40,,,,,,,{E983936C-CD5C-6006-8407-00000000A301},6812,{E983936C-CD5F-6006-8607-00000000A301},4500,,T1059.001,PowerShell,Execution,TRACE-PS-01,powershell,https://raw.githubusercontent.com/splunk/attack_data/master/datasets/attack_techniques/T1059.001/encoded_powershell/windows-sysmon.log,f1ad3efa486529e9ded1a54ae55d18dae440079987e8598009a9e518535b9277,false,Execution,none,raw Computer/IpAddress/User fields,
2021-01-19T13:21:57.202+0000,2021-01-19T13:21:57.202+0000,10,Microsoft-Windows-Sysmon/Operational,ict3214:attack_trace,PS-HOST-01,,,,,,,C:\Program Files\Mozilla Firefox\firefox.exe,C:\Program Files\Mozilla Firefox\firefox.exe,0x40,,,,,,,{E983936C-CD5C-6006-8407-00000000A301},6812,{E983936C-CD5F-6006-8607-00000000A301},4500,,T1059.001,PowerShell,Execution,TRACE-PS-01,powershell,https://raw.githubusercontent.com/splunk/attack_data/master/datasets/attack_techniques/T1059.001/encoded_powershell/windows-sysmon.log,3f5736673abaaea5600251d49544fd407e889dcc24ad9cc71377671473efe67c,false,Execution,none,raw Computer/IpAddress/User fields,
2021-01-19T13:21:57.202+0000,2021-01-19T13:21:57.202+0000,10,Microsoft-Windows-Sysmon/Operational,ict3214:attack_trace,PS-HOST-01,,,,,,,C:\Program Files\Mozilla Firefox\firefox.exe,C:\Program Files\Mozilla Firefox\firefox.exe,0x40,,,,,,,{E983936C-CD5C-6006-8407-00000000A301},6812,{E983936C-CD5F-6006-8607-00000000A301},4500,,T1059.001,PowerShell,Execution,TRACE-PS-01,powershell,https://raw.githubusercontent.com/splunk/attack_data/master/datasets/attack_techniques/T1059.001/encoded_powershell/windows-sysmon.log,d3e886e693ef6343199063e85fa47b53f532a00bb168f4fd102f5b8c5e217c98,false,Execution,none,raw Computer/IpAddress/User fields,
2021-01-19T13:21:57.204+0000,2021-01-19T13:21:57.204+0000,10,Microsoft-Windows-Sysmon/Operational,ict3214:attack_trace,PS-HOST-01,,,,,,,C:\Program Files\Mozilla Firefox\firefox.exe,C:\Program Files\Mozilla Firefox\firefox.exe,0x40,,,,,,,{E983936C-CD5C-6006-8407-00000000A301},6812,{E983936C-CD5F-6006-8607-00000000A301},4500,,T1059.001,PowerShell,Execution,TRACE-PS-01,powershell,https://raw.githubusercontent.com/splunk/attack_data/master/datasets/attack_techniques/T1059.001/encoded_powershell/windows-sysmon.log,78e004e546b18460e78dadc0a178aa08a098e265eed4982562b665dcf7c05f46,false,Execution,none,raw Computer/IpAddress/User fields,
2021-01-19T13:21:57.205+0000,2021-01-19T13:21:57.205+0000,10,Microsoft-Windows-Sysmon/Operational,ict3214:attack_trace,PS-HOST-01,,,,,,,C:\Program Files\Mozilla Firefox\firefox.exe,C:\Program Files\Mozilla Firefox\firefox.exe,0x40,,,,,,,{E983936C-CD5C-6006-8407-00000000A301},6812,{E983936C-CD5F-6006-8607-00000000A301},4500,,T1059.001,PowerShell,Execution,TRACE-PS-01,powershell,https://raw.githubusercontent.com/splunk/attack_data/master/datasets/attack_techniques/T1059.001/encoded_powershell/windows-sysmon.log,927e96c5b1cb286ab9f3a9800a3ed8f25787b0c439249860a50db6846b88c950,false,Execution,none,raw Computer/IpAddress/User fields,
2021-01-19T13:21:57.206+0000,2021-01-19T13:21:57.206+0000,10,Microsoft-Windows-Sysmon/Operational,ict3214:attack_trace,PS-HOST-01,,,,,,,C:\Program Files\Mozilla Firefox\firefox.exe,C:\Program Files\Mozilla Firefox\firefox.exe,0x40,,,,,,,{E983936C-CD5C-6006-8407-00000000A301},6812,{E983936C-CD5F-6006-8607-00000000A301},4500,,T1059.001,PowerShell,Execution,TRACE-PS-01,powershell,https://raw.githubusercontent.com/splunk/attack_data/master/datasets/attack_techniques/T1059.001/encoded_powershell/windows-sysmon.log,c0986a40ac5031137f5ba66b13699097ddf09e7baedde5530bdcb2bf19cc8982,false,Execution,none,raw Computer/IpAddress/User fields,
2021-01-19T13:21:57.206+0000,2021-01-19T13:21:57.206+0000,10,Microsoft-Windows-Sysmon/Operational,ict3214:attack_trace,PS-HOST-01,,,,,,,C:\Program Files\Mozilla Firefox\firefox.exe,C:\Program Files\Mozilla Firefox\firefox.exe,0x40,,,,,,,{E983936C-CD5C-6006-8407-00000000A301},6812,{E983936C-CD5F-6006-8607-00000000A301},4500,,T1059.001,PowerShell,Execution,TRACE-PS-01,powershell,https://raw.githubusercontent.com/splunk/attack_data/master/datasets/attack_techniques/T1059.001/encoded_powershell/windows-sysmon.log,f27c74894195441af5053d5b8508e3d927ffde1e58cbf1936d2f533a8cdc523a,false,Execution,none,raw Computer/IpAddress/User fields,
2021-01-19T13:21:57.207+0000,2021-01-19T13:21:57.207+0000,10,Microsoft-Windows-Sysmon/Operational,ict3214:attack_trace,PS-HOST-01,,,,,,,C:\Program Files\Mozilla Firefox\firefox.exe,C:\Program Files\Mozilla Firefox\firefox.exe,0x40,,,,,,,{E983936C-CD5C-6006-8407-00000000A301},6812,{E983936C-CD5F-6006-8607-00000000A301},4500,,T1059.001,PowerShell,Execution,TRACE-PS-01,powershell,https://raw.githubusercontent.com/splunk/attack_data/master/datasets/attack_techniques/T1059.001/encoded_powershell/windows-sysmon.log,5af8d92d063f4020988cc8d092c5ddbc9249cf8204b5d12561a4bb30c40d7eae,false,Execution,none,raw Computer/IpAddress/User fields,
2021-01-19T13:21:57.209+0000,2021-01-19T13:21:57.209+0000,10,Microsoft-Windows-Sysmon/Operational,ict3214:attack_trace,PS-HOST-01,,,,,,,C:\Program Files\Mozilla Firefox\firefox.exe,C:\Program Files\Mozilla Firefox\firefox.exe,0x40,,,,,,,{E983936C-CD5C-6006-8407-00000000A301},6812,{E983936C-CD5F-6006-8607-00000000A301},4500,,T1059.001,PowerShell,Execution,TRACE-PS-01,powershell,https://raw.githubusercontent.com/splunk/attack_data/master/datasets/attack_techniques/T1059.001/encoded_powershell/windows-sysmon.log,38377d21268f4194d4d0c27c7944487e93c01bfcf99be20771177730374cd962,false,Execution,none,raw Computer/IpAddress/User fields,
2021-01-19T13:21:57.209+0000,2021-01-19T13:21:57.209+0000,10,Microsoft-Windows-Sysmon/Operational,ict3214:attack_trace,PS-HOST-01,,,,,,,C:\Program Files\Mozilla Firefox\firefox.exe,C:\Program Files\Mozilla Firefox\firefox.exe,0x40,,,,,,,{E983936C-CD5C-6006-8407-00000000A301},6812,{E983936C-CD5F-6006-8607-00000000A301},4500,,T1059.001,PowerShell,Execution,TRACE-PS-01,powershell,https://raw.githubusercontent.com/splunk/attack_data/master/datasets/attack_techniques/T1059.001/encoded_powershell/windows-sysmon.log,5e7f8ee131d8a210b963dbe1a6fe0383ecfbdd9ab52728c32fc2a3e9e29641a1,false,Execution,none,raw Computer/IpAddress/User fields,
2021-01-19T13:21:57.210+0000,2021-01-19T13:21:57.210+0000,10,Microsoft-Windows-Sysmon/Operational,ict3214:attack_trace,PS-HOST-01,,,,,,,C:\Program Files\Mozilla Firefox\firefox.exe,C:\Program Files\Mozilla Firefox\firefox.exe,0x40,,,,,,,{E983936C-CD5C-6006-8407-00000000A301},6812,{E983936C-CD5F-6006-8607-00000000A301},4500,,T1059.001,PowerShell,Execution,TRACE-PS-01,powershell,https://raw.githubusercontent.com/splunk/attack_data/master/datasets/attack_techniques/T1059.001/encoded_powershell/windows-sysmon.log,a3e67a40a187a76523a37362fe0aa4c69936472b59e07ffe5d290ff5fe4325cf,false,Execution,none,raw Computer/IpAddress/User fields,
2021-01-19T13:21:57.210+0000,2021-01-19T13:21:57.210+0000,10,Microsoft-Windows-Sysmon/Operational,ict3214:attack_trace,PS-HOST-01,,,,,,,C:\Program Files\Mozilla Firefox\firefox.exe,C:\Program Files\Mozilla Firefox\firefox.exe,0x40,,,,,,,{E983936C-CD5C-6006-8407-00000000A301},6812,{E983936C-CD5F-6006-8607-00000000A301},4500,,T1059.001,PowerShell,Execution,TRACE-PS-01,powershell,https://raw.githubusercontent.com/splunk/attack_data/master/datasets/attack_techniques/T1059.001/encoded_powershell/windows-sysmon.log,a42667a64f1744a2cfab325722e9bd63bdecf24f164cb7244c7d6b56240dd64b,false,Execution,none,raw Computer/IpAddress/User fields,
2021-01-19T13:21:57.210+0000,2021-01-19T13:21:57.210+0000,10,Microsoft-Windows-Sysmon/Operational,ict3214:attack_trace,PS-HOST-01,,,,,,,C:\Program Files\Mozilla Firefox\firefox.exe,C:\Program Files\Mozilla Firefox\firefox.exe,0x40,,,,,,,{E983936C-CD5C-6006-8407-00000000A301},6812,{E983936C-CD5F-6006-8607-00000000A301},4500,,T1059.001,PowerShell,Execution,TRACE-PS-01,powershell,https://raw.githubusercontent.com/splunk/attack_data/master/datasets/attack_techniques/T1059.001/encoded_powershell/windows-sysmon.log,b9e3e15c38c9664f767d2ff71a8c85c53b56d5fe9ff3f2f750a59cf9bd8281f0,false,Execution,none,raw Computer/IpAddress/User fields,
2021-01-19T13:21:57.211+0000,2021-01-19T13:21:57.211+0000,10,Microsoft-Windows-Sysmon/Operational,ict3214:attack_trace,PS-HOST-01,,,,,,,C:\Program Files\Mozilla Firefox\firefox.exe,C:\Program Files\Mozilla Firefox\firefox.exe,0x40,,,,,,,{E983936C-CD5C-6006-8407-00000000A301},6812,{E983936C-CD5F-6006-8607-00000000A301},4500,,T1059.001,PowerShell,Execution,TRACE-PS-01,powershell,https://raw.githubusercontent.com/splunk/attack_data/master/datasets/attack_techniques/T1059.001/encoded_powershell/windows-sysmon.log,2def5dadf49fd9e13e9e5194b19cbacab72c2aa30958893cf82a3edeba1ef27c,false,Execution,none,raw Computer/IpAddress/User fields,
2021-01-19T13:21:57.211+0000,2021-01-19T13:21:57.211+0000,10,Microsoft-Windows-Sysmon/Operational,ict3214:attack_trace,PS-HOST-01,,,,,,,C:\Program Files\Mozilla Firefox\firefox.exe,C:\Program Files\Mozilla Firefox\firefox.exe,0x40,,,,,,,{E983936C-CD5C-6006-8407-00000000A301},6812,{E983936C-CD5F-6006-8607-00000000A301},4500,,T1059.001,PowerShell,Execution,TRACE-PS-01,powershell,https://raw.githubusercontent.com/splunk/attack_data/master/datasets/attack_techniques/T1059.001/encoded_powershell/windows-sysmon.log,afc98d8bdba89cd07d1ef2187c56880efb54ebe0599d8e7319cd68d4d22afbab,false,Execution,none,raw Computer/IpAddress/User fields,
2021-01-19T13:21:57.211+0000,2021-01-19T13:21:57.211+0000,10,Microsoft-Windows-Sysmon/Operational,ict3214:attack_trace,PS-HOST-01,,,,,,,C:\Program Files\Mozilla Firefox\firefox.exe,C:\Program Files\Mozilla Firefox\firefox.exe,0x40,,,,,,,{E983936C-CD5C-6006-8407-00000000A301},6812,{E983936C-CD5F-6006-8607-00000000A301},4500,,T1059.001,PowerShell,Execution,TRACE-PS-01,powershell,https://raw.githubusercontent.com/splunk/attack_data/master/datasets/attack_techniques/T1059.001/encoded_powershell/windows-sysmon.log,da15ace98151e4ccf7d1198ab2d641043ae3194417493330d8a3ca4998c0b0c6,false,Execution,none,raw Computer/IpAddress/User fields,
2021-01-19T13:21:57.212+0000,2021-01-19T13:21:57.212+0000,10,Microsoft-Windows-Sysmon/Operational,ict3214:attack_trace,PS-HOST-01,,,,,,,C:\Program Files\Mozilla Firefox\firefox.exe,C:\Program Files\Mozilla Firefox\firefox.exe,0x40,,,,,,,{E983936C-CD5C-6006-8407-00000000A301},6812,{E983936C-CD5F-6006-8607-00000000A301},4500,,T1059.001,PowerShell,Execution,TRACE-PS-01,powershell,https://raw.githubusercontent.com/splunk/attack_data/master/datasets/attack_techniques/T1059.001/encoded_powershell/windows-sysmon.log,843532087d9ebdc9d03e9dbca63438903979c2922bb8bc0a93db1df11b736246,false,Execution,none,raw Computer/IpAddress/User fields,
2021-01-19T13:21:57.212+0000,2021-01-19T13:21:57.212+0000,10,Microsoft-Windows-Sysmon/Operational,ict3214:attack_trace,PS-HOST-01,,,,,,,C:\Program Files\Mozilla Firefox\firefox.exe,C:\Program Files\Mozilla Firefox\firefox.exe,0x40,,,,,,,{E983936C-CD5C-6006-8407-00000000A301},6812,{E983936C-CD5F-6006-8607-00000000A301},4500,,T1059.001,PowerShell,Execution,TRACE-PS-01,powershell,https://raw.githubusercontent.com/splunk/attack_data/master/datasets/attack_techniques/T1059.001/encoded_powershell/windows-sysmon.log,ce4b475101a2e096e77b3dd924a0247bc8935f47ca6f5bb9a39e4d657a6948ea,false,Execution,none,raw Computer/IpAddress/User fields,
2021-01-19T13:21:57.213+0000,2021-01-19T13:21:57.213+0000,10,Microsoft-Windows-Sysmon/Operational,ict3214:attack_trace,PS-HOST-01,,,,,,,C:\Program Files\Mozilla Firefox\firefox.exe,C:\Program Files\Mozilla Firefox\firefox.exe,0x40,,,,,,,{E983936C-CD5C-6006-8407-00000000A301},6812,{E983936C-CD5F-6006-8607-00000000A301},4500,,T1059.001,PowerShell,Execution,TRACE-PS-01,powershell,https://raw.githubusercontent.com/splunk/attack_data/master/datasets/attack_techniques/T1059.001/encoded_powershell/windows-sysmon.log,53b5584752bd395e30243508b3616b130d701f6854bb2b32ddb33d00d267d20a,false,Execution,none,raw Computer/IpAddress/User fields,
2021-01-19T13:21:57.353+0000,2021-01-19T13:21:57.353+0000,10,Microsoft-Windows-Sysmon/Operational,ict3214:attack_trace,PS-HOST-01,,,,,,,C:\Program Files\Mozilla Firefox\firefox.exe,C:\Program Files\Mozilla Firefox\firefox.exe,0x40,,,,,,,{E983936C-CD5C-6006-8407-00000000A301},6812,{E983936C-CD5F-6006-8607-00000000A301},4500,,T1059.001,PowerShell,Execution,TRACE-PS-01,powershell,https://raw.githubusercontent.com/splunk/attack_data/master/datasets/attack_techniques/T1059.001/encoded_powershell/windows-sysmon.log,8f8773908cb41d1e5c342966a81e89400b3d89aa1b55198fa5cced21622ad92e,false,Execution,none,raw Computer/IpAddress/User fields,
2021-01-19T13:21:57.357+0000,2021-01-19T13:21:57.357+0000,10,Microsoft-Windows-Sysmon/Operational,ict3214:attack_trace,PS-HOST-01,,,,,,,C:\Program Files\Mozilla Firefox\firefox.exe,C:\Program Files\Mozilla Firefox\firefox.exe,0x40,,,,,,,{E983936C-CD5C-6006-8407-00000000A301},6812,{E983936C-CD5F-6006-8607-00000000A301},4500,,T1059.001,PowerShell,Execution,TRACE-PS-01,powershell,https://raw.githubusercontent.com/splunk/attack_data/master/datasets/attack_techniques/T1059.001/encoded_powershell/windows-sysmon.log,f0f03890adb25a21c371c0afbfa81d3a0b9522cf00e08e5160cb5d8a73534362,false,Execution,none,raw Computer/IpAddress/User fields,
2021-01-19T13:21:57.358+0000,2021-01-19T13:21:57.358+0000,10,Microsoft-Windows-Sysmon/Operational,ict3214:attack_trace,PS-HOST-01,,,,,,,C:\Program Files\Mozilla Firefox\firefox.exe,C:\Program Files\Mozilla Firefox\firefox.exe,0x40,,,,,,,{E983936C-CD5C-6006-8407-00000000A301},6812,{E983936C-CD5F-6006-8607-00000000A301},4500,,T1059.001,PowerShell,Execution,TRACE-PS-01,powershell,https://raw.githubusercontent.com/splunk/attack_data/master/datasets/attack_techniques/T1059.001/encoded_powershell/windows-sysmon.log,1e218c5ec9dd5557db458a03c12530432af62ec0b169dafec21251acb15d5576,false,Execution,none,raw Computer/IpAddress/User fields,
2021-01-19T13:21:57.358+0000,2021-01-19T13:21:57.358+0000,10,Microsoft-Windows-Sysmon/Operational,ict3214:attack_trace,PS-HOST-01,,,,,,,C:\Program Files\Mozilla Firefox\firefox.exe,C:\Program Files\Mozilla Firefox\firefox.exe,0x40,,,,,,,{E983936C-CD5C-6006-8407-00000000A301},6812,{E983936C-CD5F-6006-8607-00000000A301},4500,,T1059.001,PowerShell,Execution,TRACE-PS-01,powershell,https://raw.githubusercontent.com/splunk/attack_data/master/datasets/attack_techniques/T1059.001/encoded_powershell/windows-sysmon.log,49768505f2fdcc7b97ed4e307b6096ce3e9d882a4ca3ccedb39adcf6d9e8e596,false,Execution,none,raw Computer/IpAddress/User fields,
2021-01-19T13:21:57.360+0000,2021-01-19T13:21:57.360+0000,10,Microsoft-Windows-Sysmon/Operational,ict3214:attack_trace,PS-HOST-01,,,,,,,C:\Program Files\Mozilla Firefox\firefox.exe,C:\Program Files\Mozilla Firefox\firefox.exe,0x40,,,,,,,{E983936C-CD5C-6006-8407-00000000A301},6812,{E983936C-CD5F-6006-8607-00000000A301},4500,,T1059.001,PowerShell,Execution,TRACE-PS-01,powershell,https://raw.githubusercontent.com/splunk/attack_data/master/datasets/attack_techniques/T1059.001/encoded_powershell/windows-sysmon.log,c5033d0f185bd2ba2ac6185f48354ce1f7c5a7826d03dde9fd86c92db4376d37,false,Execution,none,raw Computer/IpAddress/User fields,
2021-01-19T13:21:57.361+0000,2021-01-19T13:21:57.361+0000,10,Microsoft-Windows-Sysmon/Operational,ict3214:attack_trace,PS-HOST-01,,,,,,,C:\Program Files\Mozilla Firefox\firefox.exe,C:\Program Files\Mozilla Firefox\firefox.exe,0x40,,,,,,,{E983936C-CD5C-6006-8407-00000000A301},6812,{E983936C-CD5F-6006-8607-00000000A301},4500,,T1059.001,PowerShell,Execution,TRACE-PS-01,powershell,https://raw.githubusercontent.com/splunk/attack_data/master/datasets/attack_techniques/T1059.001/encoded_powershell/windows-sysmon.log,250daf07fc2b373e9534e3d8421e1bbc168bd0719c8154cef1a3f94e9eb54101,false,Execution,none,raw Computer/IpAddress/User fields,
2021-01-19T13:21:57.362+0000,2021-01-19T13:21:57.362+0000,10,Microsoft-Windows-Sysmon/Operational,ict3214:attack_trace,PS-HOST-01,,,,,,,C:\Program Files\Mozilla Firefox\firefox.exe,C:\Program Files\Mozilla Firefox\firefox.exe,0x40,,,,,,,{E983936C-CD5C-6006-8407-00000000A301},6812,{E983936C-CD5F-6006-8607-00000000A301},4500,,T1059.001,PowerShell,Execution,TRACE-PS-01,powershell,https://raw.githubusercontent.com/splunk/attack_data/master/datasets/attack_techniques/T1059.001/encoded_powershell/windows-sysmon.log,2fc825f5dd60a78246c4456b0044c136d758579515fe8cb4525dfbc28faed098,false,Execution,none,raw Computer/IpAddress/User fields,
2021-01-19T13:21:57.362+0000,2021-01-19T13:21:57.362+0000,10,Microsoft-Windows-Sysmon/Operational,ict3214:attack_trace,PS-HOST-01,,,,,,,C:\Program Files\Mozilla Firefox\firefox.exe,C:\Program Files\Mozilla Firefox\firefox.exe,0x40,,,,,,,{E983936C-CD5C-6006-8407-00000000A301},6812,{E983936C-CD5F-6006-8607-00000000A301},4500,,T1059.001,PowerShell,Execution,TRACE-PS-01,powershell,https://raw.githubusercontent.com/splunk/attack_data/master/datasets/attack_techniques/T1059.001/encoded_powershell/windows-sysmon.log,daff65f7134c1a33267c84b897a65e6829218c2ae70c9653dc49d2526cb0c19a,false,Execution,none,raw Computer/IpAddress/User fields,
2021-01-19T13:21:57.363+0000,2021-01-19T13:21:57.363+0000,10,Microsoft-Windows-Sysmon/Operational,ict3214:attack_trace,PS-HOST-01,,,,,,,C:\Program Files\Mozilla Firefox\firefox.exe,C:\Program Files\Mozilla Firefox\firefox.exe,0x40,,,,,,,{E983936C-CD5C-6006-8407-00000000A301},6812,{E983936C-CD5F-6006-8607-00000000A301},4500,,T1059.001,PowerShell,Execution,TRACE-PS-01,powershell,https://raw.githubusercontent.com/splunk/attack_data/master/datasets/attack_techniques/T1059.001/encoded_powershell/windows-sysmon.log,5f880af3880b25477a4ff24d0f3d679fb2f4570a851efa879fdaa3582c1dce6e,false,Execution,none,raw Computer/IpAddress/User fields,
2021-01-19T13:21:57.363+0000,2021-01-19T13:21:57.363+0000,10,Microsoft-Windows-Sysmon/Operational,ict3214:attack_trace,PS-HOST-01,,,,,,,C:\Program Files\Mozilla Firefox\firefox.exe,C:\Program Files\Mozilla Firefox\firefox.exe,0x40,,,,,,,{E983936C-CD5C-6006-8407-00000000A301},6812,{E983936C-CD5F-6006-8607-00000000A301},4500,,T1059.001,PowerShell,Execution,TRACE-PS-01,powershell,https://raw.githubusercontent.com/splunk/attack_data/master/datasets/attack_techniques/T1059.001/encoded_powershell/windows-sysmon.log,df710c67d0210881fa1c817f055b1ad04df08848cd22c4c4419a4d7565d9cfe5,false,Execution,none,raw Computer/IpAddress/User fields,
2021-01-19T13:21:57.363+0000,2021-01-19T13:21:57.363+0000,10,Microsoft-Windows-Sysmon/Operational,ict3214:attack_trace,PS-HOST-01,,,,,,,C:\Program Files\Mozilla Firefox\firefox.exe,C:\Program Files\Mozilla Firefox\firefox.exe,0x40,,,,,,,{E983936C-CD5C-6006-8407-00000000A301},6812,{E983936C-CD5F-6006-8607-00000000A301},4500,,T1059.001,PowerShell,Execution,TRACE-PS-01,powershell,https://raw.githubusercontent.com/splunk/attack_data/master/datasets/attack_techniques/T1059.001/encoded_powershell/windows-sysmon.log,f1ddd54331ad1454d5340ca8d916af10db46650fae68395b5340b13d015ee7d9,false,Execution,none,raw Computer/IpAddress/User fields,
2021-01-19T13:21:57.364+0000,2021-01-19T13:21:57.364+0000,10,Microsoft-Windows-Sysmon/Operational,ict3214:attack_trace,PS-HOST-01,,,,,,,C:\Program Files\Mozilla Firefox\firefox.exe,C:\Program Files\Mozilla Firefox\firefox.exe,0x40,,,,,,,{E983936C-CD5C-6006-8407-00000000A301},6812,{E983936C-CD5F-6006-8607-00000000A301},4500,,T1059.001,PowerShell,Execution,TRACE-PS-01,powershell,https://raw.githubusercontent.com/splunk/attack_data/master/datasets/attack_techniques/T1059.001/encoded_powershell/windows-sysmon.log,21f8c53fadc8d0f252cd38fa3581413054734a9fc8638740a4467597fc282359,false,Execution,none,raw Computer/IpAddress/User fields,
2021-01-19T13:21:57.364+0000,2021-01-19T13:21:57.364+0000,10,Microsoft-Windows-Sysmon/Operational,ict3214:attack_trace,PS-HOST-01,,,,,,,C:\Program Files\Mozilla Firefox\firefox.exe,C:\Program Files\Mozilla Firefox\firefox.exe,0x40,,,,,,,{E983936C-CD5C-6006-8407-00000000A301},6812,{E983936C-CD5F-6006-8607-00000000A301},4500,,T1059.001,PowerShell,Execution,TRACE-PS-01,powershell,https://raw.githubusercontent.com/splunk/attack_data/master/datasets/attack_techniques/T1059.001/encoded_powershell/windows-sysmon.log,472f10830f5cc0b2cd1699cf47074fc795c1f703b0fc816cf97c01cac1b001d6,false,Execution,none,raw Computer/IpAddress/User fields,
2021-01-19T13:21:57.365+0000,2021-01-19T13:21:57.365+0000,10,Microsoft-Windows-Sysmon/Operational,ict3214:attack_trace,PS-HOST-01,,,,,,,C:\Program Files\Mozilla Firefox\firefox.exe,C:\Program Files\Mozilla Firefox\firefox.exe,0x40,,,,,,,{E983936C-CD5C-6006-8407-00000000A301},6812,{E983936C-CD5F-6006-8607-00000000A301},4500,,T1059.001,PowerShell,Execution,TRACE-PS-01,powershell,https://raw.githubusercontent.com/splunk/attack_data/master/datasets/attack_techniques/T1059.001/encoded_powershell/windows-sysmon.log,69a5638e0b2f56e26ad8643e0fa2711b70c04146fd9b451c953b74f818df25f1,false,Execution,none,raw Computer/IpAddress/User fields,
2021-01-19T13:21:57.365+0000,2021-01-19T13:21:57.365+0000,10,Microsoft-Windows-Sysmon/Operational,ict3214:attack_trace,PS-HOST-01,,,,,,,C:\Program Files\Mozilla Firefox\firefox.exe,C:\Program Files\Mozilla Firefox\firefox.exe,0x40,,,,,,,{E983936C-CD5C-6006-8407-00000000A301},6812,{E983936C-CD5F-6006-8607-00000000A301},4500,,T1059.001,PowerShell,Execution,TRACE-PS-01,powershell,https://raw.githubusercontent.com/splunk/attack_data/master/datasets/attack_techniques/T1059.001/encoded_powershell/windows-sysmon.log,d7102e8e9f4331c6f7a8356bfd9930f8850b2fcd00f77f2f7dade16cc5a60f10,false,Execution,none,raw Computer/IpAddress/User fields,
2021-01-19T13:21:57.366+0000,2021-01-19T13:21:57.366+0000,10,Microsoft-Windows-Sysmon/Operational,ict3214:attack_trace,PS-HOST-01,,,,,,,C:\Program Files\Mozilla Firefox\firefox.exe,C:\Program Files\Mozilla Firefox\firefox.exe,0x40,,,,,,,{E983936C-CD5C-6006-8407-00000000A301},6812,{E983936C-CD5F-6006-8607-00000000A301},4500,,T1059.001,PowerShell,Execution,TRACE-PS-01,powershell,https://raw.githubusercontent.com/splunk/attack_data/master/datasets/attack_techniques/T1059.001/encoded_powershell/windows-sysmon.log,5746326175beec9343dbb54c4f3f0a2773fd9783115181257958b6106ca25c09,false,Execution,none,raw Computer/IpAddress/User fields,
2021-01-19T13:21:57.367+0000,2021-01-19T13:21:57.367+0000,10,Microsoft-Windows-Sysmon/Operational,ict3214:attack_trace,PS-HOST-01,,,,,,,C:\Program Files\Mozilla Firefox\firefox.exe,C:\Program Files\Mozilla Firefox\firefox.exe,0x40,,,,,,,{E983936C-CD5C-6006-8407-00000000A301},6812,{E983936C-CD5F-6006-8607-00000000A301},4500,,T1059.001,PowerShell,Execution,TRACE-PS-01,powershell,https://raw.githubusercontent.com/splunk/attack_data/master/datasets/attack_techniques/T1059.001/encoded_powershell/windows-sysmon.log,c69591388d6efdf2b9efb0031f6d2872cc2dd8a0e9391460852b73853ccff08f,false,Execution,none,raw Computer/IpAddress/User fields,
2021-01-19T13:21:57.368+0000,2021-01-19T13:21:57.368+0000,10,Microsoft-Windows-Sysmon/Operational,ict3214:attack_trace,PS-HOST-01,,,,,,,C:\Program Files\Mozilla Firefox\firefox.exe,C:\Program Files\Mozilla Firefox\firefox.exe,0x40,,,,,,,{E983936C-CD5C-6006-8407-00000000A301},6812,{E983936C-CD5F-6006-8607-00000000A301},4500,,T1059.001,PowerShell,Execution,TRACE-PS-01,powershell,https://raw.githubusercontent.com/splunk/attack_data/master/datasets/attack_techniques/T1059.001/encoded_powershell/windows-sysmon.log,3b1fa211c6178d9015beff8a852d69a61ebad9fcc2809423c25568879e918399,false,Execution,none,raw Computer/IpAddress/User fields,
2021-01-19T13:21:57.369+0000,2021-01-19T13:21:57.369+0000,10,Microsoft-Windows-Sysmon/Operational,ict3214:attack_trace,PS-HOST-01,,,,,,,C:\Program Files\Mozilla Firefox\firefox.exe,C:\Program Files\Mozilla Firefox\firefox.exe,0x40,,,,,,,{E983936C-CD5C-6006-8407-00000000A301},6812,{E983936C-CD5F-6006-8607-00000000A301},4500,,T1059.001,PowerShell,Execution,TRACE-PS-01,powershell,https://raw.githubusercontent.com/splunk/attack_data/master/datasets/attack_techniques/T1059.001/encoded_powershell/windows-sysmon.log,8d924a5b0cb2de4096b396fb8c3f23a89878917220eff5c0b906647b763ec15c,false,Execution,none,raw Computer/IpAddress/User fields,
2021-01-19T13:21:57.370+0000,2021-01-19T13:21:57.370+0000,10,Microsoft-Windows-Sysmon/Operational,ict3214:attack_trace,PS-HOST-01,,,,,,,C:\Program Files\Mozilla Firefox\firefox.exe,C:\Program Files\Mozilla Firefox\firefox.exe,0x40,,,,,,,{E983936C-CD5C-6006-8407-00000000A301},6812,{E983936C-CD5F-6006-8607-00000000A301},4500,,T1059.001,PowerShell,Execution,TRACE-PS-01,powershell,https://raw.githubusercontent.com/splunk/attack_data/master/datasets/attack_techniques/T1059.001/encoded_powershell/windows-sysmon.log,f68efe13b795eb933b1bbfa40b5ea9e5bf163165b1d14c8e5d50f8159dcf74aa,false,Execution,none,raw Computer/IpAddress/User fields,
2021-01-19T13:21:57.371+0000,2021-01-19T13:21:57.371+0000,10,Microsoft-Windows-Sysmon/Operational,ict3214:attack_trace,PS-HOST-01,,,,,,,C:\Program Files\Mozilla Firefox\firefox.exe,C:\Program Files\Mozilla Firefox\firefox.exe,0x40,,,,,,,{E983936C-CD5C-6006-8407-00000000A301},6812,{E983936C-CD5F-6006-8607-00000000A301},4500,,T1059.001,PowerShell,Execution,TRACE-PS-01,powershell,https://raw.githubusercontent.com/splunk/attack_data/master/datasets/attack_techniques/T1059.001/encoded_powershell/windows-sysmon.log,0d8899a1d4840b72fa5f4547a4dc548d211c37250445ff19ec068ce471bdecb2,false,Execution,none,raw Computer/IpAddress/User fields,
2021-01-19T13:21:57.371+0000,2021-01-19T13:21:57.371+0000,10,Microsoft-Windows-Sysmon/Operational,ict3214:attack_trace,PS-HOST-01,,,,,,,C:\Program Files\Mozilla Firefox\firefox.exe,C:\Program Files\Mozilla Firefox\firefox.exe,0x40,,,,,,,{E983936C-CD5C-6006-8407-00000000A301},6812,{E983936C-CD5F-6006-8607-00000000A301},4500,,T1059.001,PowerShell,Execution,TRACE-PS-01,powershell,https://raw.githubusercontent.com/splunk/attack_data/master/datasets/attack_techniques/T1059.001/encoded_powershell/windows-sysmon.log,4f53ea782183e91b05b21b28603a7d1c460036a6d698947a3e3191ef4f1114b9,false,Execution,none,raw Computer/IpAddress/User fields,
2021-01-19T13:21:57.373+0000,2021-01-19T13:21:57.373+0000,10,Microsoft-Windows-Sysmon/Operational,ict3214:attack_trace,PS-HOST-01,,,,,,,C:\Program Files\Mozilla Firefox\firefox.exe,C:\Program Files\Mozilla Firefox\firefox.exe,0x40,,,,,,,{E983936C-CD5C-6006-8407-00000000A301},6812,{E983936C-CD5F-6006-8607-00000000A301},4500,,T1059.001,PowerShell,Execution,TRACE-PS-01,powershell,https://raw.githubusercontent.com/splunk/attack_data/master/datasets/attack_techniques/T1059.001/encoded_powershell/windows-sysmon.log,5e98ed9a13ae402773c2d7ed063e2f97cf88803ac2c6b0a697743f95825d709b,false,Execution,none,raw Computer/IpAddress/User fields,
2021-01-19T13:21:57.375+0000,2021-01-19T13:21:57.375+0000,10,Microsoft-Windows-Sysmon/Operational,ict3214:attack_trace,PS-HOST-01,,,,,,,C:\Program Files\Mozilla Firefox\firefox.exe,C:\Program Files\Mozilla Firefox\firefox.exe,0x40,,,,,,,{E983936C-CD5C-6006-8407-00000000A301},6812,{E983936C-CD5F-6006-8607-00000000A301},4500,,T1059.001,PowerShell,Execution,TRACE-PS-01,powershell,https://raw.githubusercontent.com/splunk/attack_data/master/datasets/attack_techniques/T1059.001/encoded_powershell/windows-sysmon.log,a6872611be38b3b04522274519180315f05074bd6b9842028a24442dfcc92885,false,Execution,none,raw Computer/IpAddress/User fields,
2021-01-19T13:21:57.376+0000,2021-01-19T13:21:57.376+0000,10,Microsoft-Windows-Sysmon/Operational,ict3214:attack_trace,PS-HOST-01,,,,,,,C:\Program Files\Mozilla Firefox\firefox.exe,C:\Program Files\Mozilla Firefox\firefox.exe,0x40,,,,,,,{E983936C-CD5C-6006-8407-00000000A301},6812,{E983936C-CD5F-6006-8607-00000000A301},4500,,T1059.001,PowerShell,Execution,TRACE-PS-01,powershell,https://raw.githubusercontent.com/splunk/attack_data/master/datasets/attack_techniques/T1059.001/encoded_powershell/windows-sysmon.log,aca1bc791789acac2e587e4277f2c9c39540ec7336fa39a0f97c07565758ad69,false,Execution,none,raw Computer/IpAddress/User fields,
2021-01-19T13:21:57.376+0000,2021-01-19T13:21:57.376+0000,10,Microsoft-Windows-Sysmon/Operational,ict3214:attack_trace,PS-HOST-01,,,,,,,C:\Program Files\Mozilla Firefox\firefox.exe,C:\Program Files\Mozilla Firefox\firefox.exe,0x40,,,,,,,{E983936C-CD5C-6006-8407-00000000A301},6812,{E983936C-CD5F-6006-8607-00000000A301},4500,,T1059.001,PowerShell,Execution,TRACE-PS-01,powershell,https://raw.githubusercontent.com/splunk/attack_data/master/datasets/attack_techniques/T1059.001/encoded_powershell/windows-sysmon.log,c43374f5b530b070f23c2d6987443a4b340096009ec0b36034bb0f4c30658795,false,Execution,none,raw Computer/IpAddress/User fields,
2021-01-19T13:21:57.377+0000,2021-01-19T13:21:57.377+0000,10,Microsoft-Windows-Sysmon/Operational,ict3214:attack_trace,PS-HOST-01,,,,,,,C:\Program Files\Mozilla Firefox\firefox.exe,C:\Program Files\Mozilla Firefox\firefox.exe,0x40,,,,,,,{E983936C-CD5C-6006-8407-00000000A301},6812,{E983936C-CD5F-6006-8607-00000000A301},4500,,T1059.001,PowerShell,Execution,TRACE-PS-01,powershell,https://raw.githubusercontent.com/splunk/attack_data/master/datasets/attack_techniques/T1059.001/encoded_powershell/windows-sysmon.log,bf840787dc1fc5b30dad33ec736f42ea71448a094d921088119eeb667fdcd77e,false,Execution,none,raw Computer/IpAddress/User fields,
2021-01-19T13:21:57.378+0000,2021-01-19T13:21:57.378+0000,10,Microsoft-Windows-Sysmon/Operational,ict3214:attack_trace,PS-HOST-01,,,,,,,C:\Program Files\Mozilla Firefox\firefox.exe,C:\Program Files\Mozilla Firefox\firefox.exe,0x40,,,,,,,{E983936C-CD5C-6006-8407-00000000A301},6812,{E983936C-CD5F-6006-8607-00000000A301},4500,,T1059.001,PowerShell,Execution,TRACE-PS-01,powershell,https://raw.githubusercontent.com/splunk/attack_data/master/datasets/attack_techniques/T1059.001/encoded_powershell/windows-sysmon.log,cebaf5058f2c98f68ba13742c2ec5b90fcfd6f23f86bfe39655f146be61cf449,false,Execution,none,raw Computer/IpAddress/User fields,
2021-01-19T13:21:57.379+0000,2021-01-19T13:21:57.379+0000,10,Microsoft-Windows-Sysmon/Operational,ict3214:attack_trace,PS-HOST-01,,,,,,,C:\Program Files\Mozilla Firefox\firefox.exe,C:\Program Files\Mozilla Firefox\firefox.exe,0x40,,,,,,,{E983936C-CD5C-6006-8407-00000000A301},6812,{E983936C-CD5F-6006-8607-00000000A301},4500,,T1059.001,PowerShell,Execution,TRACE-PS-01,powershell,https://raw.githubusercontent.com/splunk/attack_data/master/datasets/attack_techniques/T1059.001/encoded_powershell/windows-sysmon.log,60d3e8f15249d032f78e5bfa7836cab6cea093e8724e5d56f602a7e593692e8f,false,Execution,none,raw Computer/IpAddress/User fields,
2021-01-19T13:21:57.379+0000,2021-01-19T13:21:57.379+0000,10,Microsoft-Windows-Sysmon/Operational,ict3214:attack_trace,PS-HOST-01,,,,,,,C:\Program Files\Mozilla Firefox\firefox.exe,C:\Program Files\Mozilla Firefox\firefox.exe,0x40,,,,,,,{E983936C-CD5C-6006-8407-00000000A301},6812,{E983936C-CD5F-6006-8607-00000000A301},4500,,T1059.001,PowerShell,Execution,TRACE-PS-01,powershell,https://raw.githubusercontent.com/splunk/attack_data/master/datasets/attack_techniques/T1059.001/encoded_powershell/windows-sysmon.log,63af96fb23213026fb7a33b5e7458ccc4b63d9d68c4b19d186ac51ca988e4cac,false,Execution,none,raw Computer/IpAddress/User fields,
2021-01-19T13:21:57.379+0000,2021-01-19T13:21:57.379+0000,10,Microsoft-Windows-Sysmon/Operational,ict3214:attack_trace,PS-HOST-01,,,,,,,C:\Program Files\Mozilla Firefox\firefox.exe,C:\Program Files\Mozilla Firefox\firefox.exe,0x40,,,,,,,{E983936C-CD5C-6006-8407-00000000A301},6812,{E983936C-CD5F-6006-8607-00000000A301},4500,,T1059.001,PowerShell,Execution,TRACE-PS-01,powershell,https://raw.githubusercontent.com/splunk/attack_data/master/datasets/attack_techniques/T1059.001/encoded_powershell/windows-sysmon.log,74e143a95740fac814ba6bb3807afba0bb45a69062399bab618623db8b810ae4,false,Execution,none,raw Computer/IpAddress/User fields,
2021-01-19T13:21:57.380+0000,2021-01-19T13:21:57.380+0000,10,Microsoft-Windows-Sysmon/Operational,ict3214:attack_trace,PS-HOST-01,,,,,,,C:\Program Files\Mozilla Firefox\firefox.exe,C:\Program Files\Mozilla Firefox\firefox.exe,0x40,,,,,,,{E983936C-CD5C-6006-8407-00000000A301},6812,{E983936C-CD5F-6006-8607-00000000A301},4500,,T1059.001,PowerShell,Execution,TRACE-PS-01,powershell,https://raw.githubusercontent.com/splunk/attack_data/master/datasets/attack_techniques/T1059.001/encoded_powershell/windows-sysmon.log,31bfcfc0a77e78303a531501bbecc9799743d45e8cc8d154ccda4c962f0122a9,false,Execution,none,raw Computer/IpAddress/User fields,
2021-01-19T13:21:57.380+0000,2021-01-19T13:21:57.380+0000,10,Microsoft-Windows-Sysmon/Operational,ict3214:attack_trace,PS-HOST-01,,,,,,,C:\Program Files\Mozilla Firefox\firefox.exe,C:\Program Files\Mozilla Firefox\firefox.exe,0x40,,,,,,,{E983936C-CD5C-6006-8407-00000000A301},6812,{E983936C-CD5F-6006-8607-00000000A301},4500,,T1059.001,PowerShell,Execution,TRACE-PS-01,powershell,https://raw.githubusercontent.com/splunk/attack_data/master/datasets/attack_techniques/T1059.001/encoded_powershell/windows-sysmon.log,5daa8982f1e2f969b224067e617038e7030ff671fc77adbbb257383d1a29197a,false,Execution,none,raw Computer/IpAddress/User fields,
2021-01-19T13:21:57.380+0000,2021-01-19T13:21:57.380+0000,10,Microsoft-Windows-Sysmon/Operational,ict3214:attack_trace,PS-HOST-01,,,,,,,C:\Program Files\Mozilla Firefox\firefox.exe,C:\Program Files\Mozilla Firefox\firefox.exe,0x40,,,,,,,{E983936C-CD5C-6006-8407-00000000A301},6812,{E983936C-CD5F-6006-8607-00000000A301},4500,,T1059.001,PowerShell,Execution,TRACE-PS-01,powershell,https://raw.githubusercontent.com/splunk/attack_data/master/datasets/attack_techniques/T1059.001/encoded_powershell/windows-sysmon.log,a533532198410610bd9b1041c892ced3a91a4afb89cbce1f2ffff0c47906b438,false,Execution,none,raw Computer/IpAddress/User fields,
2021-01-19T13:21:57.381+0000,2021-01-19T13:21:57.381+0000,10,Microsoft-Windows-Sysmon/Operational,ict3214:attack_trace,PS-HOST-01,,,,,,,C:\Program Files\Mozilla Firefox\firefox.exe,C:\Program Files\Mozilla Firefox\firefox.exe,0x40,,,,,,,{E983936C-CD5C-6006-8407-00000000A301},6812,{E983936C-CD5F-6006-8607-00000000A301},4500,,T1059.001,PowerShell,Execution,TRACE-PS-01,powershell,https://raw.githubusercontent.com/splunk/attack_data/master/datasets/attack_techniques/T1059.001/encoded_powershell/windows-sysmon.log,93754b51b7c09edd56115937bdd742d8e37203f4d85c662d7d318470c2d0025c,false,Execution,none,raw Computer/IpAddress/User fields,
2021-01-19T13:21:57.381+0000,2021-01-19T13:21:57.381+0000,10,Microsoft-Windows-Sysmon/Operational,ict3214:attack_trace,PS-HOST-01,,,,,,,C:\Program Files\Mozilla Firefox\firefox.exe,C:\Program Files\Mozilla Firefox\firefox.exe,0x40,,,,,,,{E983936C-CD5C-6006-8407-00000000A301},6812,{E983936C-CD5F-6006-8607-00000000A301},4500,,T1059.001,PowerShell,Execution,TRACE-PS-01,powershell,https://raw.githubusercontent.com/splunk/attack_data/master/datasets/attack_techniques/T1059.001/encoded_powershell/windows-sysmon.log,ce60cf982c72db61075e89205538d92743d1cb5e9db2461a20b64e56f15d15b9,false,Execution,none,raw Computer/IpAddress/User fields,
2021-01-19T13:21:57.382+0000,2021-01-19T13:21:57.382+0000,10,Microsoft-Windows-Sysmon/Operational,ict3214:attack_trace,PS-HOST-01,,,,,,,C:\Program Files\Mozilla Firefox\firefox.exe,C:\Program Files\Mozilla Firefox\firefox.exe,0x40,,,,,,,{E983936C-CD5C-6006-8407-00000000A301},6812,{E983936C-CD5F-6006-8607-00000000A301},4500,,T1059.001,PowerShell,Execution,TRACE-PS-01,powershell,https://raw.githubusercontent.com/splunk/attack_data/master/datasets/attack_techniques/T1059.001/encoded_powershell/windows-sysmon.log,8d05d1a044eec98afbc7f3074e24b459387a3ed4bd3d92755d8889207db764f2,false,Execution,none,raw Computer/IpAddress/User fields,
2021-01-19T13:21:57.382+0000,2021-01-19T13:21:57.382+0000,10,Microsoft-Windows-Sysmon/Operational,ict3214:attack_trace,PS-HOST-01,,,,,,,C:\Program Files\Mozilla Firefox\firefox.exe,C:\Program Files\Mozilla Firefox\firefox.exe,0x40,,,,,,,{E983936C-CD5C-6006-8407-00000000A301},6812,{E983936C-CD5F-6006-8607-00000000A301},4500,,T1059.001,PowerShell,Execution,TRACE-PS-01,powershell,https://raw.githubusercontent.com/splunk/attack_data/master/datasets/attack_techniques/T1059.001/encoded_powershell/windows-sysmon.log,e85daf1b82d087f8162e180e6abcea4b87d423678723120b09e3d1e209b5d720,false,Execution,none,raw Computer/IpAddress/User fields,
2021-01-19T13:21:57.383+0000,2021-01-19T13:21:57.383+0000,10,Microsoft-Windows-Sysmon/Operational,ict3214:attack_trace,PS-HOST-01,,,,,,,C:\Program Files\Mozilla Firefox\firefox.exe,C:\Program Files\Mozilla Firefox\firefox.exe,0x40,,,,,,,{E983936C-CD5C-6006-8407-00000000A301},6812,{E983936C-CD5F-6006-8607-00000000A301},4500,,T1059.001,PowerShell,Execution,TRACE-PS-01,powershell,https://raw.githubusercontent.com/splunk/attack_data/master/datasets/attack_techniques/T1059.001/encoded_powershell/windows-sysmon.log,213ee48ce36328c6e1ad98ea3d17cecb385d9655b659a51dbd34679349a4e98c,false,Execution,none,raw Computer/IpAddress/User fields,
2021-01-19T13:21:57.499+0000,2021-01-19T13:21:57.499+0000,10,Microsoft-Windows-Sysmon/Operational,ict3214:attack_trace,PS-HOST-01,,,,,,,C:\Windows\system32\conhost.exe,C:\Windows\Explorer.EXE,0x1410,,,,,,,{E983936C-CCDD-6006-4607-00000000A301},5080,{E983936C-CD9F-6006-9A07-00000000A301},7260,,T1059.001,PowerShell,Execution,TRACE-PS-01,powershell,https://raw.githubusercontent.com/splunk/attack_data/master/datasets/attack_techniques/T1059.001/encoded_powershell/windows-sysmon.log,ed03dc6461d2c02f2fe61f503745c6ed8a4a15ac3a1d3fa4d105a029a8f312da,false,Execution,none,raw Computer/IpAddress/User fields,
2021-01-19T13:21:57.500+0000,2021-01-19T13:21:57.500+0000,10,Microsoft-Windows-Sysmon/Operational,ict3214:attack_trace,PS-HOST-01,,,,,,,C:\Windows\system32\conhost.exe,C:\Windows\Explorer.EXE,0x1000,,,,,,,{E983936C-CCDD-6006-4607-00000000A301},5080,{E983936C-CD9F-6006-9A07-00000000A301},7260,,T1059.001,PowerShell,Execution,TRACE-PS-01,powershell,https://raw.githubusercontent.com/splunk/attack_data/master/datasets/attack_techniques/T1059.001/encoded_powershell/windows-sysmon.log,804b259da76eb08474ce86df39843ea683f37fc793cb28bd8818e624fcb22744,false,Execution,none,raw Computer/IpAddress/User fields,
2021-01-19T13:21:57.500+0000,2021-01-19T13:21:57.500+0000,10,Microsoft-Windows-Sysmon/Operational,ict3214:attack_trace,PS-HOST-01,,,,,,,C:\Windows\system32\conhost.exe,C:\Windows\Explorer.EXE,0x1410,,,,,,,{E983936C-CCDD-6006-4607-00000000A301},5080,{E983936C-CD9F-6006-9A07-00000000A301},7260,,T1059.001,PowerShell,Execution,TRACE-PS-01,powershell,https://raw.githubusercontent.com/splunk/attack_data/master/datasets/attack_techniques/T1059.001/encoded_powershell/windows-sysmon.log,a21137e981c2126545d8acf4f8f38867f1de086db299bf60d66bc486fb3d990a,false,Execution,none,raw Computer/IpAddress/User fields,
2021-01-19T13:21:57.500+0000,2021-01-19T13:21:57.500+0000,10,Microsoft-Windows-Sysmon/Operational,ict3214:attack_trace,PS-HOST-01,,,,,,,C:\Windows\system32\conhost.exe,C:\Windows\Explorer.EXE,0x1000,,,,,,,{E983936C-CCDD-6006-4607-00000000A301},5080,{E983936C-CD9F-6006-9A07-00000000A301},7260,,T1059.001,PowerShell,Execution,TRACE-PS-01,powershell,https://raw.githubusercontent.com/splunk/attack_data/master/datasets/attack_techniques/T1059.001/encoded_powershell/windows-sysmon.log,cfea7ad36329e0152c3a48cebeff9301e8f64711d765b02fe27a70751318adc1,false,Execution,none,raw Computer/IpAddress/User fields,
2021-01-19T13:21:57.502+0000,2021-01-19T13:21:57.502+0000,10,Microsoft-Windows-Sysmon/Operational,ict3214:attack_trace,PS-HOST-01,,,,,,,C:\Windows\System32\WindowsPowerShell\v1.0\powershell.exe,C:\Windows\Explorer.EXE,0x1400,,,,,,,{E983936C-CCDD-6006-4607-00000000A301},5080,{E983936C-CD9F-6006-9907-00000000A301},7244,,T1059.001,PowerShell,Execution,TRACE-PS-01,powershell,https://raw.githubusercontent.com/splunk/attack_data/master/datasets/attack_techniques/T1059.001/encoded_powershell/windows-sysmon.log,2939e4ccc725dd0cdb8efa10c1db75d8209d8033177130a7ebdea3fba6312f44,false,Execution,none,raw Computer/IpAddress/User fields,
2021-01-19T13:21:57.502+0000,2021-01-19T13:21:57.502+0000,10,Microsoft-Windows-Sysmon/Operational,ict3214:attack_trace,PS-HOST-01,,,,,,,C:\Windows\System32\WindowsPowerShell\v1.0\powershell.exe,C:\Windows\Explorer.EXE,0x1000,,,,,,,{E983936C-CCDD-6006-4607-00000000A301},5080,{E983936C-CD9F-6006-9907-00000000A301},7244,,T1059.001,PowerShell,Execution,TRACE-PS-01,powershell,https://raw.githubusercontent.com/splunk/attack_data/master/datasets/attack_techniques/T1059.001/encoded_powershell/windows-sysmon.log,e01e95b53308988a4b6e00a7641c942cebc86ab73b259280f27a777223e44841,false,Execution,none,raw Computer/IpAddress/User fields,
2021-01-19T13:21:57.633+0000,2021-01-19T13:21:57.633+0000,22,Microsoft-Windows-Sysmon/Operational,ict3214:attack_trace,PS-HOST-01,,,,C:\Program Files\Mozilla Firefox\firefox.exe,,,,,,,,,,{E983936C-CD5C-6006-8407-00000000A301},6812,,,,,techexpert.tips,T1059.001,PowerShell,Execution,TRACE-PS-01,powershell,https://raw.githubusercontent.com/splunk/attack_data/master/datasets/attack_techniques/T1059.001/encoded_powershell/windows-sysmon.log,97080cf87c61bd49fa8cf50502ce0866fbf4a6ef9fd321fc13e8f80e24387fc0,false,Execution,none,raw Computer/IpAddress/User fields,
2021-01-19T13:21:57.633+0000,2021-01-19T13:21:57.633+0000,22,Microsoft-Windows-Sysmon/Operational,ict3214:attack_trace,PS-HOST-01,,,,C:\Program Files\Mozilla Firefox\firefox.exe,,,,,,,,,,{E983936C-CD5C-6006-8407-00000000A301},6812,,,,,techexpert.tips,T1059.001,PowerShell,Execution,TRACE-PS-01,powershell,https://raw.githubusercontent.com/splunk/attack_data/master/datasets/attack_techniques/T1059.001/encoded_powershell/windows-sysmon.log,a78d928bdaec0072011097eb04e1679aeaeac5c17ea97ec4aab6c13400420d86,false,Execution,none,raw Computer/IpAddress/User fields,
2021-01-19T13:21:57.633+0000,2021-01-19T13:21:57.633+0000,22,Microsoft-Windows-Sysmon/Operational,ict3214:attack_trace,PS-HOST-01,,,,C:\Program Files\Mozilla Firefox\firefox.exe,,,,,,,,,,{E983936C-CD5C-6006-8407-00000000A301},6812,,,,,techexpert.tips,T1059.001,PowerShell,Execution,TRACE-PS-01,powershell,https://raw.githubusercontent.com/splunk/attack_data/master/datasets/attack_techniques/T1059.001/encoded_powershell/windows-sysmon.log,d53649b6eba57357a997cbf2902c9013bd67785e3e44dfb566fbe14125410729,false,Execution,none,raw Computer/IpAddress/User fields,
2021-01-19T13:21:57.634+0000,2021-01-19T13:21:57.634+0000,22,Microsoft-Windows-Sysmon/Operational,ict3214:attack_trace,PS-HOST-01,,,,C:\Program Files\Mozilla Firefox\firefox.exe,,,,,,,,,,{E983936C-CD5C-6006-8407-00000000A301},6812,,,,,d3pjq9s091b915.cloudfront.net,T1059.001,PowerShell,Execution,TRACE-PS-01,powershell,https://raw.githubusercontent.com/splunk/attack_data/master/datasets/attack_techniques/T1059.001/encoded_powershell/windows-sysmon.log,39ca9ee32ed531efb3d9c5d825e659ccc0613f916d4753cb751a01f938050dee,false,Execution,none,raw Computer/IpAddress/User fields,
2021-01-19T13:21:57.634+0000,2021-01-19T13:21:57.634+0000,22,Microsoft-Windows-Sysmon/Operational,ict3214:attack_trace,PS-HOST-01,,,,C:\Program Files\Mozilla Firefox\firefox.exe,,,,,,,,,,{E983936C-CD5C-6006-8407-00000000A301},6812,,,,,d3pjq9s091b915.cloudfront.net,T1059.001,PowerShell,Execution,TRACE-PS-01,powershell,https://raw.githubusercontent.com/splunk/attack_data/master/datasets/attack_techniques/T1059.001/encoded_powershell/windows-sysmon.log,bdb70aa3c461ebe091fb8964021e523d981981c108e6b9a257603e3ae8029630,false,Execution,none,raw Computer/IpAddress/User fields,
2021-01-19T13:21:57.693+0000,2021-01-19T13:21:57.693+0000,10,Microsoft-Windows-Sysmon/Operational,ict3214:attack_trace,PS-HOST-01,,,,,,,C:\Program Files\Mozilla Firefox\firefox.exe,C:\Program Files\Mozilla Firefox\firefox.exe,0x40,,,,,,,{E983936C-CD5C-6006-8407-00000000A301},6812,{E983936C-CD5F-6006-8607-00000000A301},4500,,T1059.001,PowerShell,Execution,TRACE-PS-01,powershell,https://raw.githubusercontent.com/splunk/attack_data/master/datasets/attack_techniques/T1059.001/encoded_powershell/windows-sysmon.log,fb5f90de585039725824fb58097efe2f70d9c0ff97b93b988b21bdefa8b757f0,false,Execution,none,raw Computer/IpAddress/User fields,
2021-01-19T13:21:57.697+0000,2021-01-19T13:21:57.697+0000,10,Microsoft-Windows-Sysmon/Operational,ict3214:attack_trace,PS-HOST-01,,,,,,,C:\Program Files\Mozilla Firefox\firefox.exe,C:\Program Files\Mozilla Firefox\firefox.exe,0x40,,,,,,,{E983936C-CD5C-6006-8407-00000000A301},6812,{E983936C-CD5F-6006-8607-00000000A301},4500,,T1059.001,PowerShell,Execution,TRACE-PS-01,powershell,https://raw.githubusercontent.com/splunk/attack_data/master/datasets/attack_techniques/T1059.001/encoded_powershell/windows-sysmon.log,80c4aa6fbf23459bf015bd4c132e33528285f82ddc41456fec270328e1d7f588,false,Execution,none,raw Computer/IpAddress/User fields,
2021-01-19T13:21:57.986+0000,2021-01-19T13:21:57.986+0000,10,Microsoft-Windows-Sysmon/Operational,ict3214:attack_trace,PS-HOST-01,,,,,,,C:\Program Files\Mozilla Firefox\firefox.exe,C:\Program Files\Mozilla Firefox\firefox.exe,0x40,,,,,,,{E983936C-CD5C-6006-8407-00000000A301},6812,{E983936C-CD5F-6006-8607-00000000A301},4500,,T1059.001,PowerShell,Execution,TRACE-PS-01,powershell,https://raw.githubusercontent.com/splunk/attack_data/master/datasets/attack_techniques/T1059.001/encoded_powershell/windows-sysmon.log,1a6b18fee815be14d7bdd6eef6e243e29328c76f666e8659f678cacf76684746,false,Execution,none,raw Computer/IpAddress/User fields,
2021-01-19T13:21:57.986+0000,2021-01-19T13:21:57.986+0000,10,Microsoft-Windows-Sysmon/Operational,ict3214:attack_trace,PS-HOST-01,,,,,,,C:\Program Files\Mozilla Firefox\firefox.exe,C:\Program Files\Mozilla Firefox\firefox.exe,0x40,,,,,,,{E983936C-CD5C-6006-8407-00000000A301},6812,{E983936C-CD5F-6006-8607-00000000A301},4500,,T1059.001,PowerShell,Execution,TRACE-PS-01,powershell,https://raw.githubusercontent.com/splunk/attack_data/master/datasets/attack_techniques/T1059.001/encoded_powershell/windows-sysmon.log,c6fb9b7c4126f8332ff50bff2b63d605a6dd58d06e871b7c47a8d38f4ba9fefb,false,Execution,none,raw Computer/IpAddress/User fields,
2021-01-19T13:21:58.094+0000,2021-01-19T13:21:58.094+0000,10,Microsoft-Windows-Sysmon/Operational,ict3214:attack_trace,PS-HOST-01,,,,,,,C:\Program Files\Mozilla Firefox\firefox.exe,C:\Program Files\Mozilla Firefox\firefox.exe,0x40,,,,,,,{E983936C-CD5C-6006-8407-00000000A301},6812,{E983936C-CD5F-6006-8607-00000000A301},4500,,T1059.001,PowerShell,Execution,TRACE-PS-01,powershell,https://raw.githubusercontent.com/splunk/attack_data/master/datasets/attack_techniques/T1059.001/encoded_powershell/windows-sysmon.log,14071fbd1f5dcf394619d72c80b2709c1a8bbd0c037bec9cfa6cddb1b7706ac3,false,Execution,none,raw Computer/IpAddress/User fields,
2021-01-19T13:21:58.094+0000,2021-01-19T13:21:58.094+0000,10,Microsoft-Windows-Sysmon/Operational,ict3214:attack_trace,PS-HOST-01,,,,,,,C:\Program Files\Mozilla Firefox\firefox.exe,C:\Program Files\Mozilla Firefox\firefox.exe,0x40,,,,,,,{E983936C-CD5C-6006-8407-00000000A301},6812,{E983936C-CD5F-6006-8607-00000000A301},4500,,T1059.001,PowerShell,Execution,TRACE-PS-01,powershell,https://raw.githubusercontent.com/splunk/attack_data/master/datasets/attack_techniques/T1059.001/encoded_powershell/windows-sysmon.log,e5cb417b4bde7c127c3193d161fd79aa317292d10e4d79ac61c8a4bfdbe18671,false,Execution,none,raw Computer/IpAddress/User fields,
2021-01-19T13:21:58.178+0000,2021-01-19T13:21:58.178+0000,10,Microsoft-Windows-Sysmon/Operational,ict3214:attack_trace,PS-HOST-01,,,,,,,C:\Program Files\Mozilla Firefox\firefox.exe,C:\Program Files\Mozilla Firefox\firefox.exe,0x40,,,,,,,{E983936C-CD5C-6006-8407-00000000A301},6812,{E983936C-CD5F-6006-8607-00000000A301},4500,,T1059.001,PowerShell,Execution,TRACE-PS-01,powershell,https://raw.githubusercontent.com/splunk/attack_data/master/datasets/attack_techniques/T1059.001/encoded_powershell/windows-sysmon.log,789664aac504a17bc5d6302b1d07238c13d0c5785a082c5cf279b0859e022917,false,Execution,none,raw Computer/IpAddress/User fields,
2021-01-19T13:21:58.179+0000,2021-01-19T13:21:58.179+0000,10,Microsoft-Windows-Sysmon/Operational,ict3214:attack_trace,PS-HOST-01,,,,,,,C:\Program Files\Mozilla Firefox\firefox.exe,C:\Program Files\Mozilla Firefox\firefox.exe,0x40,,,,,,,{E983936C-CD5C-6006-8407-00000000A301},6812,{E983936C-CD5F-6006-8607-00000000A301},4500,,T1059.001,PowerShell,Execution,TRACE-PS-01,powershell,https://raw.githubusercontent.com/splunk/attack_data/master/datasets/attack_techniques/T1059.001/encoded_powershell/windows-sysmon.log,44ad4c7465c643bedb15457008a8a0846f4e69920c00e4b70b5f4e5f6609c911,false,Execution,none,raw Computer/IpAddress/User fields,
2021-01-19T13:21:58.583+0000,2021-01-19T13:21:58.583+0000,10,Microsoft-Windows-Sysmon/Operational,ict3214:attack_trace,PS-HOST-01,,,,,,,C:\Program Files\Mozilla Firefox\firefox.exe,C:\Program Files\Mozilla Firefox\firefox.exe,0x40,,,,,,,{E983936C-CD5C-6006-8407-00000000A301},6812,{E983936C-CD5F-6006-8607-00000000A301},4500,,T1059.001,PowerShell,Execution,TRACE-PS-01,powershell,https://raw.githubusercontent.com/splunk/attack_data/master/datasets/attack_techniques/T1059.001/encoded_powershell/windows-sysmon.log,419e555e6dbdff919472d4cbe586ed78f7009d81f528734aa6509c95653151cc,false,Execution,none,raw Computer/IpAddress/User fields,
2021-01-19T13:21:58.584+0000,2021-01-19T13:21:58.584+0000,10,Microsoft-Windows-Sysmon/Operational,ict3214:attack_trace,PS-HOST-01,,,,,,,C:\Program Files\Mozilla Firefox\firefox.exe,C:\Program Files\Mozilla Firefox\firefox.exe,0x40,,,,,,,{E983936C-CD5C-6006-8407-00000000A301},6812,{E983936C-CD5F-6006-8607-00000000A301},4500,,T1059.001,PowerShell,Execution,TRACE-PS-01,powershell,https://raw.githubusercontent.com/splunk/attack_data/master/datasets/attack_techniques/T1059.001/encoded_powershell/windows-sysmon.log,1b280d86edf26d131269f3fca97ed456016e075fa18f33edd5accae4812f505c,false,Execution,none,raw Computer/IpAddress/User fields,
2021-01-19T13:21:58.584+0000,2021-01-19T13:21:58.584+0000,10,Microsoft-Windows-Sysmon/Operational,ict3214:attack_trace,PS-HOST-01,,,,,,,C:\Program Files\Mozilla Firefox\firefox.exe,C:\Program Files\Mozilla Firefox\firefox.exe,0x40,,,,,,,{E983936C-CD5C-6006-8407-00000000A301},6812,{E983936C-CD5F-6006-8607-00000000A301},4500,,T1059.001,PowerShell,Execution,TRACE-PS-01,powershell,https://raw.githubusercontent.com/splunk/attack_data/master/datasets/attack_techniques/T1059.001/encoded_powershell/windows-sysmon.log,8af78412aaec698e75714cedfa4efc1b397ab8a86c4caa92de4a0d035bda8dc4,false,Execution,none,raw Computer/IpAddress/User fields,
2021-01-19T13:21:58.585+0000,2021-01-19T13:21:58.585+0000,10,Microsoft-Windows-Sysmon/Operational,ict3214:attack_trace,PS-HOST-01,,,,,,,C:\Program Files\Mozilla Firefox\firefox.exe,C:\Program Files\Mozilla Firefox\firefox.exe,0x40,,,,,,,{E983936C-CD5C-6006-8407-00000000A301},6812,{E983936C-CD5F-6006-8607-00000000A301},4500,,T1059.001,PowerShell,Execution,TRACE-PS-01,powershell,https://raw.githubusercontent.com/splunk/attack_data/master/datasets/attack_techniques/T1059.001/encoded_powershell/windows-sysmon.log,a19cfe38ba9226ad84e1656a007b6ba903cc52d12dea664a67bdd5c51ff1775d,false,Execution,none,raw Computer/IpAddress/User fields,
2021-01-19T13:21:58.585+0000,2021-01-19T13:21:58.585+0000,10,Microsoft-Windows-Sysmon/Operational,ict3214:attack_trace,PS-HOST-01,,,,,,,C:\Program Files\Mozilla Firefox\firefox.exe,C:\Program Files\Mozilla Firefox\firefox.exe,0x40,,,,,,,{E983936C-CD5C-6006-8407-00000000A301},6812,{E983936C-CD5F-6006-8607-00000000A301},4500,,T1059.001,PowerShell,Execution,TRACE-PS-01,powershell,https://raw.githubusercontent.com/splunk/attack_data/master/datasets/attack_techniques/T1059.001/encoded_powershell/windows-sysmon.log,de6a3e37bb07b142b6149da76dce219bc1ac650dd3b21d225c6691e36cd807b8,false,Execution,none,raw Computer/IpAddress/User fields,
2021-01-19T13:21:58.635+0000,2021-01-19T13:21:58.635+0000,22,Microsoft-Windows-Sysmon/Operational,ict3214:attack_trace,PS-HOST-01,,,,C:\Program Files\Mozilla Firefox\firefox.exe,,,,,,,,,,{E983936C-CD5C-6006-8407-00000000A301},6812,,,,,onesignal.com,T1059.001,PowerShell,Execution,TRACE-PS-01,powershell,https://raw.githubusercontent.com/splunk/attack_data/master/datasets/attack_techniques/T1059.001/encoded_powershell/windows-sysmon.log,1f78c6a1791a00e5536bfc7c37aa15bc2b61e2ce81cfcf85f2998520bdf58618,false,Execution,none,raw Computer/IpAddress/User fields,
2021-01-19T13:21:58.635+0000,2021-01-19T13:21:58.635+0000,22,Microsoft-Windows-Sysmon/Operational,ict3214:attack_trace,PS-HOST-01,,,,C:\Program Files\Mozilla Firefox\firefox.exe,,,,,,,,,,{E983936C-CD5C-6006-8407-00000000A301},6812,,,,,cdn.onesignal.com,T1059.001,PowerShell,Execution,TRACE-PS-01,powershell,https://raw.githubusercontent.com/splunk/attack_data/master/datasets/attack_techniques/T1059.001/encoded_powershell/windows-sysmon.log,273c8d125c9b2a99a3034bb80c2a2319c110522dcf7478fa8bae8f36dcfeab76,false,Execution,none,raw Computer/IpAddress/User fields,
2021-01-19T13:21:58.635+0000,2021-01-19T13:21:58.635+0000,22,Microsoft-Windows-Sysmon/Operational,ict3214:attack_trace,PS-HOST-01,,,,C:\Program Files\Mozilla Firefox\firefox.exe,,,,,,,,,,{E983936C-CD5C-6006-8407-00000000A301},6812,,,,,onesignal.com,T1059.001,PowerShell,Execution,TRACE-PS-01,powershell,https://raw.githubusercontent.com/splunk/attack_data/master/datasets/attack_techniques/T1059.001/encoded_powershell/windows-sysmon.log,293d4fb73c4014ddb8e42a990eabb1ea780cee73820115c7f383187ddef5f8f7,false,Execution,none,raw Computer/IpAddress/User fields,
2021-01-19T13:21:58.635+0000,2021-01-19T13:21:58.635+0000,22,Microsoft-Windows-Sysmon/Operational,ict3214:attack_trace,PS-HOST-01,,,,C:\Program Files\Mozilla Firefox\firefox.exe,,,,,,,,,,{E983936C-CD5C-6006-8407-00000000A301},6812,,,,,www-googletagmanager.l.google.com,T1059.001,PowerShell,Execution,TRACE-PS-01,powershell,https://raw.githubusercontent.com/splunk/attack_data/master/datasets/attack_techniques/T1059.001/encoded_powershell/windows-sysmon.log,37937fb042724044b3e9a92aa5e2555a147d7fb280da64b21b8ae786793f966a,false,Execution,none,raw Computer/IpAddress/User fields,
2021-01-19T13:21:58.635+0000,2021-01-19T13:21:58.635+0000,22,Microsoft-Windows-Sysmon/Operational,ict3214:attack_trace,PS-HOST-01,,,,C:\Program Files\Mozilla Firefox\firefox.exe,,,,,,,,,,{E983936C-CD5C-6006-8407-00000000A301},6812,,,,,d3pjq9s091b915.cloudfront.net,T1059.001,PowerShell,Execution,TRACE-PS-01,powershell,https://raw.githubusercontent.com/splunk/attack_data/master/datasets/attack_techniques/T1059.001/encoded_powershell/windows-sysmon.log,5506f9115435e10f38383121811d60be462c36ab2abc9e620e422b75686668c2,false,Execution,none,raw Computer/IpAddress/User fields,
2021-01-19T13:21:58.635+0000,2021-01-19T13:21:58.635+0000,22,Microsoft-Windows-Sysmon/Operational,ict3214:attack_trace,PS-HOST-01,,,,C:\Program Files\Mozilla Firefox\firefox.exe,,,,,,,,,,{E983936C-CD5C-6006-8407-00000000A301},6812,,,,,www-googletagmanager.l.google.com,T1059.001,PowerShell,Execution,TRACE-PS-01,powershell,https://raw.githubusercontent.com/splunk/attack_data/master/datasets/attack_techniques/T1059.001/encoded_powershell/windows-sysmon.log,59a332f8d4b19acf88e7b018c520d23bd84934447f099b4f0f45363ba5b6d800,false,Execution,none,raw Computer/IpAddress/User fields,
2021-01-19T13:21:58.635+0000,2021-01-19T13:21:58.635+0000,22,Microsoft-Windows-Sysmon/Operational,ict3214:attack_trace,PS-HOST-01,,,,C:\Program Files\Mozilla Firefox\firefox.exe,,,,,,,,,,{E983936C-CD5C-6006-8407-00000000A301},6812,,,,,cdn.onesignal.com,T1059.001,PowerShell,Execution,TRACE-PS-01,powershell,https://raw.githubusercontent.com/splunk/attack_data/master/datasets/attack_techniques/T1059.001/encoded_powershell/windows-sysmon.log,82005d3e6c9e7b8a647346623ec2ea4775fbc54d77375156931dd63c4f951405,false,Execution,none,raw Computer/IpAddress/User fields,
2021-01-19T13:21:58.635+0000,2021-01-19T13:21:58.635+0000,22,Microsoft-Windows-Sysmon/Operational,ict3214:attack_trace,PS-HOST-01,,,,C:\Program Files\Mozilla Firefox\firefox.exe,,,,,,,,,,{E983936C-CD5C-6006-8407-00000000A301},6812,,,,,cdn.onesignal.com,T1059.001,PowerShell,Execution,TRACE-PS-01,powershell,https://raw.githubusercontent.com/splunk/attack_data/master/datasets/attack_techniques/T1059.001/encoded_powershell/windows-sysmon.log,b10ed32079629fde25cc23e73535df9701ce17bd2186532ec0e25a8a03a640e4,false,Execution,none,raw Computer/IpAddress/User fields,
2021-01-19T13:21:58.636+0000,2021-01-19T13:21:58.636+0000,22,Microsoft-Windows-Sysmon/Operational,ict3214:attack_trace,PS-HOST-01,,,,C:\Program Files\Mozilla Firefox\firefox.exe,,,,,,,,,,{E983936C-CD5C-6006-8407-00000000A301},6812,,,,,www-google-analytics.l.google.com,T1059.001,PowerShell,Execution,TRACE-PS-01,powershell,https://raw.githubusercontent.com/splunk/attack_data/master/datasets/attack_techniques/T1059.001/encoded_powershell/windows-sysmon.log,1ac0a8d89528f579aba590e7f15094c145cb1fe31dbc3110e5e46cf9a64372f1,false,Execution,none,raw Computer/IpAddress/User fields,
2021-01-19T13:21:58.636+0000,2021-01-19T13:21:58.636+0000,22,Microsoft-Windows-Sysmon/Operational,ict3214:attack_trace,PS-HOST-01,,,,C:\Program Files\Mozilla Firefox\firefox.exe,,,,,,,,,,{E983936C-CD5C-6006-8407-00000000A301},6812,,,,,www-google-analytics.l.google.com,T1059.001,PowerShell,Execution,TRACE-PS-01,powershell,https://raw.githubusercontent.com/splunk/attack_data/master/datasets/attack_techniques/T1059.001/encoded_powershell/windows-sysmon.log,53fadb37ec263547215be05763c875c8fd3ce422f60996b5918c6e5749f295f5,false,Execution,none,raw Computer/IpAddress/User fields,
2021-01-19T13:21:58.636+0000,2021-01-19T13:21:58.636+0000,22,Microsoft-Windows-Sysmon/Operational,ict3214:attack_trace,PS-HOST-01,,,,C:\Program Files\Mozilla Firefox\firefox.exe,,,,,,,,,,{E983936C-CD5C-6006-8407-00000000A301},6812,,,,,onesignal.com,T1059.001,PowerShell,Execution,TRACE-PS-01,powershell,https://raw.githubusercontent.com/splunk/attack_data/master/datasets/attack_techniques/T1059.001/encoded_powershell/windows-sysmon.log,8d73e842cb5004a6b93f925e350ceeed909913477b1a3dd620987feb4277183c,false,Execution,none,raw Computer/IpAddress/User fields,
2021-01-19T13:21:58.637+0000,2021-01-19T13:21:58.637+0000,22,Microsoft-Windows-Sysmon/Operational,ict3214:attack_trace,PS-HOST-01,,,,C:\Program Files\Mozilla Firefox\firefox.exe,,,,,,,,,,{E983936C-CD5C-6006-8407-00000000A301},6812,,,,,img.onesignal.com,T1059.001,PowerShell,Execution,TRACE-PS-01,powershell,https://raw.githubusercontent.com/splunk/attack_data/master/datasets/attack_techniques/T1059.001/encoded_powershell/windows-sysmon.log,6ddb514660d0cee2d60dc0288ff9193a513959b13f621d84e261e09c1c9d69b3,false,Execution,none,raw Computer/IpAddress/User fields,
2021-01-19T13:21:58.637+0000,2021-01-19T13:21:58.637+0000,22,Microsoft-Windows-Sysmon/Operational,ict3214:attack_trace,PS-HOST-01,,,,C:\Program Files\Mozilla Firefox\firefox.exe,,,,,,,,,,{E983936C-CD5C-6006-8407-00000000A301},6812,,,,,img.onesignal.com,T1059.001,PowerShell,Execution,TRACE-PS-01,powershell,https://raw.githubusercontent.com/splunk/attack_data/master/datasets/attack_techniques/T1059.001/encoded_powershell/windows-sysmon.log,9e4437d014ec5c5a6471e20302df5eaff6d4a7c78d56ea3a76cc9d5aca7ae786,false,Execution,none,raw Computer/IpAddress/User fields,
2021-01-19T13:21:58.637+0000,2021-01-19T13:21:58.637+0000,22,Microsoft-Windows-Sysmon/Operational,ict3214:attack_trace,PS-HOST-01,,,,C:\Program Files\Mozilla Firefox\firefox.exe,,,,,,,,,,{E983936C-CD5C-6006-8407-00000000A301},6812,,,,,img.onesignal.com,T1059.001,PowerShell,Execution,TRACE-PS-01,powershell,https://raw.githubusercontent.com/splunk/attack_data/master/datasets/attack_techniques/T1059.001/encoded_powershell/windows-sysmon.log,ebf884c1383bb9cd00cc5ef5bb95ea0c818af225e91bf346ebe41a36531a6b9f,false,Execution,none,raw Computer/IpAddress/User fields,
2021-01-19T13:21:58.902+0000,2021-01-19T13:21:58.902+0000,10,Microsoft-Windows-Sysmon/Operational,ict3214:attack_trace,PS-HOST-01,,,,,,,C:\Program Files\Mozilla Firefox\firefox.exe,C:\Program Files\Mozilla Firefox\firefox.exe,0x40,,,,,,,{E983936C-CD5C-6006-8407-00000000A301},6812,{E983936C-CD5F-6006-8607-00000000A301},4500,,T1059.001,PowerShell,Execution,TRACE-PS-01,powershell,https://raw.githubusercontent.com/splunk/attack_data/master/datasets/attack_techniques/T1059.001/encoded_powershell/windows-sysmon.log,9463ecf0a082a7bd7375ac12cb27862261f53e8e38fd9334a0251915d66e7d68,false,Execution,none,raw Computer/IpAddress/User fields,
2021-01-19T13:21:58.902+0000,2021-01-19T13:21:58.902+0000,10,Microsoft-Windows-Sysmon/Operational,ict3214:attack_trace,PS-HOST-01,,,,,,,C:\Program Files\Mozilla Firefox\firefox.exe,C:\Program Files\Mozilla Firefox\firefox.exe,0x40,,,,,,,{E983936C-CD5C-6006-8407-00000000A301},6812,{E983936C-CD5F-6006-8607-00000000A301},4500,,T1059.001,PowerShell,Execution,TRACE-PS-01,powershell,https://raw.githubusercontent.com/splunk/attack_data/master/datasets/attack_techniques/T1059.001/encoded_powershell/windows-sysmon.log,bb9e1ffb2212f352400daf1a448b8067146fb37d7fedb6f77e5f607d2f448711,false,Execution,none,raw Computer/IpAddress/User fields,
2021-01-19T13:21:58.903+0000,2021-01-19T13:21:58.903+0000,10,Microsoft-Windows-Sysmon/Operational,ict3214:attack_trace,PS-HOST-01,,,,,,,C:\Program Files\Mozilla Firefox\firefox.exe,C:\Program Files\Mozilla Firefox\firefox.exe,0x40,,,,,,,{E983936C-CD5C-6006-8407-00000000A301},6812,{E983936C-CD5F-6006-8607-00000000A301},4500,,T1059.001,PowerShell,Execution,TRACE-PS-01,powershell,https://raw.githubusercontent.com/splunk/attack_data/master/datasets/attack_techniques/T1059.001/encoded_powershell/windows-sysmon.log,5d5efe34c99f8136b034347b2f90a86e8724803f3bf9ca15c0ae89b38872c550,false,Execution,none,raw Computer/IpAddress/User fields,
2021-01-19T13:21:58.907+0000,2021-01-19T13:21:58.907+0000,10,Microsoft-Windows-Sysmon/Operational,ict3214:attack_trace,PS-HOST-01,,,,,,,C:\Program Files\Mozilla Firefox\firefox.exe,C:\Program Files\Mozilla Firefox\firefox.exe,0x40,,,,,,,{E983936C-CD5C-6006-8407-00000000A301},6812,{E983936C-CD5F-6006-8607-00000000A301},4500,,T1059.001,PowerShell,Execution,TRACE-PS-01,powershell,https://raw.githubusercontent.com/splunk/attack_data/master/datasets/attack_techniques/T1059.001/encoded_powershell/windows-sysmon.log,bc2d081dfa716524efc6569ec50269799a3a43419d3728e1927454159f80aaf8,false,Execution,none,raw Computer/IpAddress/User fields,
2021-01-19T13:21:59.253+0000,2021-01-19T13:21:59.253+0000,10,Microsoft-Windows-Sysmon/Operational,ict3214:attack_trace,PS-HOST-01,,,,,,,C:\Program Files\Mozilla Firefox\firefox.exe,C:\Program Files\Mozilla Firefox\firefox.exe,0x40,,,,,,,{E983936C-CD5C-6006-8407-00000000A301},6812,{E983936C-CD5F-6006-8607-00000000A301},4500,,T1059.001,PowerShell,Execution,TRACE-PS-01,powershell,https://raw.githubusercontent.com/splunk/attack_data/master/datasets/attack_techniques/T1059.001/encoded_powershell/windows-sysmon.log,6ba02ae63fdd4dd65406653f842198ea9a1fda1a996467f72cefeb0c2462dee7,false,Execution,none,raw Computer/IpAddress/User fields,
2021-01-19T13:21:59.534+0000,2021-01-19T13:21:59.534+0000,10,Microsoft-Windows-Sysmon/Operational,ict3214:attack_trace,PS-HOST-01,,,,,,,C:\Program Files\Mozilla Firefox\firefox.exe,C:\Program Files\Mozilla Firefox\firefox.exe,0x40,,,,,,,{E983936C-CD5C-6006-8407-00000000A301},6812,{E983936C-CD5F-6006-8607-00000000A301},4500,,T1059.001,PowerShell,Execution,TRACE-PS-01,powershell,https://raw.githubusercontent.com/splunk/attack_data/master/datasets/attack_techniques/T1059.001/encoded_powershell/windows-sysmon.log,4dfd6c0f79e672b2687cdedf8447bcafcd22b39be70526369971208811795627,false,Execution,none,raw Computer/IpAddress/User fields,
2021-01-19T13:21:59.534+0000,2021-01-19T13:21:59.534+0000,10,Microsoft-Windows-Sysmon/Operational,ict3214:attack_trace,PS-HOST-01,,,,,,,C:\Program Files\Mozilla Firefox\firefox.exe,C:\Program Files\Mozilla Firefox\firefox.exe,0x40,,,,,,,{E983936C-CD5C-6006-8407-00000000A301},6812,{E983936C-CD5F-6006-8607-00000000A301},4500,,T1059.001,PowerShell,Execution,TRACE-PS-01,powershell,https://raw.githubusercontent.com/splunk/attack_data/master/datasets/attack_techniques/T1059.001/encoded_powershell/windows-sysmon.log,66a6824ac0d1fa759ae3d74ac34454af0b678f6bc181bbd5ecffa85c09c4663e,false,Execution,none,raw Computer/IpAddress/User fields,
2021-01-19T13:21:59.534+0000,2021-01-19T13:21:59.534+0000,10,Microsoft-Windows-Sysmon/Operational,ict3214:attack_trace,PS-HOST-01,,,,,,,C:\Program Files\Mozilla Firefox\firefox.exe,C:\Program Files\Mozilla Firefox\firefox.exe,0x40,,,,,,,{E983936C-CD5C-6006-8407-00000000A301},6812,{E983936C-CD5F-6006-8607-00000000A301},4500,,T1059.001,PowerShell,Execution,TRACE-PS-01,powershell,https://raw.githubusercontent.com/splunk/attack_data/master/datasets/attack_techniques/T1059.001/encoded_powershell/windows-sysmon.log,83b99fcd8829aca6a22154b5d43ab28943dcffef5d8944166265bea326b877b3,false,Execution,none,raw Computer/IpAddress/User fields,
2021-01-19T13:21:59.535+0000,2021-01-19T13:21:59.535+0000,10,Microsoft-Windows-Sysmon/Operational,ict3214:attack_trace,PS-HOST-01,,,,,,,C:\Program Files\Mozilla Firefox\firefox.exe,C:\Program Files\Mozilla Firefox\firefox.exe,0x40,,,,,,,{E983936C-CD5C-6006-8407-00000000A301},6812,{E983936C-CD5F-6006-8607-00000000A301},4500,,T1059.001,PowerShell,Execution,TRACE-PS-01,powershell,https://raw.githubusercontent.com/splunk/attack_data/master/datasets/attack_techniques/T1059.001/encoded_powershell/windows-sysmon.log,00d6db37a676964706f0fb042f5b65a49459d162f1936cf3eb86c661aa3e318c,false,Execution,none,raw Computer/IpAddress/User fields,
2021-01-19T13:21:59.535+0000,2021-01-19T13:21:59.535+0000,10,Microsoft-Windows-Sysmon/Operational,ict3214:attack_trace,PS-HOST-01,,,,,,,C:\Program Files\Mozilla Firefox\firefox.exe,C:\Program Files\Mozilla Firefox\firefox.exe,0x40,,,,,,,{E983936C-CD5C-6006-8407-00000000A301},6812,{E983936C-CD5F-6006-8607-00000000A301},4500,,T1059.001,PowerShell,Execution,TRACE-PS-01,powershell,https://raw.githubusercontent.com/splunk/attack_data/master/datasets/attack_techniques/T1059.001/encoded_powershell/windows-sysmon.log,0ce8b4eff19f4d37c948fd1bab36f83b8ac5796f665819dded9ad680769c6004,false,Execution,none,raw Computer/IpAddress/User fields,
2021-01-19T13:21:59.535+0000,2021-01-19T13:21:59.535+0000,10,Microsoft-Windows-Sysmon/Operational,ict3214:attack_trace,PS-HOST-01,,,,,,,C:\Program Files\Mozilla Firefox\firefox.exe,C:\Program Files\Mozilla Firefox\firefox.exe,0x40,,,,,,,{E983936C-CD5C-6006-8407-00000000A301},6812,{E983936C-CD5F-6006-8607-00000000A301},4500,,T1059.001,PowerShell,Execution,TRACE-PS-01,powershell,https://raw.githubusercontent.com/splunk/attack_data/master/datasets/attack_techniques/T1059.001/encoded_powershell/windows-sysmon.log,ed42d586f0b24ed6c4919e44c0bfc7a517a3f43de1e89d65e4a7219f869f4ac9,false,Execution,none,raw Computer/IpAddress/User fields,
2021-01-19T13:21:59.536+0000,2021-01-19T13:21:59.536+0000,10,Microsoft-Windows-Sysmon/Operational,ict3214:attack_trace,PS-HOST-01,,,,,,,C:\Program Files\Mozilla Firefox\firefox.exe,C:\Program Files\Mozilla Firefox\firefox.exe,0x40,,,,,,,{E983936C-CD5C-6006-8407-00000000A301},6812,{E983936C-CD5F-6006-8607-00000000A301},4500,,T1059.001,PowerShell,Execution,TRACE-PS-01,powershell,https://raw.githubusercontent.com/splunk/attack_data/master/datasets/attack_techniques/T1059.001/encoded_powershell/windows-sysmon.log,48cc4d5d81b1f2e4367b733af65b6305c3661643dc8ca67d7e85e5da19fa91ce,false,Execution,none,raw Computer/IpAddress/User fields,
2021-01-19T13:21:59.536+0000,2021-01-19T13:21:59.536+0000,10,Microsoft-Windows-Sysmon/Operational,ict3214:attack_trace,PS-HOST-01,,,,,,,C:\Program Files\Mozilla Firefox\firefox.exe,C:\Program Files\Mozilla Firefox\firefox.exe,0x40,,,,,,,{E983936C-CD5C-6006-8407-00000000A301},6812,{E983936C-CD5F-6006-8607-00000000A301},4500,,T1059.001,PowerShell,Execution,TRACE-PS-01,powershell,https://raw.githubusercontent.com/splunk/attack_data/master/datasets/attack_techniques/T1059.001/encoded_powershell/windows-sysmon.log,cb90a28c3cf9404fcbd267d150a3af44320c404ec77e7424cb337c0eead349a6,false,Execution,none,raw Computer/IpAddress/User fields,
2021-01-19T13:21:59.537+0000,2021-01-19T13:21:59.537+0000,10,Microsoft-Windows-Sysmon/Operational,ict3214:attack_trace,PS-HOST-01,,,,,,,C:\Program Files\Mozilla Firefox\firefox.exe,C:\Program Files\Mozilla Firefox\firefox.exe,0x40,,,,,,,{E983936C-CD5C-6006-8407-00000000A301},6812,{E983936C-CD5F-6006-8607-00000000A301},4500,,T1059.001,PowerShell,Execution,TRACE-PS-01,powershell,https://raw.githubusercontent.com/splunk/attack_data/master/datasets/attack_techniques/T1059.001/encoded_powershell/windows-sysmon.log,bef412e8fc9d1d4e3aa582c3699b5b7b9d72554f62828be3442d6ed862151c1c,false,Execution,none,raw Computer/IpAddress/User fields,
2021-01-19T13:21:59.635+0000,2021-01-19T13:21:59.635+0000,22,Microsoft-Windows-Sysmon/Operational,ict3214:attack_trace,PS-HOST-01,,,,C:\Program Files\Mozilla Firefox\firefox.exe,,,,,,,,,,{E983936C-CD5C-6006-8407-00000000A301},6812,,,,,s0-2mdn-net.l.google.com,T1059.001,PowerShell,Execution,TRACE-PS-01,powershell,https://raw.githubusercontent.com/splunk/attack_data/master/datasets/attack_techniques/T1059.001/encoded_powershell/windows-sysmon.log,6ee5ba56ad5dcb412a1e8ce824d0823f5959f2061bcfd6a2561d03775839e89e,false,Execution,none,raw Computer/IpAddress/User fields,
2021-01-19T13:21:59.636+0000,2021-01-19T13:21:59.636+0000,22,Microsoft-Windows-Sysmon/Operational,ict3214:attack_trace,PS-HOST-01,,,,C:\Program Files\Mozilla Firefox\firefox.exe,,,,,,,,,,{E983936C-CD5C-6006-8407-00000000A301},6812,,,,,cdn-content.ampproject.org,T1059.001,PowerShell,Execution,TRACE-PS-01,powershell,https://raw.githubusercontent.com/splunk/attack_data/master/datasets/attack_techniques/T1059.001/encoded_powershell/windows-sysmon.log,1ecd509a26e3d319a13daa4454897a924f449d9f61bedb01f05a8dcdc2d80359,false,Execution,none,raw Computer/IpAddress/User fields,
2021-01-19T13:21:59.636+0000,2021-01-19T13:21:59.636+0000,22,Microsoft-Windows-Sysmon/Operational,ict3214:attack_trace,PS-HOST-01,,,,C:\Program Files\Mozilla Firefox\firefox.exe,,,,,,,,,,{E983936C-CD5C-6006-8407-00000000A301},6812,,,,,cdn-content.ampproject.org,T1059.001,PowerShell,Execution,TRACE-PS-01,powershell,https://raw.githubusercontent.com/splunk/attack_data/master/datasets/attack_techniques/T1059.001/encoded_powershell/windows-sysmon.log,615bdf2873af59ba8c20c65d15f350c1305b5a05ae749ba25aee39fcd3f4f8d7,false,Execution,none,raw Computer/IpAddress/User fields,
2021-01-19T13:21:59.636+0000,2021-01-19T13:21:59.636+0000,22,Microsoft-Windows-Sysmon/Operational,ict3214:attack_trace,PS-HOST-01,,,,C:\Program Files\Mozilla Firefox\firefox.exe,,,,,,,,,,{E983936C-CD5C-6006-8407-00000000A301},6812,,,,,cdn.ampproject.org,T1059.001,PowerShell,Execution,TRACE-PS-01,powershell,https://raw.githubusercontent.com/splunk/attack_data/master/datasets/attack_techniques/T1059.001/encoded_powershell/windows-sysmon.log,ca12b880c04311e68c74ee01cfe48c9d88278b537389d1a3b61bc8bf0159016d,false,Execution,none,raw Computer/IpAddress/User fields,
2021-01-19T13:21:59.757+0000,2021-01-19T13:21:59.757+0000,10,Microsoft-Windows-Sysmon/Operational,ict3214:attack_trace,PS-HOST-01,,,,,,,C:\Program Files\Mozilla Firefox\firefox.exe,C:\Program Files\Mozilla Firefox\firefox.exe,0x40,,,,,,,{E983936C-CD5C-6006-8407-00000000A301},6812,{E983936C-CD5F-6006-8607-00000000A301},4500,,T1059.001,PowerShell,Execution,TRACE-PS-01,powershell,https://raw.githubusercontent.com/splunk/attack_data/master/datasets/attack_techniques/T1059.001/encoded_powershell/windows-sysmon.log,842f2e51851e7e097ee00162bd82e4d83d276c0d4365c65290ceda62e9a2528d,false,Execution,none,raw Computer/IpAddress/User fields,
2021-01-19T13:21:59.757+0000,2021-01-19T13:21:59.757+0000,10,Microsoft-Windows-Sysmon/Operational,ict3214:attack_trace,PS-HOST-01,,,,,,,C:\Program Files\Mozilla Firefox\firefox.exe,C:\Program Files\Mozilla Firefox\firefox.exe,0x40,,,,,,,{E983936C-CD5C-6006-8407-00000000A301},6812,{E983936C-CD5F-6006-8607-00000000A301},4500,,T1059.001,PowerShell,Execution,TRACE-PS-01,powershell,https://raw.githubusercontent.com/splunk/attack_data/master/datasets/attack_techniques/T1059.001/encoded_powershell/windows-sysmon.log,8c0897d4d162e3e12418685f4c0cbceddd88325ebe58aa9206920a18c8563eb4,false,Execution,none,raw Computer/IpAddress/User fields,
2021-01-19T13:21:59.758+0000,2021-01-19T13:21:59.758+0000,10,Microsoft-Windows-Sysmon/Operational,ict3214:attack_trace,PS-HOST-01,,,,,,,C:\Program Files\Mozilla Firefox\firefox.exe,C:\Program Files\Mozilla Firefox\firefox.exe,0x40,,,,,,,{E983936C-CD5C-6006-8407-00000000A301},6812,{E983936C-CD5F-6006-8607-00000000A301},4500,,T1059.001,PowerShell,Execution,TRACE-PS-01,powershell,https://raw.githubusercontent.com/splunk/attack_data/master/datasets/attack_techniques/T1059.001/encoded_powershell/windows-sysmon.log,4352ae57c7d3bff35e0f704138e86b5cb5479dea083849ac6af066e6517694d2,false,Execution,none,raw Computer/IpAddress/User fields,
2021-01-19T13:21:59.758+0000,2021-01-19T13:21:59.758+0000,10,Microsoft-Windows-Sysmon/Operational,ict3214:attack_trace,PS-HOST-01,,,,,,,C:\Program Files\Mozilla Firefox\firefox.exe,C:\Program Files\Mozilla Firefox\firefox.exe,0x40,,,,,,,{E983936C-CD5C-6006-8407-00000000A301},6812,{E983936C-CD5F-6006-8607-00000000A301},4500,,T1059.001,PowerShell,Execution,TRACE-PS-01,powershell,https://raw.githubusercontent.com/splunk/attack_data/master/datasets/attack_techniques/T1059.001/encoded_powershell/windows-sysmon.log,a27ef8f4c4683c74834b346f341c1398b2033a83457fa8591d1d7ff0b953ac33,false,Execution,none,raw Computer/IpAddress/User fields,
2021-01-19T13:21:59.758+0000,2021-01-19T13:21:59.758+0000,10,Microsoft-Windows-Sysmon/Operational,ict3214:attack_trace,PS-HOST-01,,,,,,,C:\Program Files\Mozilla Firefox\firefox.exe,C:\Program Files\Mozilla Firefox\firefox.exe,0x40,,,,,,,{E983936C-CD5C-6006-8407-00000000A301},6812,{E983936C-CD5F-6006-8607-00000000A301},4500,,T1059.001,PowerShell,Execution,TRACE-PS-01,powershell,https://raw.githubusercontent.com/splunk/attack_data/master/datasets/attack_techniques/T1059.001/encoded_powershell/windows-sysmon.log,f0cc5a0d5cf5ca9d61bf26056b46e823c5afab20ae709bbd09f94187517ed4f5,false,Execution,none,raw Computer/IpAddress/User fields,
2021-01-19T13:21:59.759+0000,2021-01-19T13:21:59.759+0000,10,Microsoft-Windows-Sysmon/Operational,ict3214:attack_trace,PS-HOST-01,,,,,,,C:\Program Files\Mozilla Firefox\firefox.exe,C:\Program Files\Mozilla Firefox\firefox.exe,0x40,,,,,,,{E983936C-CD5C-6006-8407-00000000A301},6812,{E983936C-CD5F-6006-8607-00000000A301},4500,,T1059.001,PowerShell,Execution,TRACE-PS-01,powershell,https://raw.githubusercontent.com/splunk/attack_data/master/datasets/attack_techniques/T1059.001/encoded_powershell/windows-sysmon.log,2f971e10ea1167746294096dc4d95d9616f0f4bf5f33fc876910368e08e64285,false,Execution,none,raw Computer/IpAddress/User fields,
2021-01-19T13:21:59.759+0000,2021-01-19T13:21:59.759+0000,10,Microsoft-Windows-Sysmon/Operational,ict3214:attack_trace,PS-HOST-01,,,,,,,C:\Program Files\Mozilla Firefox\firefox.exe,C:\Program Files\Mozilla Firefox\firefox.exe,0x40,,,,,,,{E983936C-CD5C-6006-8407-00000000A301},6812,{E983936C-CD5F-6006-8607-00000000A301},4500,,T1059.001,PowerShell,Execution,TRACE-PS-01,powershell,https://raw.githubusercontent.com/splunk/attack_data/master/datasets/attack_techniques/T1059.001/encoded_powershell/windows-sysmon.log,dd512655c1bc0d01b25fb614c063f470b962a8ac5865e440e69af25f9dfafb20,false,Execution,none,raw Computer/IpAddress/User fields,
2021-01-19T13:21:59.759+0000,2021-01-19T13:21:59.759+0000,10,Microsoft-Windows-Sysmon/Operational,ict3214:attack_trace,PS-HOST-01,,,,,,,C:\Program Files\Mozilla Firefox\firefox.exe,C:\Program Files\Mozilla Firefox\firefox.exe,0x40,,,,,,,{E983936C-CD5C-6006-8407-00000000A301},6812,{E983936C-CD5F-6006-8607-00000000A301},4500,,T1059.001,PowerShell,Execution,TRACE-PS-01,powershell,https://raw.githubusercontent.com/splunk/attack_data/master/datasets/attack_techniques/T1059.001/encoded_powershell/windows-sysmon.log,deebe7c972cd8715def7534d05df5d629d56a88dba7a8e615f41406d538be7a4,false,Execution,none,raw Computer/IpAddress/User fields,
2021-01-19T13:21:59.761+0000,2021-01-19T13:21:59.761+0000,10,Microsoft-Windows-Sysmon/Operational,ict3214:attack_trace,PS-HOST-01,,,,,,,C:\Program Files\Mozilla Firefox\firefox.exe,C:\Program Files\Mozilla Firefox\firefox.exe,0x40,,,,,,,{E983936C-CD5C-6006-8407-00000000A301},6812,{E983936C-CD5F-6006-8607-00000000A301},4500,,T1059.001,PowerShell,Execution,TRACE-PS-01,powershell,https://raw.githubusercontent.com/splunk/attack_data/master/datasets/attack_techniques/T1059.001/encoded_powershell/windows-sysmon.log,90462f6fb21c003353964457e1f5a7b874f8e04df6a89f5f4285266312533419,false,Execution,none,raw Computer/IpAddress/User fields,
2021-01-19T13:21:59.763+0000,2021-01-19T13:21:59.763+0000,10,Microsoft-Windows-Sysmon/Operational,ict3214:attack_trace,PS-HOST-01,,,,,,,C:\Program Files\Mozilla Firefox\firefox.exe,C:\Program Files\Mozilla Firefox\firefox.exe,0x40,,,,,,,{E983936C-CD5C-6006-8407-00000000A301},6812,{E983936C-CD5F-6006-8607-00000000A301},4500,,T1059.001,PowerShell,Execution,TRACE-PS-01,powershell,https://raw.githubusercontent.com/splunk/attack_data/master/datasets/attack_techniques/T1059.001/encoded_powershell/windows-sysmon.log,839c1bacfa7be2c16e52550217172d0d8d6ab659a117cb87bf27dcb4755b2468,false,Execution,none,raw Computer/IpAddress/User fields,
2021-01-19T13:21:59.763+0000,2021-01-19T13:21:59.763+0000,10,Microsoft-Windows-Sysmon/Operational,ict3214:attack_trace,PS-HOST-01,,,,,,,C:\Program Files\Mozilla Firefox\firefox.exe,C:\Program Files\Mozilla Firefox\firefox.exe,0x40,,,,,,,{E983936C-CD5C-6006-8407-00000000A301},6812,{E983936C-CD5F-6006-8607-00000000A301},4500,,T1059.001,PowerShell,Execution,TRACE-PS-01,powershell,https://raw.githubusercontent.com/splunk/attack_data/master/datasets/attack_techniques/T1059.001/encoded_powershell/windows-sysmon.log,b002bc2e2b99b29be9d4e7adda21991db495bb343b028e12a83d5c102d9dd059,false,Execution,none,raw Computer/IpAddress/User fields,
2021-01-19T13:21:59.764+0000,2021-01-19T13:21:59.764+0000,10,Microsoft-Windows-Sysmon/Operational,ict3214:attack_trace,PS-HOST-01,,,,,,,C:\Program Files\Mozilla Firefox\firefox.exe,C:\Program Files\Mozilla Firefox\firefox.exe,0x40,,,,,,,{E983936C-CD5C-6006-8407-00000000A301},6812,{E983936C-CD5F-6006-8607-00000000A301},4500,,T1059.001,PowerShell,Execution,TRACE-PS-01,powershell,https://raw.githubusercontent.com/splunk/attack_data/master/datasets/attack_techniques/T1059.001/encoded_powershell/windows-sysmon.log,54da53dafed1381f970d5669a3dbaeb55787f8fc3c15e129611161c11b942edc,false,Execution,none,raw Computer/IpAddress/User fields,
2021-01-19T13:21:59.764+0000,2021-01-19T13:21:59.764+0000,10,Microsoft-Windows-Sysmon/Operational,ict3214:attack_trace,PS-HOST-01,,,,,,,C:\Program Files\Mozilla Firefox\firefox.exe,C:\Program Files\Mozilla Firefox\firefox.exe,0x40,,,,,,,{E983936C-CD5C-6006-8407-00000000A301},6812,{E983936C-CD5F-6006-8607-00000000A301},4500,,T1059.001,PowerShell,Execution,TRACE-PS-01,powershell,https://raw.githubusercontent.com/splunk/attack_data/master/datasets/attack_techniques/T1059.001/encoded_powershell/windows-sysmon.log,699de43d6f6601088a9beea2d7555ab5d77eb8d1228106f6b0fff54eb2d2e8a2,false,Execution,none,raw Computer/IpAddress/User fields,
2021-01-19T13:21:59.764+0000,2021-01-19T13:21:59.764+0000,10,Microsoft-Windows-Sysmon/Operational,ict3214:attack_trace,PS-HOST-01,,,,,,,C:\Program Files\Mozilla Firefox\firefox.exe,C:\Program Files\Mozilla Firefox\firefox.exe,0x40,,,,,,,{E983936C-CD5C-6006-8407-00000000A301},6812,{E983936C-CD5F-6006-8607-00000000A301},4500,,T1059.001,PowerShell,Execution,TRACE-PS-01,powershell,https://raw.githubusercontent.com/splunk/attack_data/master/datasets/attack_techniques/T1059.001/encoded_powershell/windows-sysmon.log,7126a5b15696a11524f43730fb70e0dbd1bbc7bb66a7c1ffef3f6554f2c50d06,false,Execution,none,raw Computer/IpAddress/User fields,
2021-01-19T13:21:59.764+0000,2021-01-19T13:21:59.764+0000,10,Microsoft-Windows-Sysmon/Operational,ict3214:attack_trace,PS-HOST-01,,,,,,,C:\Program Files\Mozilla Firefox\firefox.exe,C:\Program Files\Mozilla Firefox\firefox.exe,0x40,,,,,,,{E983936C-CD5C-6006-8407-00000000A301},6812,{E983936C-CD5F-6006-8607-00000000A301},4500,,T1059.001,PowerShell,Execution,TRACE-PS-01,powershell,https://raw.githubusercontent.com/splunk/attack_data/master/datasets/attack_techniques/T1059.001/encoded_powershell/windows-sysmon.log,762c8d46ff5ea3f3f270f673fc74308d4d990d0189e1733ca5360796f1c48da3,false,Execution,none,raw Computer/IpAddress/User fields,
2021-01-19T13:21:59.765+0000,2021-01-19T13:21:59.765+0000,10,Microsoft-Windows-Sysmon/Operational,ict3214:attack_trace,PS-HOST-01,,,,,,,C:\Program Files\Mozilla Firefox\firefox.exe,C:\Program Files\Mozilla Firefox\firefox.exe,0x40,,,,,,,{E983936C-CD5C-6006-8407-00000000A301},6812,{E983936C-CD5F-6006-8607-00000000A301},4500,,T1059.001,PowerShell,Execution,TRACE-PS-01,powershell,https://raw.githubusercontent.com/splunk/attack_data/master/datasets/attack_techniques/T1059.001/encoded_powershell/windows-sysmon.log,4f57f340c825f14106bf621d79b67370ac1b8bf83aa3ee174b4b9ebf18778654,false,Execution,none,raw Computer/IpAddress/User fields,
2021-01-19T13:21:59.805+0000,2021-01-19T13:21:59.805+0000,10,Microsoft-Windows-Sysmon/Operational,ict3214:attack_trace,PS-HOST-01,,,,,,,C:\Program Files\Mozilla Firefox\firefox.exe,C:\Program Files\Mozilla Firefox\firefox.exe,0x40,,,,,,,{E983936C-CD5C-6006-8407-00000000A301},6812,{E983936C-CD5F-6006-8607-00000000A301},4500,,T1059.001,PowerShell,Execution,TRACE-PS-01,powershell,https://raw.githubusercontent.com/splunk/attack_data/master/datasets/attack_techniques/T1059.001/encoded_powershell/windows-sysmon.log,0315f439079dbeb71677d734274dc6f7ea29cc61dd0559eca00caf339469b1e0,false,Execution,none,raw Computer/IpAddress/User fields,
2021-01-19T13:21:59.806+0000,2021-01-19T13:21:59.806+0000,10,Microsoft-Windows-Sysmon/Operational,ict3214:attack_trace,PS-HOST-01,,,,,,,C:\Program Files\Mozilla Firefox\firefox.exe,C:\Program Files\Mozilla Firefox\firefox.exe,0x40,,,,,,,{E983936C-CD5C-6006-8407-00000000A301},6812,{E983936C-CD5F-6006-8607-00000000A301},4500,,T1059.001,PowerShell,Execution,TRACE-PS-01,powershell,https://raw.githubusercontent.com/splunk/attack_data/master/datasets/attack_techniques/T1059.001/encoded_powershell/windows-sysmon.log,33068481647a3dac7971acca7f4209cb56b31a559ca2771bdb1b7cb78a41d119,false,Execution,none,raw Computer/IpAddress/User fields,
2021-01-19T13:21:59.807+0000,2021-01-19T13:21:59.807+0000,10,Microsoft-Windows-Sysmon/Operational,ict3214:attack_trace,PS-HOST-01,,,,,,,C:\Program Files\Mozilla Firefox\firefox.exe,C:\Program Files\Mozilla Firefox\firefox.exe,0x40,,,,,,,{E983936C-CD5C-6006-8407-00000000A301},6812,{E983936C-CD5F-6006-8607-00000000A301},4500,,T1059.001,PowerShell,Execution,TRACE-PS-01,powershell,https://raw.githubusercontent.com/splunk/attack_data/master/datasets/attack_techniques/T1059.001/encoded_powershell/windows-sysmon.log,5b4591308097352d578a6745b79509a066b02fec58e7ef188f57d709cefa5922,false,Execution,none,raw Computer/IpAddress/User fields,
2021-01-19T13:21:59.808+0000,2021-01-19T13:21:59.808+0000,10,Microsoft-Windows-Sysmon/Operational,ict3214:attack_trace,PS-HOST-01,,,,,,,C:\Program Files\Mozilla Firefox\firefox.exe,C:\Program Files\Mozilla Firefox\firefox.exe,0x40,,,,,,,{E983936C-CD5C-6006-8407-00000000A301},6812,{E983936C-CD5F-6006-8607-00000000A301},4500,,T1059.001,PowerShell,Execution,TRACE-PS-01,powershell,https://raw.githubusercontent.com/splunk/attack_data/master/datasets/attack_techniques/T1059.001/encoded_powershell/windows-sysmon.log,1f386fa94dd393265541397056ccdcd73b7a539dc2398821646a118ca523fa51,false,Execution,none,raw Computer/IpAddress/User fields,
2021-01-19T13:21:59.808+0000,2021-01-19T13:21:59.808+0000,10,Microsoft-Windows-Sysmon/Operational,ict3214:attack_trace,PS-HOST-01,,,,,,,C:\Program Files\Mozilla Firefox\firefox.exe,C:\Program Files\Mozilla Firefox\firefox.exe,0x40,,,,,,,{E983936C-CD5C-6006-8407-00000000A301},6812,{E983936C-CD5F-6006-8607-00000000A301},4500,,T1059.001,PowerShell,Execution,TRACE-PS-01,powershell,https://raw.githubusercontent.com/splunk/attack_data/master/datasets/attack_techniques/T1059.001/encoded_powershell/windows-sysmon.log,455655971af73bd782f5179d4f7b7616938f6c82dc723d2235581a31df429088,false,Execution,none,raw Computer/IpAddress/User fields,
2021-01-19T13:21:59.808+0000,2021-01-19T13:21:59.808+0000,10,Microsoft-Windows-Sysmon/Operational,ict3214:attack_trace,PS-HOST-01,,,,,,,C:\Program Files\Mozilla Firefox\firefox.exe,C:\Program Files\Mozilla Firefox\firefox.exe,0x40,,,,,,,{E983936C-CD5C-6006-8407-00000000A301},6812,{E983936C-CD5F-6006-8607-00000000A301},4500,,T1059.001,PowerShell,Execution,TRACE-PS-01,powershell,https://raw.githubusercontent.com/splunk/attack_data/master/datasets/attack_techniques/T1059.001/encoded_powershell/windows-sysmon.log,ea75bc2420cd23857bcc80e122671b6828900f0b4c58165a69079cb860828a95,false,Execution,none,raw Computer/IpAddress/User fields,
2021-01-19T13:21:59.808+0000,2021-01-19T13:21:59.808+0000,10,Microsoft-Windows-Sysmon/Operational,ict3214:attack_trace,PS-HOST-01,,,,,,,C:\Program Files\Mozilla Firefox\firefox.exe,C:\Program Files\Mozilla Firefox\firefox.exe,0x40,,,,,,,{E983936C-CD5C-6006-8407-00000000A301},6812,{E983936C-CD5F-6006-8607-00000000A301},4500,,T1059.001,PowerShell,Execution,TRACE-PS-01,powershell,https://raw.githubusercontent.com/splunk/attack_data/master/datasets/attack_techniques/T1059.001/encoded_powershell/windows-sysmon.log,f06ce9595b4f6a11c82f51c23fa01c51970079ef59f383c76f382e9f2b25c239,false,Execution,none,raw Computer/IpAddress/User fields,
2021-01-19T13:21:59.809+0000,2021-01-19T13:21:59.809+0000,10,Microsoft-Windows-Sysmon/Operational,ict3214:attack_trace,PS-HOST-01,,,,,,,C:\Program Files\Mozilla Firefox\firefox.exe,C:\Program Files\Mozilla Firefox\firefox.exe,0x40,,,,,,,{E983936C-CD5C-6006-8407-00000000A301},6812,{E983936C-CD5F-6006-8607-00000000A301},4500,,T1059.001,PowerShell,Execution,TRACE-PS-01,powershell,https://raw.githubusercontent.com/splunk/attack_data/master/datasets/attack_techniques/T1059.001/encoded_powershell/windows-sysmon.log,32d9db7a337c527bdd1f7e6f42edad6498e0c55771837cc8624160804bd73cc7,false,Execution,none,raw Computer/IpAddress/User fields,
2021-01-19T13:21:59.809+0000,2021-01-19T13:21:59.809+0000,10,Microsoft-Windows-Sysmon/Operational,ict3214:attack_trace,PS-HOST-01,,,,,,,C:\Program Files\Mozilla Firefox\firefox.exe,C:\Program Files\Mozilla Firefox\firefox.exe,0x40,,,,,,,{E983936C-CD5C-6006-8407-00000000A301},6812,{E983936C-CD5F-6006-8607-00000000A301},4500,,T1059.001,PowerShell,Execution,TRACE-PS-01,powershell,https://raw.githubusercontent.com/splunk/attack_data/master/datasets/attack_techniques/T1059.001/encoded_powershell/windows-sysmon.log,9ff5c00829a1ae637be5148d6d208f4c24405dfee6b656fa6eeb250c5a3c2a16,false,Execution,none,raw Computer/IpAddress/User fields,
2021-01-19T13:21:59.809+0000,2021-01-19T13:21:59.809+0000,10,Microsoft-Windows-Sysmon/Operational,ict3214:attack_trace,PS-HOST-01,,,,,,,C:\Program Files\Mozilla Firefox\firefox.exe,C:\Program Files\Mozilla Firefox\firefox.exe,0x40,,,,,,,{E983936C-CD5C-6006-8407-00000000A301},6812,{E983936C-CD5F-6006-8607-00000000A301},4500,,T1059.001,PowerShell,Execution,TRACE-PS-01,powershell,https://raw.githubusercontent.com/splunk/attack_data/master/datasets/attack_techniques/T1059.001/encoded_powershell/windows-sysmon.log,d193d0d5dc0f4c42a7f51d3f1eeb4c0c2b71753510de0184a22776f2e6f72066,false,Execution,none,raw Computer/IpAddress/User fields,
2021-01-19T13:21:59.829+0000,2021-01-19T13:21:59.829+0000,10,Microsoft-Windows-Sysmon/Operational,ict3214:attack_trace,PS-HOST-01,,,,,,,C:\Program Files\Mozilla Firefox\firefox.exe,C:\Program Files\Mozilla Firefox\firefox.exe,0x40,,,,,,,{E983936C-CD5C-6006-8407-00000000A301},6812,{E983936C-CD5F-6006-8607-00000000A301},4500,,T1059.001,PowerShell,Execution,TRACE-PS-01,powershell,https://raw.githubusercontent.com/splunk/attack_data/master/datasets/attack_techniques/T1059.001/encoded_powershell/windows-sysmon.log,71cb619b00ce9069f3a717617dbfd490cf146a7060e194958075331fe7658549,false,Execution,none,raw Computer/IpAddress/User fields,
2021-01-19T13:21:59.830+0000,2021-01-19T13:21:59.830+0000,10,Microsoft-Windows-Sysmon/Operational,ict3214:attack_trace,PS-HOST-01,,,,,,,C:\Program Files\Mozilla Firefox\firefox.exe,C:\Program Files\Mozilla Firefox\firefox.exe,0x40,,,,,,,{E983936C-CD5C-6006-8407-00000000A301},6812,{E983936C-CD5F-6006-8607-00000000A301},4500,,T1059.001,PowerShell,Execution,TRACE-PS-01,powershell,https://raw.githubusercontent.com/splunk/attack_data/master/datasets/attack_techniques/T1059.001/encoded_powershell/windows-sysmon.log,64b6e1b7ff19898af15a0dae91974034b07f4ec6d8fa5cc07cbbc74b6f30b7c3,false,Execution,none,raw Computer/IpAddress/User fields,
2021-01-19T13:21:59.831+0000,2021-01-19T13:21:59.831+0000,10,Microsoft-Windows-Sysmon/Operational,ict3214:attack_trace,PS-HOST-01,,,,,,,C:\Program Files\Mozilla Firefox\firefox.exe,C:\Program Files\Mozilla Firefox\firefox.exe,0x40,,,,,,,{E983936C-CD5C-6006-8407-00000000A301},6812,{E983936C-CD5F-6006-8607-00000000A301},4500,,T1059.001,PowerShell,Execution,TRACE-PS-01,powershell,https://raw.githubusercontent.com/splunk/attack_data/master/datasets/attack_techniques/T1059.001/encoded_powershell/windows-sysmon.log,117c13da645294258d2ebed5a705d13f6ac9342fec8e3e3502286da2154ada18,false,Execution,none,raw Computer/IpAddress/User fields,
2021-01-19T13:22:00.050+0000,2021-01-19T13:22:00.050+0000,10,Microsoft-Windows-Sysmon/Operational,ict3214:attack_trace,PS-HOST-01,,,,,,,C:\Program Files\Mozilla Firefox\firefox.exe,C:\Program Files\Mozilla Firefox\firefox.exe,0x40,,,,,,,{E983936C-CD5C-6006-8407-00000000A301},6812,{E983936C-CD5F-6006-8607-00000000A301},4500,,T1059.001,PowerShell,Execution,TRACE-PS-01,powershell,https://raw.githubusercontent.com/splunk/attack_data/master/datasets/attack_techniques/T1059.001/encoded_powershell/windows-sysmon.log,b747a9abfb732f87adb3b60a7a1f53bca80c3b30c1cc2f21c2c0e9247106769d,false,Execution,none,raw Computer/IpAddress/User fields,
2021-01-19T13:22:00.087+0000,2021-01-19T13:22:00.087+0000,10,Microsoft-Windows-Sysmon/Operational,ict3214:attack_trace,PS-HOST-01,,,,,,,C:\Program Files\Mozilla Firefox\firefox.exe,C:\Program Files\Mozilla Firefox\firefox.exe,0x40,,,,,,,{E983936C-CD5C-6006-8407-00000000A301},6812,{E983936C-CD5F-6006-8607-00000000A301},4500,,T1059.001,PowerShell,Execution,TRACE-PS-01,powershell,https://raw.githubusercontent.com/splunk/attack_data/master/datasets/attack_techniques/T1059.001/encoded_powershell/windows-sysmon.log,ddd04d29c0176187002285083e7bcb62851a9bcfaa7a44d00f8efbb6c80a6c3d,false,Execution,none,raw Computer/IpAddress/User fields,
2021-01-19T13:22:00.200+0000,2021-01-19T13:22:00.200+0000,10,Microsoft-Windows-Sysmon/Operational,ict3214:attack_trace,PS-HOST-01,,,,,,,C:\Program Files\Mozilla Firefox\firefox.exe,C:\Program Files\Mozilla Firefox\firefox.exe,0x40,,,,,,,{E983936C-CD5C-6006-8407-00000000A301},6812,{E983936C-CD5F-6006-8607-00000000A301},4500,,T1059.001,PowerShell,Execution,TRACE-PS-01,powershell,https://raw.githubusercontent.com/splunk/attack_data/master/datasets/attack_techniques/T1059.001/encoded_powershell/windows-sysmon.log,24c7ce39d936e876157367a9b461384b4a699e3adfe92a64bf682a7e30f69185,false,Execution,none,raw Computer/IpAddress/User fields,
2021-01-19T13:22:00.200+0000,2021-01-19T13:22:00.200+0000,10,Microsoft-Windows-Sysmon/Operational,ict3214:attack_trace,PS-HOST-01,,,,,,,C:\Program Files\Mozilla Firefox\firefox.exe,C:\Program Files\Mozilla Firefox\firefox.exe,0x40,,,,,,,{E983936C-CD5C-6006-8407-00000000A301},6812,{E983936C-CD5F-6006-8607-00000000A301},4500,,T1059.001,PowerShell,Execution,TRACE-PS-01,powershell,https://raw.githubusercontent.com/splunk/attack_data/master/datasets/attack_techniques/T1059.001/encoded_powershell/windows-sysmon.log,bf86fcd8d50b4699efb6d86ffd5bd2da637cfb34a308e386c479aff103c50e6b,false,Execution,none,raw Computer/IpAddress/User fields,
2021-01-19T13:22:00.305+0000,2021-01-19T13:22:00.305+0000,10,Microsoft-Windows-Sysmon/Operational,ict3214:attack_trace,PS-HOST-01,,,,,,,C:\Program Files\Mozilla Firefox\firefox.exe,C:\Program Files\Mozilla Firefox\firefox.exe,0x40,,,,,,,{E983936C-CD5C-6006-8407-00000000A301},6812,{E983936C-CD5F-6006-8607-00000000A301},4500,,T1059.001,PowerShell,Execution,TRACE-PS-01,powershell,https://raw.githubusercontent.com/splunk/attack_data/master/datasets/attack_techniques/T1059.001/encoded_powershell/windows-sysmon.log,7a66f56c25bbf96da157311b88035eb96639f79c539423fa08fa41635f13445e,false,Execution,none,raw Computer/IpAddress/User fields,
2021-01-19T13:22:00.369+0000,2021-01-19T13:22:00.369+0000,10,Microsoft-Windows-Sysmon/Operational,ict3214:attack_trace,PS-HOST-01,,,,,,,C:\Program Files\Mozilla Firefox\firefox.exe,C:\Program Files\Mozilla Firefox\firefox.exe,0x40,,,,,,,{E983936C-CD5C-6006-8407-00000000A301},6812,{E983936C-CD5F-6006-8607-00000000A301},4500,,T1059.001,PowerShell,Execution,TRACE-PS-01,powershell,https://raw.githubusercontent.com/splunk/attack_data/master/datasets/attack_techniques/T1059.001/encoded_powershell/windows-sysmon.log,44142aa821e4cdf07f92350854b591e6dc36af36cd45156c4b4edec92ef8dc03,false,Execution,none,raw Computer/IpAddress/User fields,
2021-01-19T13:22:00.604+0000,2021-01-19T13:22:00.604+0000,10,Microsoft-Windows-Sysmon/Operational,ict3214:attack_trace,PS-HOST-01,,,,,,,C:\Windows\sysmon64.exe,C:\Windows\system32\svchost.exe,0x100000,,,,,,,{E983936C-B390-6006-1400-00000000A301},1296,{E983936C-B3A0-6006-3100-00000000A301},2052,,T1059.001,PowerShell,Execution,TRACE-PS-01,powershell,https://raw.githubusercontent.com/splunk/attack_data/master/datasets/attack_techniques/T1059.001/encoded_powershell/windows-sysmon.log,b50dfece7a07c855ee3962ef8a78f8478f90c3679b402393a9102d1dbda40bd2,false,Execution,none,raw Computer/IpAddress/User fields,
2021-01-19T13:22:00.681+0000,2021-01-19T13:22:00.681+0000,22,Microsoft-Windows-Sysmon/Operational,ict3214:attack_trace,PS-HOST-01,,,,C:\Program Files\Mozilla Firefox\firefox.exe,,,,,,,,,,{E983936C-CD5C-6006-8407-00000000A301},6812,,,,,s0-2mdn-net.l.google.com,T1059.001,PowerShell,Execution,TRACE-PS-01,powershell,https://raw.githubusercontent.com/splunk/attack_data/master/datasets/attack_techniques/T1059.001/encoded_powershell/windows-sysmon.log,755bde53116c211384edac36815e0dea63a06668c0ada0f43e4eda25a4541f45,false,Execution,none,raw Computer/IpAddress/User fields,
2021-01-19T13:22:00.776+0000,2021-01-19T13:22:00.776+0000,10,Microsoft-Windows-Sysmon/Operational,ict3214:attack_trace,PS-HOST-01,,,,,,,C:\Program Files\Mozilla Firefox\firefox.exe,C:\Program Files\Mozilla Firefox\firefox.exe,0x40,,,,,,,{E983936C-CD5C-6006-8407-00000000A301},6812,{E983936C-CD5F-6006-8607-00000000A301},4500,,T1059.001,PowerShell,Execution,TRACE-PS-01,powershell,https://raw.githubusercontent.com/splunk/attack_data/master/datasets/attack_techniques/T1059.001/encoded_powershell/windows-sysmon.log,a4ab2cb2c700ea01857dc3c32a5bca4c1e8da6e92d06860b361c66925420dcfb,false,Execution,none,raw Computer/IpAddress/User fields,
2021-01-19T13:22:00.776+0000,2021-01-19T13:22:00.776+0000,10,Microsoft-Windows-Sysmon/Operational,ict3214:attack_trace,PS-HOST-01,,,,,,,C:\Program Files\Mozilla Firefox\firefox.exe,C:\Program Files\Mozilla Firefox\firefox.exe,0x40,,,,,,,{E983936C-CD5C-6006-8407-00000000A301},6812,{E983936C-CD5F-6006-8607-00000000A301},4500,,T1059.001,PowerShell,Execution,TRACE-PS-01,powershell,https://raw.githubusercontent.com/splunk/attack_data/master/datasets/attack_techniques/T1059.001/encoded_powershell/windows-sysmon.log,d060e98e27bb39bd48fd520e4c5568e932a8c882c3fc757c8cf448bd4f5c73d0,false,Execution,none,raw Computer/IpAddress/User fields,
2021-01-19T13:22:00.808+0000,2021-01-19T13:22:00.808+0000,10,Microsoft-Windows-Sysmon/Operational,ict3214:attack_trace,PS-HOST-01,,,,,,,C:\Program Files\Mozilla Firefox\firefox.exe,C:\Program Files\Mozilla Firefox\firefox.exe,0x40,,,,,,,{E983936C-CD5C-6006-8407-00000000A301},6812,{E983936C-CD5F-6006-8607-00000000A301},4500,,T1059.001,PowerShell,Execution,TRACE-PS-01,powershell,https://raw.githubusercontent.com/splunk/attack_data/master/datasets/attack_techniques/T1059.001/encoded_powershell/windows-sysmon.log,a69cde37f631df80d2146fa382b7055ff208c5b53a00652c4ec70a7423ab0a67,false,Execution,none,raw Computer/IpAddress/User fields,
2021-01-19T13:22:00.809+0000,2021-01-19T13:22:00.809+0000,10,Microsoft-Windows-Sysmon/Operational,ict3214:attack_trace,PS-HOST-01,,,,,,,C:\Program Files\Mozilla Firefox\firefox.exe,C:\Program Files\Mozilla Firefox\firefox.exe,0x40,,,,,,,{E983936C-CD5C-6006-8407-00000000A301},6812,{E983936C-CD5F-6006-8607-00000000A301},4500,,T1059.001,PowerShell,Execution,TRACE-PS-01,powershell,https://raw.githubusercontent.com/splunk/attack_data/master/datasets/attack_techniques/T1059.001/encoded_powershell/windows-sysmon.log,5e0840e29f347b21ef44ced294d3ea77d0a7bdde37fef82ee94ae48662ff488c,false,Execution,none,raw Computer/IpAddress/User fields,
2021-01-19T13:22:00.897+0000,2021-01-19T13:22:00.897+0000,10,Microsoft-Windows-Sysmon/Operational,ict3214:attack_trace,PS-HOST-01,,,,,,,C:\Program Files\Mozilla Firefox\firefox.exe,C:\Program Files\Mozilla Firefox\firefox.exe,0x40,,,,,,,{E983936C-CD5C-6006-8407-00000000A301},6812,{E983936C-CD5F-6006-8607-00000000A301},4500,,T1059.001,PowerShell,Execution,TRACE-PS-01,powershell,https://raw.githubusercontent.com/splunk/attack_data/master/datasets/attack_techniques/T1059.001/encoded_powershell/windows-sysmon.log,6fe83304760fab0663d90a961c4ce9e826c558f388468ab5d1148b05a2ba22f1,false,Execution,none,raw Computer/IpAddress/User fields,
2021-01-19T13:22:00.897+0000,2021-01-19T13:22:00.897+0000,10,Microsoft-Windows-Sysmon/Operational,ict3214:attack_trace,PS-HOST-01,,,,,,,C:\Program Files\Mozilla Firefox\firefox.exe,C:\Program Files\Mozilla Firefox\firefox.exe,0x40,,,,,,,{E983936C-CD5C-6006-8407-00000000A301},6812,{E983936C-CD5F-6006-8607-00000000A301},4500,,T1059.001,PowerShell,Execution,TRACE-PS-01,powershell,https://raw.githubusercontent.com/splunk/attack_data/master/datasets/attack_techniques/T1059.001/encoded_powershell/windows-sysmon.log,8946ac16c03d1698b4e7342aab200194914a45ae520c271bd46bf2c6a896e395,false,Execution,none,raw Computer/IpAddress/User fields,
2021-01-19T13:22:00.910+0000,2021-01-19T13:22:00.910+0000,10,Microsoft-Windows-Sysmon/Operational,ict3214:attack_trace,PS-HOST-01,,,,,,,C:\Program Files\Mozilla Firefox\firefox.exe,C:\Program Files\Mozilla Firefox\firefox.exe,0x40,,,,,,,{E983936C-CD5C-6006-8407-00000000A301},6812,{E983936C-CD5F-6006-8607-00000000A301},4500,,T1059.001,PowerShell,Execution,TRACE-PS-01,powershell,https://raw.githubusercontent.com/splunk/attack_data/master/datasets/attack_techniques/T1059.001/encoded_powershell/windows-sysmon.log,492ad5a512b8250128ba58a9f0c627afcfe835da6c0f54e176d260c16fd876c4,false,Execution,none,raw Computer/IpAddress/User fields,
2021-01-19T13:22:00.913+0000,2021-01-19T13:22:00.913+0000,10,Microsoft-Windows-Sysmon/Operational,ict3214:attack_trace,PS-HOST-01,,,,,,,C:\Program Files\Mozilla Firefox\firefox.exe,C:\Program Files\Mozilla Firefox\firefox.exe,0x40,,,,,,,{E983936C-CD5C-6006-8407-00000000A301},6812,{E983936C-CD5F-6006-8607-00000000A301},4500,,T1059.001,PowerShell,Execution,TRACE-PS-01,powershell,https://raw.githubusercontent.com/splunk/attack_data/master/datasets/attack_techniques/T1059.001/encoded_powershell/windows-sysmon.log,a71abe731373076c4e4c0455612c741ef509b040b69c0d5f381da0c2b4b36cc1,false,Execution,none,raw Computer/IpAddress/User fields,
2021-01-19T13:22:00.914+0000,2021-01-19T13:22:00.914+0000,10,Microsoft-Windows-Sysmon/Operational,ict3214:attack_trace,PS-HOST-01,,,,,,,C:\Program Files\Mozilla Firefox\firefox.exe,C:\Program Files\Mozilla Firefox\firefox.exe,0x40,,,,,,,{E983936C-CD5C-6006-8407-00000000A301},6812,{E983936C-CD5F-6006-8607-00000000A301},4500,,T1059.001,PowerShell,Execution,TRACE-PS-01,powershell,https://raw.githubusercontent.com/splunk/attack_data/master/datasets/attack_techniques/T1059.001/encoded_powershell/windows-sysmon.log,876b98c3015835a07d7a1058408c91d0c525d1313c31d45e572d4569aab75f15,false,Execution,none,raw Computer/IpAddress/User fields,
2021-01-19T13:22:00.915+0000,2021-01-19T13:22:00.915+0000,10,Microsoft-Windows-Sysmon/Operational,ict3214:attack_trace,PS-HOST-01,,,,,,,C:\Program Files\Mozilla Firefox\firefox.exe,C:\Program Files\Mozilla Firefox\firefox.exe,0x40,,,,,,,{E983936C-CD5C-6006-8407-00000000A301},6812,{E983936C-CD5F-6006-8607-00000000A301},4500,,T1059.001,PowerShell,Execution,TRACE-PS-01,powershell,https://raw.githubusercontent.com/splunk/attack_data/master/datasets/attack_techniques/T1059.001/encoded_powershell/windows-sysmon.log,0fcaea338201dec353e91fc59020cc1a2878b1025c8e656fccdfb26492c17911,false,Execution,none,raw Computer/IpAddress/User fields,
2021-01-19T13:22:00.915+0000,2021-01-19T13:22:00.915+0000,10,Microsoft-Windows-Sysmon/Operational,ict3214:attack_trace,PS-HOST-01,,,,,,,C:\Program Files\Mozilla Firefox\firefox.exe,C:\Program Files\Mozilla Firefox\firefox.exe,0x40,,,,,,,{E983936C-CD5C-6006-8407-00000000A301},6812,{E983936C-CD5F-6006-8607-00000000A301},4500,,T1059.001,PowerShell,Execution,TRACE-PS-01,powershell,https://raw.githubusercontent.com/splunk/attack_data/master/datasets/attack_techniques/T1059.001/encoded_powershell/windows-sysmon.log,7b4ce2777c144c37a9ce90fb1ec4422a8ba23afd1be8517bfdcf26447a3e9368,false,Execution,none,raw Computer/IpAddress/User fields,
2021-01-19T13:22:00.915+0000,2021-01-19T13:22:00.915+0000,10,Microsoft-Windows-Sysmon/Operational,ict3214:attack_trace,PS-HOST-01,,,,,,,C:\Program Files\Mozilla Firefox\firefox.exe,C:\Program Files\Mozilla Firefox\firefox.exe,0x40,,,,,,,{E983936C-CD5C-6006-8407-00000000A301},6812,{E983936C-CD5F-6006-8607-00000000A301},4500,,T1059.001,PowerShell,Execution,TRACE-PS-01,powershell,https://raw.githubusercontent.com/splunk/attack_data/master/datasets/attack_techniques/T1059.001/encoded_powershell/windows-sysmon.log,fefafda17313724912cef7fdd6f1027cafe3790b6009047e53dc1da951940b7f,false,Execution,none,raw Computer/IpAddress/User fields,
2021-01-19T13:22:00.916+0000,2021-01-19T13:22:00.916+0000,10,Microsoft-Windows-Sysmon/Operational,ict3214:attack_trace,PS-HOST-01,,,,,,,C:\Program Files\Mozilla Firefox\firefox.exe,C:\Program Files\Mozilla Firefox\firefox.exe,0x40,,,,,,,{E983936C-CD5C-6006-8407-00000000A301},6812,{E983936C-CD5F-6006-8607-00000000A301},4500,,T1059.001,PowerShell,Execution,TRACE-PS-01,powershell,https://raw.githubusercontent.com/splunk/attack_data/master/datasets/attack_techniques/T1059.001/encoded_powershell/windows-sysmon.log,18b2926711b907118bd72bb60dd8a520ed942622f0b24ca0b8369cd42b0c23f4,false,Execution,none,raw Computer/IpAddress/User fields,
2021-01-19T13:22:00.916+0000,2021-01-19T13:22:00.916+0000,10,Microsoft-Windows-Sysmon/Operational,ict3214:attack_trace,PS-HOST-01,,,,,,,C:\Program Files\Mozilla Firefox\firefox.exe,C:\Program Files\Mozilla Firefox\firefox.exe,0x40,,,,,,,{E983936C-CD5C-6006-8407-00000000A301},6812,{E983936C-CD5F-6006-8607-00000000A301},4500,,T1059.001,PowerShell,Execution,TRACE-PS-01,powershell,https://raw.githubusercontent.com/splunk/attack_data/master/datasets/attack_techniques/T1059.001/encoded_powershell/windows-sysmon.log,1933d53647e151dffdef774dc84aa345691766ed905add61f57ba594fdfa4dea,false,Execution,none,raw Computer/IpAddress/User fields,
2021-01-19T13:22:00.916+0000,2021-01-19T13:22:00.916+0000,10,Microsoft-Windows-Sysmon/Operational,ict3214:attack_trace,PS-HOST-01,,,,,,,C:\Program Files\Mozilla Firefox\firefox.exe,C:\Program Files\Mozilla Firefox\firefox.exe,0x40,,,,,,,{E983936C-CD5C-6006-8407-00000000A301},6812,{E983936C-CD5F-6006-8607-00000000A301},4500,,T1059.001,PowerShell,Execution,TRACE-PS-01,powershell,https://raw.githubusercontent.com/splunk/attack_data/master/datasets/attack_techniques/T1059.001/encoded_powershell/windows-sysmon.log,cc51ad6cca44ad1a7f733c14aeb50abd790c2a440cb05cd9d7016bfd639b5ae3,false,Execution,none,raw Computer/IpAddress/User fields,
2021-01-19T13:22:00.917+0000,2021-01-19T13:22:00.917+0000,10,Microsoft-Windows-Sysmon/Operational,ict3214:attack_trace,PS-HOST-01,,,,,,,C:\Program Files\Mozilla Firefox\firefox.exe,C:\Program Files\Mozilla Firefox\firefox.exe,0x40,,,,,,,{E983936C-CD5C-6006-8407-00000000A301},6812,{E983936C-CD5F-6006-8607-00000000A301},4500,,T1059.001,PowerShell,Execution,TRACE-PS-01,powershell,https://raw.githubusercontent.com/splunk/attack_data/master/datasets/attack_techniques/T1059.001/encoded_powershell/windows-sysmon.log,aa861a252bf946b708a9fe24321b692f62be99210c7f0861fcbccad460737b10,false,Execution,none,raw Computer/IpAddress/User fields,
2021-01-19T13:22:00.917+0000,2021-01-19T13:22:00.917+0000,10,Microsoft-Windows-Sysmon/Operational,ict3214:attack_trace,PS-HOST-01,,,,,,,C:\Program Files\Mozilla Firefox\firefox.exe,C:\Program Files\Mozilla Firefox\firefox.exe,0x40,,,,,,,{E983936C-CD5C-6006-8407-00000000A301},6812,{E983936C-CD5F-6006-8607-00000000A301},4500,,T1059.001,PowerShell,Execution,TRACE-PS-01,powershell,https://raw.githubusercontent.com/splunk/attack_data/master/datasets/attack_techniques/T1059.001/encoded_powershell/windows-sysmon.log,ba09c94a35f2ee530a5a3803be95d7c50069f807edadbfd4537f20ac8840d749,false,Execution,none,raw Computer/IpAddress/User fields,
2021-01-19T13:22:00.917+0000,2021-01-19T13:22:00.917+0000,10,Microsoft-Windows-Sysmon/Operational,ict3214:attack_trace,PS-HOST-01,,,,,,,C:\Program Files\Mozilla Firefox\firefox.exe,C:\Program Files\Mozilla Firefox\firefox.exe,0x40,,,,,,,{E983936C-CD5C-6006-8407-00000000A301},6812,{E983936C-CD5F-6006-8607-00000000A301},4500,,T1059.001,PowerShell,Execution,TRACE-PS-01,powershell,https://raw.githubusercontent.com/splunk/attack_data/master/datasets/attack_techniques/T1059.001/encoded_powershell/windows-sysmon.log,e45011d858371590cce62d26934f0b1e2cee3f6b34b34a2b89a508a3abee0af8,false,Execution,none,raw Computer/IpAddress/User fields,
2021-01-19T13:22:00.940+0000,2021-01-19T13:22:00.940+0000,10,Microsoft-Windows-Sysmon/Operational,ict3214:attack_trace,PS-HOST-01,,,,,,,C:\Program Files\Mozilla Firefox\firefox.exe,C:\Program Files\Mozilla Firefox\firefox.exe,0x40,,,,,,,{E983936C-CD5C-6006-8407-00000000A301},6812,{E983936C-CD5F-6006-8607-00000000A301},4500,,T1059.001,PowerShell,Execution,TRACE-PS-01,powershell,https://raw.githubusercontent.com/splunk/attack_data/master/datasets/attack_techniques/T1059.001/encoded_powershell/windows-sysmon.log,f2673ed4797cd05ceba3bb61037b5bcbd6b9dfa190111986a3fdfdc9fca7c040,false,Execution,none,raw Computer/IpAddress/User fields,
2021-01-19T13:22:00.941+0000,2021-01-19T13:22:00.941+0000,10,Microsoft-Windows-Sysmon/Operational,ict3214:attack_trace,PS-HOST-01,,,,,,,C:\Program Files\Mozilla Firefox\firefox.exe,C:\Program Files\Mozilla Firefox\firefox.exe,0x40,,,,,,,{E983936C-CD5C-6006-8407-00000000A301},6812,{E983936C-CD5F-6006-8607-00000000A301},4500,,T1059.001,PowerShell,Execution,TRACE-PS-01,powershell,https://raw.githubusercontent.com/splunk/attack_data/master/datasets/attack_techniques/T1059.001/encoded_powershell/windows-sysmon.log,302f54ab1e5922f8dd87209bf0c697eca0d8aa11694fc3524d08007ee1674cab,false,Execution,none,raw Computer/IpAddress/User fields,
2021-01-19T13:22:00.941+0000,2021-01-19T13:22:00.941+0000,10,Microsoft-Windows-Sysmon/Operational,ict3214:attack_trace,PS-HOST-01,,,,,,,C:\Program Files\Mozilla Firefox\firefox.exe,C:\Program Files\Mozilla Firefox\firefox.exe,0x40,,,,,,,{E983936C-CD5C-6006-8407-00000000A301},6812,{E983936C-CD5F-6006-8607-00000000A301},4500,,T1059.001,PowerShell,Execution,TRACE-PS-01,powershell,https://raw.githubusercontent.com/splunk/attack_data/master/datasets/attack_techniques/T1059.001/encoded_powershell/windows-sysmon.log,a30c8a80a8a654eef028132e43cc2b1658c17131f8236c17142f2e350f16d744,false,Execution,none,raw Computer/IpAddress/User fields,
2021-01-19T13:22:00.942+0000,2021-01-19T13:22:00.942+0000,10,Microsoft-Windows-Sysmon/Operational,ict3214:attack_trace,PS-HOST-01,,,,,,,C:\Program Files\Mozilla Firefox\firefox.exe,C:\Program Files\Mozilla Firefox\firefox.exe,0x40,,,,,,,{E983936C-CD5C-6006-8407-00000000A301},6812,{E983936C-CD5F-6006-8607-00000000A301},4500,,T1059.001,PowerShell,Execution,TRACE-PS-01,powershell,https://raw.githubusercontent.com/splunk/attack_data/master/datasets/attack_techniques/T1059.001/encoded_powershell/windows-sysmon.log,1df149a9258df5600b8987f2aca72ec2c6d81a07a77789821434d7b7260a4f3e,false,Execution,none,raw Computer/IpAddress/User fields,
2021-01-19T13:22:00.942+0000,2021-01-19T13:22:00.942+0000,10,Microsoft-Windows-Sysmon/Operational,ict3214:attack_trace,PS-HOST-01,,,,,,,C:\Program Files\Mozilla Firefox\firefox.exe,C:\Program Files\Mozilla Firefox\firefox.exe,0x40,,,,,,,{E983936C-CD5C-6006-8407-00000000A301},6812,{E983936C-CD5F-6006-8607-00000000A301},4500,,T1059.001,PowerShell,Execution,TRACE-PS-01,powershell,https://raw.githubusercontent.com/splunk/attack_data/master/datasets/attack_techniques/T1059.001/encoded_powershell/windows-sysmon.log,47a27591e994708a9c55dc4ec8d1528ed21fa5aa8eff2517ac9751b6084793ae,false,Execution,none,raw Computer/IpAddress/User fields,
2021-01-19T13:22:00.942+0000,2021-01-19T13:22:00.942+0000,10,Microsoft-Windows-Sysmon/Operational,ict3214:attack_trace,PS-HOST-01,,,,,,,C:\Program Files\Mozilla Firefox\firefox.exe,C:\Program Files\Mozilla Firefox\firefox.exe,0x40,,,,,,,{E983936C-CD5C-6006-8407-00000000A301},6812,{E983936C-CD5F-6006-8607-00000000A301},4500,,T1059.001,PowerShell,Execution,TRACE-PS-01,powershell,https://raw.githubusercontent.com/splunk/attack_data/master/datasets/attack_techniques/T1059.001/encoded_powershell/windows-sysmon.log,6a3ea33ced1d24b061cff043ce0d3499f11e05113119d007239ba19efa3ff1ac,false,Execution,none,raw Computer/IpAddress/User fields,
2021-01-19T13:22:00.942+0000,2021-01-19T13:22:00.942+0000,10,Microsoft-Windows-Sysmon/Operational,ict3214:attack_trace,PS-HOST-01,,,,,,,C:\Program Files\Mozilla Firefox\firefox.exe,C:\Program Files\Mozilla Firefox\firefox.exe,0x40,,,,,,,{E983936C-CD5C-6006-8407-00000000A301},6812,{E983936C-CD5F-6006-8607-00000000A301},4500,,T1059.001,PowerShell,Execution,TRACE-PS-01,powershell,https://raw.githubusercontent.com/splunk/attack_data/master/datasets/attack_techniques/T1059.001/encoded_powershell/windows-sysmon.log,73376009243aaa832d872c6bd4d6fd624fd9b92e49f772d2a4896eb50097e933,false,Execution,none,raw Computer/IpAddress/User fields,
2021-01-19T13:22:00.942+0000,2021-01-19T13:22:00.942+0000,10,Microsoft-Windows-Sysmon/Operational,ict3214:attack_trace,PS-HOST-01,,,,,,,C:\Program Files\Mozilla Firefox\firefox.exe,C:\Program Files\Mozilla Firefox\firefox.exe,0x40,,,,,,,{E983936C-CD5C-6006-8407-00000000A301},6812,{E983936C-CD5F-6006-8607-00000000A301},4500,,T1059.001,PowerShell,Execution,TRACE-PS-01,powershell,https://raw.githubusercontent.com/splunk/attack_data/master/datasets/attack_techniques/T1059.001/encoded_powershell/windows-sysmon.log,f2c8f6d610185d6da4e2abb7c67be81e8c1a1b3153d18f55fa85952d514d6e3a,false,Execution,none,raw Computer/IpAddress/User fields,
2021-01-19T13:22:00.943+0000,2021-01-19T13:22:00.943+0000,10,Microsoft-Windows-Sysmon/Operational,ict3214:attack_trace,PS-HOST-01,,,,,,,C:\Program Files\Mozilla Firefox\firefox.exe,C:\Program Files\Mozilla Firefox\firefox.exe,0x40,,,,,,,{E983936C-CD5C-6006-8407-00000000A301},6812,{E983936C-CD5F-6006-8607-00000000A301},4500,,T1059.001,PowerShell,Execution,TRACE-PS-01,powershell,https://raw.githubusercontent.com/splunk/attack_data/master/datasets/attack_techniques/T1059.001/encoded_powershell/windows-sysmon.log,375e988f1dac2c746992fca9c4910a485e39e9199487479cc900a934c664b645,false,Execution,none,raw Computer/IpAddress/User fields,
2021-01-19T13:22:00.943+0000,2021-01-19T13:22:00.943+0000,10,Microsoft-Windows-Sysmon/Operational,ict3214:attack_trace,PS-HOST-01,,,,,,,C:\Program Files\Mozilla Firefox\firefox.exe,C:\Program Files\Mozilla Firefox\firefox.exe,0x40,,,,,,,{E983936C-CD5C-6006-8407-00000000A301},6812,{E983936C-CD5F-6006-8607-00000000A301},4500,,T1059.001,PowerShell,Execution,TRACE-PS-01,powershell,https://raw.githubusercontent.com/splunk/attack_data/master/datasets/attack_techniques/T1059.001/encoded_powershell/windows-sysmon.log,8819650c3b4006b705ad6683bb258a16621151e1305b0ae0eaa5db91000dbe73,false,Execution,none,raw Computer/IpAddress/User fields,
2021-01-19T13:22:00.943+0000,2021-01-19T13:22:00.943+0000,10,Microsoft-Windows-Sysmon/Operational,ict3214:attack_trace,PS-HOST-01,,,,,,,C:\Program Files\Mozilla Firefox\firefox.exe,C:\Program Files\Mozilla Firefox\firefox.exe,0x40,,,,,,,{E983936C-CD5C-6006-8407-00000000A301},6812,{E983936C-CD5F-6006-8607-00000000A301},4500,,T1059.001,PowerShell,Execution,TRACE-PS-01,powershell,https://raw.githubusercontent.com/splunk/attack_data/master/datasets/attack_techniques/T1059.001/encoded_powershell/windows-sysmon.log,fa4cb544164d66616a6d8aaa860f3cb24da42b6a15f88cb7b3ac0e769d25950f,false,Execution,none,raw Computer/IpAddress/User fields,
2021-01-19T13:22:01.178+0000,2021-01-19T13:22:01.178+0000,10,Microsoft-Windows-Sysmon/Operational,ict3214:attack_trace,PS-HOST-01,,,,,,,C:\Program Files\Mozilla Firefox\firefox.exe,C:\Program Files\Mozilla Firefox\firefox.exe,0x40,,,,,,,{E983936C-CD5C-6006-8407-00000000A301},6812,{E983936C-CD5F-6006-8607-00000000A301},4500,,T1059.001,PowerShell,Execution,TRACE-PS-01,powershell,https://raw.githubusercontent.com/splunk/attack_data/master/datasets/attack_techniques/T1059.001/encoded_powershell/windows-sysmon.log,14692cb8afd3f866647dae883a76b1efc51430cc9e5e34e9d1326bd69b085d23,false,Execution,none,raw Computer/IpAddress/User fields,
2021-01-19T13:22:01.178+0000,2021-01-19T13:22:01.178+0000,10,Microsoft-Windows-Sysmon/Operational,ict3214:attack_trace,PS-HOST-01,,,,,,,C:\Program Files\Mozilla Firefox\firefox.exe,C:\Program Files\Mozilla Firefox\firefox.exe,0x40,,,,,,,{E983936C-CD5C-6006-8407-00000000A301},6812,{E983936C-CD5F-6006-8607-00000000A301},4500,,T1059.001,PowerShell,Execution,TRACE-PS-01,powershell,https://raw.githubusercontent.com/splunk/attack_data/master/datasets/attack_techniques/T1059.001/encoded_powershell/windows-sysmon.log,22f24b12ab874bf5527df08b61516a1d655c3f75368b713acf5689fcb5ab84ac,false,Execution,none,raw Computer/IpAddress/User fields,
2021-01-19T13:22:01.179+0000,2021-01-19T13:22:01.179+0000,10,Microsoft-Windows-Sysmon/Operational,ict3214:attack_trace,PS-HOST-01,,,,,,,C:\Program Files\Mozilla Firefox\firefox.exe,C:\Program Files\Mozilla Firefox\firefox.exe,0x40,,,,,,,{E983936C-CD5C-6006-8407-00000000A301},6812,{E983936C-CD5F-6006-8607-00000000A301},4500,,T1059.001,PowerShell,Execution,TRACE-PS-01,powershell,https://raw.githubusercontent.com/splunk/attack_data/master/datasets/attack_techniques/T1059.001/encoded_powershell/windows-sysmon.log,a253c0a5c75bd04e9181a8971945be113038660a8961948a728a56cfb89c06a7,false,Execution,none,raw Computer/IpAddress/User fields,
2021-01-19T13:22:01.182+0000,2021-01-19T13:22:01.182+0000,10,Microsoft-Windows-Sysmon/Operational,ict3214:attack_trace,PS-HOST-01,,,,,,,C:\Program Files\Mozilla Firefox\firefox.exe,C:\Program Files\Mozilla Firefox\firefox.exe,0x40,,,,,,,{E983936C-CD5C-6006-8407-00000000A301},6812,{E983936C-CD5F-6006-8607-00000000A301},4500,,T1059.001,PowerShell,Execution,TRACE-PS-01,powershell,https://raw.githubusercontent.com/splunk/attack_data/master/datasets/attack_techniques/T1059.001/encoded_powershell/windows-sysmon.log,d1c53b568dc30ced241ec6edd54e57bb7b893a4e20c037321a139edbbe935b81,false,Execution,none,raw Computer/IpAddress/User fields,
2021-01-19T13:22:01.184+0000,2021-01-19T13:22:01.184+0000,10,Microsoft-Windows-Sysmon/Operational,ict3214:attack_trace,PS-HOST-01,,,,,,,C:\Program Files\Mozilla Firefox\firefox.exe,C:\Program Files\Mozilla Firefox\firefox.exe,0x40,,,,,,,{E983936C-CD5C-6006-8407-00000000A301},6812,{E983936C-CD5F-6006-8607-00000000A301},4500,,T1059.001,PowerShell,Execution,TRACE-PS-01,powershell,https://raw.githubusercontent.com/splunk/attack_data/master/datasets/attack_techniques/T1059.001/encoded_powershell/windows-sysmon.log,53596e13e4cb73d3409993cb5cc7810157268aca8430e9c520f4fa415d7b8521,false,Execution,none,raw Computer/IpAddress/User fields,
2021-01-19T13:22:01.185+0000,2021-01-19T13:22:01.185+0000,10,Microsoft-Windows-Sysmon/Operational,ict3214:attack_trace,PS-HOST-01,,,,,,,C:\Program Files\Mozilla Firefox\firefox.exe,C:\Program Files\Mozilla Firefox\firefox.exe,0x40,,,,,,,{E983936C-CD5C-6006-8407-00000000A301},6812,{E983936C-CD5F-6006-8607-00000000A301},4500,,T1059.001,PowerShell,Execution,TRACE-PS-01,powershell,https://raw.githubusercontent.com/splunk/attack_data/master/datasets/attack_techniques/T1059.001/encoded_powershell/windows-sysmon.log,44844b564be8cf432cb480c95e7bde066c5ee35399a5bb99873d74e9135ec323,false,Execution,none,raw Computer/IpAddress/User fields,
2021-01-19T13:22:01.186+0000,2021-01-19T13:22:01.186+0000,10,Microsoft-Windows-Sysmon/Operational,ict3214:attack_trace,PS-HOST-01,,,,,,,C:\Program Files\Mozilla Firefox\firefox.exe,C:\Program Files\Mozilla Firefox\firefox.exe,0x40,,,,,,,{E983936C-CD5C-6006-8407-00000000A301},6812,{E983936C-CD5F-6006-8607-00000000A301},4500,,T1059.001,PowerShell,Execution,TRACE-PS-01,powershell,https://raw.githubusercontent.com/splunk/attack_data/master/datasets/attack_techniques/T1059.001/encoded_powershell/windows-sysmon.log,c46a884a0c969b740903b99143fd5a93d4ec191aebbc26040ab5e19690071328,false,Execution,none,raw Computer/IpAddress/User fields,
2021-01-19T13:22:01.193+0000,2021-01-19T13:22:01.193+0000,10,Microsoft-Windows-Sysmon/Operational,ict3214:attack_trace,PS-HOST-01,,,,,,,C:\Program Files\Mozilla Firefox\firefox.exe,C:\Program Files\Mozilla Firefox\firefox.exe,0x40,,,,,,,{E983936C-CD5C-6006-8407-00000000A301},6812,{E983936C-CD5F-6006-8607-00000000A301},4500,,T1059.001,PowerShell,Execution,TRACE-PS-01,powershell,https://raw.githubusercontent.com/splunk/attack_data/master/datasets/attack_techniques/T1059.001/encoded_powershell/windows-sysmon.log,bd030bf5db99ccfe668d90e90bb9793c174e6094c83823d79745437a3a022fc0,false,Execution,none,raw Computer/IpAddress/User fields,
2021-01-19T13:22:01.195+0000,2021-01-19T13:22:01.195+0000,10,Microsoft-Windows-Sysmon/Operational,ict3214:attack_trace,PS-HOST-01,,,,,,,C:\Program Files\Mozilla Firefox\firefox.exe,C:\Program Files\Mozilla Firefox\firefox.exe,0x40,,,,,,,{E983936C-CD5C-6006-8407-00000000A301},6812,{E983936C-CD5F-6006-8607-00000000A301},4500,,T1059.001,PowerShell,Execution,TRACE-PS-01,powershell,https://raw.githubusercontent.com/splunk/attack_data/master/datasets/attack_techniques/T1059.001/encoded_powershell/windows-sysmon.log,403ef47e618b78c5eb68ff8ae18ed83989f5b7f4c3311fc965c844a77cf22bc5,false,Execution,none,raw Computer/IpAddress/User fields,
2021-01-19T13:22:01.196+0000,2021-01-19T13:22:01.196+0000,10,Microsoft-Windows-Sysmon/Operational,ict3214:attack_trace,PS-HOST-01,,,,,,,C:\Program Files\Mozilla Firefox\firefox.exe,C:\Program Files\Mozilla Firefox\firefox.exe,0x40,,,,,,,{E983936C-CD5C-6006-8407-00000000A301},6812,{E983936C-CD5F-6006-8607-00000000A301},4500,,T1059.001,PowerShell,Execution,TRACE-PS-01,powershell,https://raw.githubusercontent.com/splunk/attack_data/master/datasets/attack_techniques/T1059.001/encoded_powershell/windows-sysmon.log,1f18d572cafd456514b60d9d460b17257ad92a1b91d3d04b529d92fde28b7616,false,Execution,none,raw Computer/IpAddress/User fields,
2021-01-19T13:22:01.198+0000,2021-01-19T13:22:01.198+0000,10,Microsoft-Windows-Sysmon/Operational,ict3214:attack_trace,PS-HOST-01,,,,,,,C:\Program Files\Mozilla Firefox\firefox.exe,C:\Program Files\Mozilla Firefox\firefox.exe,0x40,,,,,,,{E983936C-CD5C-6006-8407-00000000A301},6812,{E983936C-CD5F-6006-8607-00000000A301},4500,,T1059.001,PowerShell,Execution,TRACE-PS-01,powershell,https://raw.githubusercontent.com/splunk/attack_data/master/datasets/attack_techniques/T1059.001/encoded_powershell/windows-sysmon.log,137656576803b70beaf275579c40c9fa1bb5eb2627545364f39653fdf0fae35e,false,Execution,none,raw Computer/IpAddress/User fields,
2021-01-19T13:22:01.199+0000,2021-01-19T13:22:01.199+0000,10,Microsoft-Windows-Sysmon/Operational,ict3214:attack_trace,PS-HOST-01,,,,,,,C:\Program Files\Mozilla Firefox\firefox.exe,C:\Program Files\Mozilla Firefox\firefox.exe,0x40,,,,,,,{E983936C-CD5C-6006-8407-00000000A301},6812,{E983936C-CD5F-6006-8607-00000000A301},4500,,T1059.001,PowerShell,Execution,TRACE-PS-01,powershell,https://raw.githubusercontent.com/splunk/attack_data/master/datasets/attack_techniques/T1059.001/encoded_powershell/windows-sysmon.log,06869d8c7bdbc83c1900b992131fa4f788934fcf27ed02c3235a1ca91a08694b,false,Execution,none,raw Computer/IpAddress/User fields,
2021-01-19T13:22:01.218+0000,2021-01-19T13:22:01.218+0000,10,Microsoft-Windows-Sysmon/Operational,ict3214:attack_trace,PS-HOST-01,,,,,,,C:\Program Files\Mozilla Firefox\firefox.exe,C:\Program Files\Mozilla Firefox\firefox.exe,0x40,,,,,,,{E983936C-CD5C-6006-8407-00000000A301},6812,{E983936C-CD5F-6006-8607-00000000A301},4500,,T1059.001,PowerShell,Execution,TRACE-PS-01,powershell,https://raw.githubusercontent.com/splunk/attack_data/master/datasets/attack_techniques/T1059.001/encoded_powershell/windows-sysmon.log,1b7ff423a6c41840cb47cce7fb587109d9565219214cd6296d7f9a049586527b,false,Execution,none,raw Computer/IpAddress/User fields,
2021-01-19T13:22:01.219+0000,2021-01-19T13:22:01.219+0000,10,Microsoft-Windows-Sysmon/Operational,ict3214:attack_trace,PS-HOST-01,,,,,,,C:\Program Files\Mozilla Firefox\firefox.exe,C:\Program Files\Mozilla Firefox\firefox.exe,0x40,,,,,,,{E983936C-CD5C-6006-8407-00000000A301},6812,{E983936C-CD5F-6006-8607-00000000A301},4500,,T1059.001,PowerShell,Execution,TRACE-PS-01,powershell,https://raw.githubusercontent.com/splunk/attack_data/master/datasets/attack_techniques/T1059.001/encoded_powershell/windows-sysmon.log,409ac9f2030f6a13026039589e731bd937542887e29afd256733857688e7fa5c,false,Execution,none,raw Computer/IpAddress/User fields,
2021-01-19T13:22:01.219+0000,2021-01-19T13:22:01.219+0000,10,Microsoft-Windows-Sysmon/Operational,ict3214:attack_trace,PS-HOST-01,,,,,,,C:\Program Files\Mozilla Firefox\firefox.exe,C:\Program Files\Mozilla Firefox\firefox.exe,0x40,,,,,,,{E983936C-CD5C-6006-8407-00000000A301},6812,{E983936C-CD5F-6006-8607-00000000A301},4500,,T1059.001,PowerShell,Execution,TRACE-PS-01,powershell,https://raw.githubusercontent.com/splunk/attack_data/master/datasets/attack_techniques/T1059.001/encoded_powershell/windows-sysmon.log,fe489f48c3c9f65c01753bb5febdba53289b36297d6f7596cfd19f752d8097c7,false,Execution,none,raw Computer/IpAddress/User fields,
2021-01-19T13:22:01.222+0000,2021-01-19T13:22:01.222+0000,10,Microsoft-Windows-Sysmon/Operational,ict3214:attack_trace,PS-HOST-01,,,,,,,C:\Program Files\Mozilla Firefox\firefox.exe,C:\Program Files\Mozilla Firefox\firefox.exe,0x40,,,,,,,{E983936C-CD5C-6006-8407-00000000A301},6812,{E983936C-CD5F-6006-8607-00000000A301},4500,,T1059.001,PowerShell,Execution,TRACE-PS-01,powershell,https://raw.githubusercontent.com/splunk/attack_data/master/datasets/attack_techniques/T1059.001/encoded_powershell/windows-sysmon.log,160cb0c739ad6b3a1ffa4dafcc7e284e5bf6ecaaedb069a58cae3705e1866ba4,false,Execution,none,raw Computer/IpAddress/User fields,
2021-01-19T13:22:01.222+0000,2021-01-19T13:22:01.222+0000,10,Microsoft-Windows-Sysmon/Operational,ict3214:attack_trace,PS-HOST-01,,,,,,,C:\Program Files\Mozilla Firefox\firefox.exe,C:\Program Files\Mozilla Firefox\firefox.exe,0x40,,,,,,,{E983936C-CD5C-6006-8407-00000000A301},6812,{E983936C-CD5F-6006-8607-00000000A301},4500,,T1059.001,PowerShell,Execution,TRACE-PS-01,powershell,https://raw.githubusercontent.com/splunk/attack_data/master/datasets/attack_techniques/T1059.001/encoded_powershell/windows-sysmon.log,82e96f64a7dbcd718687b42fc5ced138f86b2965e5f0bbb94839b8e017ef85ad,false,Execution,none,raw Computer/IpAddress/User fields,
2021-01-19T13:22:01.223+0000,2021-01-19T13:22:01.223+0000,10,Microsoft-Windows-Sysmon/Operational,ict3214:attack_trace,PS-HOST-01,,,,,,,C:\Program Files\Mozilla Firefox\firefox.exe,C:\Program Files\Mozilla Firefox\firefox.exe,0x40,,,,,,,{E983936C-CD5C-6006-8407-00000000A301},6812,{E983936C-CD5F-6006-8607-00000000A301},4500,,T1059.001,PowerShell,Execution,TRACE-PS-01,powershell,https://raw.githubusercontent.com/splunk/attack_data/master/datasets/attack_techniques/T1059.001/encoded_powershell/windows-sysmon.log,259b8925fdff89144d0ab6130e6ceb2e445d7f9a4aa04b67b82947f373b5d9f6,false,Execution,none,raw Computer/IpAddress/User fields,
2021-01-19T13:22:01.223+0000,2021-01-19T13:22:01.223+0000,10,Microsoft-Windows-Sysmon/Operational,ict3214:attack_trace,PS-HOST-01,,,,,,,C:\Program Files\Mozilla Firefox\firefox.exe,C:\Program Files\Mozilla Firefox\firefox.exe,0x40,,,,,,,{E983936C-CD5C-6006-8407-00000000A301},6812,{E983936C-CD5F-6006-8607-00000000A301},4500,,T1059.001,PowerShell,Execution,TRACE-PS-01,powershell,https://raw.githubusercontent.com/splunk/attack_data/master/datasets/attack_techniques/T1059.001/encoded_powershell/windows-sysmon.log,2a96ffcfe7ef19c49c0f7741e5c381c971ed9b31833dfc78a38e55d06cd7d1a9,false,Execution,none,raw Computer/IpAddress/User fields,
2021-01-19T13:22:01.223+0000,2021-01-19T13:22:01.223+0000,10,Microsoft-Windows-Sysmon/Operational,ict3214:attack_trace,PS-HOST-01,,,,,,,C:\Program Files\Mozilla Firefox\firefox.exe,C:\Program Files\Mozilla Firefox\firefox.exe,0x40,,,,,,,{E983936C-CD5C-6006-8407-00000000A301},6812,{E983936C-CD5F-6006-8607-00000000A301},4500,,T1059.001,PowerShell,Execution,TRACE-PS-01,powershell,https://raw.githubusercontent.com/splunk/attack_data/master/datasets/attack_techniques/T1059.001/encoded_powershell/windows-sysmon.log,c1dc91e73f635500f7681a7b3387b313f8d5bda6674697bb1c9e8ff31209d8a9,false,Execution,none,raw Computer/IpAddress/User fields,
2021-01-19T13:22:01.223+0000,2021-01-19T13:22:01.223+0000,10,Microsoft-Windows-Sysmon/Operational,ict3214:attack_trace,PS-HOST-01,,,,,,,C:\Program Files\Mozilla Firefox\firefox.exe,C:\Program Files\Mozilla Firefox\firefox.exe,0x40,,,,,,,{E983936C-CD5C-6006-8407-00000000A301},6812,{E983936C-CD5F-6006-8607-00000000A301},4500,,T1059.001,PowerShell,Execution,TRACE-PS-01,powershell,https://raw.githubusercontent.com/splunk/attack_data/master/datasets/attack_techniques/T1059.001/encoded_powershell/windows-sysmon.log,ddf0723bdecf1cd8fa34c5fc19d1515a4cca57b87d9c84f2b7e75d58e363b8c8,false,Execution,none,raw Computer/IpAddress/User fields,
2021-01-19T13:22:01.224+0000,2021-01-19T13:22:01.224+0000,10,Microsoft-Windows-Sysmon/Operational,ict3214:attack_trace,PS-HOST-01,,,,,,,C:\Program Files\Mozilla Firefox\firefox.exe,C:\Program Files\Mozilla Firefox\firefox.exe,0x40,,,,,,,{E983936C-CD5C-6006-8407-00000000A301},6812,{E983936C-CD5F-6006-8607-00000000A301},4500,,T1059.001,PowerShell,Execution,TRACE-PS-01,powershell,https://raw.githubusercontent.com/splunk/attack_data/master/datasets/attack_techniques/T1059.001/encoded_powershell/windows-sysmon.log,a99d8d28768503a33db9102fb6a51e643004524efbbe45081a77f4cf93b08e2e,false,Execution,none,raw Computer/IpAddress/User fields,
2021-01-19T13:22:01.224+0000,2021-01-19T13:22:01.224+0000,10,Microsoft-Windows-Sysmon/Operational,ict3214:attack_trace,PS-HOST-01,,,,,,,C:\Program Files\Mozilla Firefox\firefox.exe,C:\Program Files\Mozilla Firefox\firefox.exe,0x40,,,,,,,{E983936C-CD5C-6006-8407-00000000A301},6812,{E983936C-CD5F-6006-8607-00000000A301},4500,,T1059.001,PowerShell,Execution,TRACE-PS-01,powershell,https://raw.githubusercontent.com/splunk/attack_data/master/datasets/attack_techniques/T1059.001/encoded_powershell/windows-sysmon.log,b5f65962965feaa67e229f375dfde4b21275388996b6ebf5045933cd83dd9b9d,false,Execution,none,raw Computer/IpAddress/User fields,
2021-01-19T13:22:01.224+0000,2021-01-19T13:22:01.224+0000,10,Microsoft-Windows-Sysmon/Operational,ict3214:attack_trace,PS-HOST-01,,,,,,,C:\Program Files\Mozilla Firefox\firefox.exe,C:\Program Files\Mozilla Firefox\firefox.exe,0x40,,,,,,,{E983936C-CD5C-6006-8407-00000000A301},6812,{E983936C-CD5F-6006-8607-00000000A301},4500,,T1059.001,PowerShell,Execution,TRACE-PS-01,powershell,https://raw.githubusercontent.com/splunk/attack_data/master/datasets/attack_techniques/T1059.001/encoded_powershell/windows-sysmon.log,ef168ea4f50e3474fdaff895ddc32b04da62fad4032fd9da89205698ecaa32bc,false,Execution,none,raw Computer/IpAddress/User fields,
2021-01-19T13:22:19.630+0000,2021-01-19T13:22:19.630+0000,10,Microsoft-Windows-Sysmon/Operational,ict3214:attack_trace,PS-HOST-01,,,,,,,C:\Program Files\SplunkUniversalForwarder\bin\splunk-admon.exe,C:\Program Files\SplunkUniversalForwarder\bin\splunkd.exe,0x1fffff,,,,,,,{E983936C-B438-6006-B400-00000000A301},4412,{E983936C-DD0B-6006-7409-00000000A301},2680,,T1059.001,PowerShell,Execution,TRACE-PS-01,powershell,https://raw.githubusercontent.com/splunk/attack_data/master/datasets/attack_techniques/T1059.001/encoded_powershell/windows-sysmon.log,c8493cbf68dcedc1f1a5a0eeb05e036caec14116ed1c3096142e83e903823e3c,false,Execution,none,raw Computer/IpAddress/User fields,
2021-01-19T13:22:19.630+0000,2021-01-19T13:22:19.630+0000,1,Microsoft-Windows-Sysmon/Operational,ict3214:attack_trace,PS-HOST-01,,,NT AUTHORITY\SYSTEM,C:\Program Files\SplunkUniversalForwarder\bin\splunk-admon.exe,C:\Program Files\SplunkUniversalForwarder\bin\splunkd.exe,"""C:\Program Files\SplunkUniversalForwarder\bin\splunk-admon.exe""",,,,,,,,{E983936C-DD0B-6006-7409-00000000A301},2680,,,,,,T1059.001,PowerShell,Execution,TRACE-PS-01,powershell,https://raw.githubusercontent.com/splunk/attack_data/master/datasets/attack_techniques/T1059.001/encoded_powershell/windows-sysmon.log,d5091a2f5fe272a49a8388940ae2e766bd4829ac2e29dfc8a28c3a91cab5ffe9,false,Execution,none,raw Computer/IpAddress/User fields,{E983936C-B438-6006-B400-00000000A301}
2021-01-19T13:22:19.631+0000,2021-01-19T13:22:19.631+0000,10,Microsoft-Windows-Sysmon/Operational,ict3214:attack_trace,PS-HOST-01,,,,,,,C:\Windows\sysmon64.exe,C:\Windows\system32\svchost.exe,0x1400,,,,,,,{E983936C-B38F-6006-0C00-00000000A301},592,{E983936C-B3A0-6006-3100-00000000A301},2052,,T1059.001,PowerShell,Execution,TRACE-PS-01,powershell,https://raw.githubusercontent.com/splunk/attack_data/master/datasets/attack_techniques/T1059.001/encoded_powershell/windows-sysmon.log,06935ac5b55975fca0eb8b90b5c7b7ac410c7a043ff429420a7b80ec1d910b28,false,Execution,none,raw Computer/IpAddress/User fields,
2021-01-19T13:22:19.631+0000,2021-01-19T13:22:19.631+0000,10,Microsoft-Windows-Sysmon/Operational,ict3214:attack_trace,PS-HOST-01,,,,,,,C:\Windows\sysmon64.exe,C:\Windows\system32\svchost.exe,0x1400,,,,,,,{E983936C-B38F-6006-0C00-00000000A301},592,{E983936C-B3A0-6006-3100-00000000A301},2052,,T1059.001,PowerShell,Execution,TRACE-PS-01,powershell,https://raw.githubusercontent.com/splunk/attack_data/master/datasets/attack_techniques/T1059.001/encoded_powershell/windows-sysmon.log,7890082449b2a7bf32167e7c10b0ed9ce7740009948dd8a26624937e7cd2926e,false,Execution,none,raw Computer/IpAddress/User fields,
2021-01-19T13:22:19.631+0000,2021-01-19T13:22:19.631+0000,10,Microsoft-Windows-Sysmon/Operational,ict3214:attack_trace,PS-HOST-01,,,,,,,C:\Windows\sysmon64.exe,C:\Windows\system32\svchost.exe,0x1400,,,,,,,{E983936C-B38F-6006-0C00-00000000A301},592,{E983936C-B3A0-6006-3100-00000000A301},2052,,T1059.001,PowerShell,Execution,TRACE-PS-01,powershell,https://raw.githubusercontent.com/splunk/attack_data/master/datasets/attack_techniques/T1059.001/encoded_powershell/windows-sysmon.log,89323e3749220f3c568e844279955e1e4fa1ca4f12256323b0460505f3b716da,false,Execution,none,raw Computer/IpAddress/User fields,
2021-01-19T13:22:19.631+0000,2021-01-19T13:22:19.631+0000,10,Microsoft-Windows-Sysmon/Operational,ict3214:attack_trace,PS-HOST-01,,,,,,,C:\Windows\sysmon64.exe,C:\Windows\system32\svchost.exe,0x1400,,,,,,,{E983936C-B38F-6006-0C00-00000000A301},592,{E983936C-B3A0-6006-3100-00000000A301},2052,,T1059.001,PowerShell,Execution,TRACE-PS-01,powershell,https://raw.githubusercontent.com/splunk/attack_data/master/datasets/attack_techniques/T1059.001/encoded_powershell/windows-sysmon.log,c0454eaa3f3cad7d6a790fa9269fcc1d0f38913a6b88575bb39b46818557e884,false,Execution,none,raw Computer/IpAddress/User fields,
2021-01-19T13:22:19.631+0000,2021-01-19T13:22:19.631+0000,10,Microsoft-Windows-Sysmon/Operational,ict3214:attack_trace,PS-HOST-01,,,,,,,C:\Program Files\SplunkUniversalForwarder\bin\splunk-admon.exe,C:\Windows\system32\csrss.exe,0x1fffff,,,,,,,{E983936C-B38D-6006-0500-00000000A301},636,{E983936C-DD0B-6006-7409-00000000A301},2680,,T1059.001,PowerShell,Execution,TRACE-PS-01,powershell,https://raw.githubusercontent.com/splunk/attack_data/master/datasets/attack_techniques/T1059.001/encoded_powershell/windows-sysmon.log,c41f85f00c67458cb8551e2077662b6d5a0e61698ff6f9481b0ebc4ef7f8240f,false,Execution,none,raw Computer/IpAddress/User fields,
2021-01-19T13:22:19.632+0000,2021-01-19T13:22:19.632+0000,10,Microsoft-Windows-Sysmon/Operational,ict3214:attack_trace,PS-HOST-01,,,,,,,C:\Program Files\SplunkUniversalForwarder\bin\splunk-admon.exe,C:\Windows\system32\conhost.exe,0x1fffff,,,,,,,{E983936C-B439-6006-B800-00000000A301},4284,{E983936C-DD0B-6006-7409-00000000A301},2680,,T1059.001,PowerShell,Execution,TRACE-PS-01,powershell,https://raw.githubusercontent.com/splunk/attack_data/master/datasets/attack_techniques/T1059.001/encoded_powershell/windows-sysmon.log,4d7944a20f1795c5469ebb33793a6f9e2cffe68658f1ee7b3dcffab29d0d5790,false,Execution,none,raw Computer/IpAddress/User fields,
2021-01-19T13:22:19.782+0000,2021-01-19T13:22:19.782+0000,10,Microsoft-Windows-Sysmon/Operational,ict3214:attack_trace,PS-HOST-01,,,,,,,C:\Program Files\SplunkUniversalForwarder\bin\splunkd.exe,C:\Program Files\SplunkUniversalForwarder\bin\splunk-admon.exe,0x101400,,,,,,,{E983936C-DD0B-6006-7409-00000000A301},2680,{E983936C-B438-6006-B400-00000000A301},4412,,T1059.001,PowerShell,Execution,TRACE-PS-01,powershell,https://raw.githubusercontent.com/splunk/attack_data/master/datasets/attack_techniques/T1059.001/encoded_powershell/windows-sysmon.log,4f0586bb8d14d84a2575e355f916be022582980d3b9ea235d80721a23665e5b5,false,Execution,none,raw Computer/IpAddress/User fields,
2021-01-19T13:22:20.208+0000,2021-01-19T13:22:20.208+0000,10,Microsoft-Windows-Sysmon/Operational,ict3214:attack_trace,PS-HOST-01,,,,,,,C:\Windows\sysmon64.exe,C:\Windows\system32\svchost.exe,0x1400,,,,,,,{E983936C-B38F-6006-0C00-00000000A301},592,{E983936C-B3A0-6006-3100-00000000A301},2052,,T1059.001,PowerShell,Execution,TRACE-PS-01,powershell,https://raw.githubusercontent.com/splunk/attack_data/master/datasets/attack_techniques/T1059.001/encoded_powershell/windows-sysmon.log,41bd8430ee80ba4723befe8351e2a475a05fa9e13ec0612be6f9429af819fcfa,false,Execution,none,raw Computer/IpAddress/User fields,
2021-01-19T13:22:20.208+0000,2021-01-19T13:22:20.208+0000,10,Microsoft-Windows-Sysmon/Operational,ict3214:attack_trace,PS-HOST-01,,,,,,,C:\Program Files\SplunkUniversalForwarder\bin\splunk-powershell.exe,C:\Windows\system32\csrss.exe,0x1fffff,,,,,,,{E983936C-B38D-6006-0500-00000000A301},636,{E983936C-DD0C-6006-7509-00000000A301},5880,,T1059.001,PowerShell,Execution,TRACE-PS-01,powershell,https://raw.githubusercontent.com/splunk/attack_data/master/datasets/attack_techniques/T1059.001/encoded_powershell/windows-sysmon.log,51f9a4a23606e08c9b993f9b094a68f8067d6754f5faa508ae49b0ec3872ebb0,false,Execution,none,raw Computer/IpAddress/User fields,
2021-01-19T13:22:20.208+0000,2021-01-19T13:22:20.208+0000,10,Microsoft-Windows-Sysmon/Operational,ict3214:attack_trace,PS-HOST-01,,,,,,,C:\Windows\sysmon64.exe,C:\Windows\system32\svchost.exe,0x1400,,,,,,,{E983936C-B38F-6006-0C00-00000000A301},592,{E983936C-B3A0-6006-3100-00000000A301},2052,,T1059.001,PowerShell,Execution,TRACE-PS-01,powershell,https://raw.githubusercontent.com/splunk/attack_data/master/datasets/attack_techniques/T1059.001/encoded_powershell/windows-sysmon.log,7aaf1503268280ad8b77a7e2f832c4deb8e4f10860cf24e1b650652dfb7a4e41,false,Execution,none,raw Computer/IpAddress/User fields,
2021-01-19T13:22:20.208+0000,2021-01-19T13:22:20.208+0000,10,Microsoft-Windows-Sysmon/Operational,ict3214:attack_trace,PS-HOST-01,,,,,,,C:\Program Files\SplunkUniversalForwarder\bin\splunk-powershell.exe,C:\Program Files\SplunkUniversalForwarder\bin\splunkd.exe,0x1fffff,,,,,,,{E983936C-B438-6006-B400-00000000A301},4412,{E983936C-DD0C-6006-7509-00000000A301},5880,,T1059.001,PowerShell,Execution,TRACE-PS-01,powershell,https://raw.githubusercontent.com/splunk/attack_data/master/datasets/attack_techniques/T1059.001/encoded_powershell/windows-sysmon.log,968307c8b5feaa009f49e33acfc136badcced1f6e478eae03e4548d05c5a3e6a,false,Execution,none,raw Computer/IpAddress/User fields,
2021-01-19T13:22:20.208+0000,2021-01-19T13:22:20.208+0000,1,Microsoft-Windows-Sysmon/Operational,ict3214:attack_trace,PS-HOST-01,,,NT AUTHORITY\SYSTEM,C:\Program Files\SplunkUniversalForwarder\bin\splunk-powershell.exe,C:\Program Files\SplunkUniversalForwarder\bin\splunkd.exe,"""C:\Program Files\SplunkUniversalForwarder\bin\splunk-powershell.exe""",,,,,,,,{E983936C-DD0C-6006-7509-00000000A301},5880,,,,,,T1059.001,PowerShell,Execution,TRACE-PS-01,powershell,https://raw.githubusercontent.com/splunk/attack_data/master/datasets/attack_techniques/T1059.001/encoded_powershell/windows-sysmon.log,ad390404e7c0c19a81f7c3ca79add1edfc2b16abd930dcabc3374d0c0edd47c0,false,Execution,none,raw Computer/IpAddress/User fields,{E983936C-B438-6006-B400-00000000A301}
2021-01-19T13:22:20.208+0000,2021-01-19T13:22:20.208+0000,10,Microsoft-Windows-Sysmon/Operational,ict3214:attack_trace,PS-HOST-01,,,,,,,C:\Windows\sysmon64.exe,C:\Windows\system32\svchost.exe,0x1400,,,,,,,{E983936C-B38F-6006-0C00-00000000A301},592,{E983936C-B3A0-6006-3100-00000000A301},2052,,T1059.001,PowerShell,Execution,TRACE-PS-01,powershell,https://raw.githubusercontent.com/splunk/attack_data/master/datasets/attack_techniques/T1059.001/encoded_powershell/windows-sysmon.log,c9d8839bd48e5fd27e6f25bd6507ab1a3654102b769aaaf38b970e4d42bfa9de,false,Execution,none,raw Computer/IpAddress/User fields,
2021-01-19T13:22:20.209+0000,2021-01-19T13:22:20.209+0000,10,Microsoft-Windows-Sysmon/Operational,ict3214:attack_trace,PS-HOST-01,,,,,,,C:\Windows\sysmon64.exe,C:\Windows\system32\svchost.exe,0x1400,,,,,,,{E983936C-B38F-6006-0C00-00000000A301},592,{E983936C-B3A0-6006-3100-00000000A301},2052,,T1059.001,PowerShell,Execution,TRACE-PS-01,powershell,https://raw.githubusercontent.com/splunk/attack_data/master/datasets/attack_techniques/T1059.001/encoded_powershell/windows-sysmon.log,5cbf83ace71001d9ff055a59401dc1c0144899fba931ffeb401446108ff38ab5,false,Execution,none,raw Computer/IpAddress/User fields,
2021-01-19T13:22:20.209+0000,2021-01-19T13:22:20.209+0000,10,Microsoft-Windows-Sysmon/Operational,ict3214:attack_trace,PS-HOST-01,,,,,,,C:\Program Files\SplunkUniversalForwarder\bin\splunk-powershell.exe,C:\Windows\system32\conhost.exe,0x1fffff,,,,,,,{E983936C-B439-6006-B800-00000000A301},4284,{E983936C-DD0C-6006-7509-00000000A301},5880,,T1059.001,PowerShell,Execution,TRACE-PS-01,powershell,https://raw.githubusercontent.com/splunk/attack_data/master/datasets/attack_techniques/T1059.001/encoded_powershell/windows-sysmon.log,ea82cb3c39f740ddc145ab6626fa91cd19997ae34802b84d1fa31288b72d6df0,false,Execution,none,raw Computer/IpAddress/User fields,
2021-01-19T13:22:20.360+0000,2021-01-19T13:22:20.360+0000,10,Microsoft-Windows-Sysmon/Operational,ict3214:attack_trace,PS-HOST-01,,,,,,,C:\Program Files\SplunkUniversalForwarder\bin\splunkd.exe,C:\Program Files\SplunkUniversalForwarder\bin\splunk-powershell.exe,0x101400,,,,,,,{E983936C-DD0C-6006-7509-00000000A301},5880,{E983936C-B438-6006-B400-00000000A301},4412,,T1059.001,PowerShell,Execution,TRACE-PS-01,powershell,https://raw.githubusercontent.com/splunk/attack_data/master/datasets/attack_techniques/T1059.001/encoded_powershell/windows-sysmon.log,a973689a03fb57df2ce3fd6e8a9cb6319177a526f3ac2df8b66add334b9c6c4c,false,Execution,none,raw Computer/IpAddress/User fields,
2021-01-19T13:22:20.786+0000,2021-01-19T13:22:20.786+0000,1,Microsoft-Windows-Sysmon/Operational,ict3214:attack_trace,PS-HOST-01,,,NT AUTHORITY\SYSTEM,C:\Program Files\SplunkUniversalForwarder\bin\splunk-powershell.exe,C:\Program Files\SplunkUniversalForwarder\bin\splunkd.exe,"""C:\Program Files\SplunkUniversalForwarder\bin\splunk-powershell.exe"" --ps2",,,,,,,,{E983936C-DD0C-6006-7609-00000000A301},6224,,,,,,T1059.001,PowerShell,Execution,TRACE-PS-01,powershell,https://raw.githubusercontent.com/splunk/attack_data/master/datasets/attack_techniques/T1059.001/encoded_powershell/windows-sysmon.log,6c5129bd47e300c9008ddaf0a9c1ecc7792ec0f92002f5056cd27ad324c66d45,false,Execution,none,raw Computer/IpAddress/User fields,{E983936C-B438-6006-B400-00000000A301}
2021-01-19T13:22:20.787+0000,2021-01-19T13:22:20.787+0000,10,Microsoft-Windows-Sysmon/Operational,ict3214:attack_trace,PS-HOST-01,,,,,,,C:\Program Files\SplunkUniversalForwarder\bin\splunk-powershell.exe,C:\Windows\system32\csrss.exe,0x1fffff,,,,,,,{E983936C-B38D-6006-0500-00000000A301},636,{E983936C-DD0C-6006-7609-00000000A301},6224,,T1059.001,PowerShell,Execution,TRACE-PS-01,powershell,https://raw.githubusercontent.com/splunk/attack_data/master/datasets/attack_techniques/T1059.001/encoded_powershell/windows-sysmon.log,0aa590f105abf09d8db60ac41345d6f4f8a9c547e6c2ef74e07fee47d32b3626,false,Execution,none,raw Computer/IpAddress/User fields,
2021-01-19T13:22:20.787+0000,2021-01-19T13:22:20.787+0000,10,Microsoft-Windows-Sysmon/Operational,ict3214:attack_trace,PS-HOST-01,,,,,,,C:\Windows\sysmon64.exe,C:\Windows\system32\svchost.exe,0x1400,,,,,,,{E983936C-B38F-6006-0C00-00000000A301},592,{E983936C-B3A0-6006-3100-00000000A301},2052,,T1059.001,PowerShell,Execution,TRACE-PS-01,powershell,https://raw.githubusercontent.com/splunk/attack_data/master/datasets/attack_techniques/T1059.001/encoded_powershell/windows-sysmon.log,0ebfb9ed4ab477175336082655b32fb30663c2d3f007038357a4764890cabcff,false,Execution,none,raw Computer/IpAddress/User fields,
2021-01-19T13:22:20.787+0000,2021-01-19T13:22:20.787+0000,10,Microsoft-Windows-Sysmon/Operational,ict3214:attack_trace,PS-HOST-01,,,,,,,C:\Program Files\SplunkUniversalForwarder\bin\splunk-powershell.exe,C:\Program Files\SplunkUniversalForwarder\bin\splunkd.exe,0x1fffff,,,,,,,{E983936C-B438-6006-B400-00000000A301},4412,{E983936C-DD0C-6006-7609-00000000A301},6224,,T1059.001,PowerShell,Execution,TRACE-PS-01,powershell,https://raw.githubusercontent.com/splunk/attack_data/master/datasets/attack_techniques/T1059.001/encoded_powershell/windows-sysmon.log,6f18484f00b563ba1e541b0d1657f401dc916a9d901af7bd2ee269d783f7ceb8,false,Execution,none,raw Computer/IpAddress/User fields,
2021-01-19T13:22:20.787+0000,2021-01-19T13:22:20.787+0000,10,Microsoft-Windows-Sysmon/Operational,ict3214:attack_trace,PS-HOST-01,,,,,,,C:\Windows\sysmon64.exe,C:\Windows\system32\svchost.exe,0x1400,,,,,,,{E983936C-B38F-6006-0C00-00000000A301},592,{E983936C-B3A0-6006-3100-00000000A301},2052,,T1059.001,PowerShell,Execution,TRACE-PS-01,powershell,https://raw.githubusercontent.com/splunk/attack_data/master/datasets/attack_techniques/T1059.001/encoded_powershell/windows-sysmon.log,82ef63dabca02f069b424d7da235a683ae34b6b0f0b354f18d36023f837caef0,false,Execution,none,raw Computer/IpAddress/User fields,
2021-01-19T13:22:20.787+0000,2021-01-19T13:22:20.787+0000,10,Microsoft-Windows-Sysmon/Operational,ict3214:attack_trace,PS-HOST-01,,,,,,,C:\Windows\sysmon64.exe,C:\Windows\system32\svchost.exe,0x1400,,,,,,,{E983936C-B38F-6006-0C00-00000000A301},592,{E983936C-B3A0-6006-3100-00000000A301},2052,,T1059.001,PowerShell,Execution,TRACE-PS-01,powershell,https://raw.githubusercontent.com/splunk/attack_data/master/datasets/attack_techniques/T1059.001/encoded_powershell/windows-sysmon.log,875a5e14e85ad2e6058d55cadc90266e6efa9e75aeba87abe877ea14876aa9aa,false,Execution,none,raw Computer/IpAddress/User fields,
2021-01-19T13:22:20.787+0000,2021-01-19T13:22:20.787+0000,10,Microsoft-Windows-Sysmon/Operational,ict3214:attack_trace,PS-HOST-01,,,,,,,C:\Windows\sysmon64.exe,C:\Windows\system32\svchost.exe,0x1400,,,,,,,{E983936C-B38F-6006-0C00-00000000A301},592,{E983936C-B3A0-6006-3100-00000000A301},2052,,T1059.001,PowerShell,Execution,TRACE-PS-01,powershell,https://raw.githubusercontent.com/splunk/attack_data/master/datasets/attack_techniques/T1059.001/encoded_powershell/windows-sysmon.log,b39dacd59f818f1edb0d7b541282a160071fefd5b5f5f54b6294ad1e241e0e40,false,Execution,none,raw Computer/IpAddress/User fields,
2021-01-19T13:22:20.788+0000,2021-01-19T13:22:20.788+0000,10,Microsoft-Windows-Sysmon/Operational,ict3214:attack_trace,PS-HOST-01,,,,,,,C:\Program Files\SplunkUniversalForwarder\bin\splunk-powershell.exe,C:\Windows\system32\conhost.exe,0x1fffff,,,,,,,{E983936C-B439-6006-B800-00000000A301},4284,{E983936C-DD0C-6006-7609-00000000A301},6224,,T1059.001,PowerShell,Execution,TRACE-PS-01,powershell,https://raw.githubusercontent.com/splunk/attack_data/master/datasets/attack_techniques/T1059.001/encoded_powershell/windows-sysmon.log,2dc2d1c612b16e66825a0b0e40645311ed993354b16213673582275379b4dfc0,false,Execution,none,raw Computer/IpAddress/User fields,
2021-01-19T13:22:20.802+0000,2021-01-19T13:22:20.802+0000,10,Microsoft-Windows-Sysmon/Operational,ict3214:attack_trace,PS-HOST-01,,,,,,,C:\Program Files\Mozilla Firefox\firefox.exe,C:\Windows\Explorer.EXE,0x40,,,,,,,{E983936C-CCDD-6006-4607-00000000A301},5080,{E983936C-CD5C-6006-8407-00000000A301},6812,,T1059.001,PowerShell,Execution,TRACE-PS-01,powershell,https://raw.githubusercontent.com/splunk/attack_data/master/datasets/attack_techniques/T1059.001/encoded_powershell/windows-sysmon.log,65331c484980fdf0c854085bb9e456916b9efaed792ec5eda61b13f134b29ef7,false,Execution,none,raw Computer/IpAddress/User fields,
2021-01-19T13:22:20.802+0000,2021-01-19T13:22:20.802+0000,10,Microsoft-Windows-Sysmon/Operational,ict3214:attack_trace,PS-HOST-01,,,,,,,C:\Program Files\Mozilla Firefox\firefox.exe,C:\Windows\Explorer.EXE,0x40,,,,,,,{E983936C-CCDD-6006-4607-00000000A301},5080,{E983936C-CD5C-6006-8407-00000000A301},6812,,T1059.001,PowerShell,Execution,TRACE-PS-01,powershell,https://raw.githubusercontent.com/splunk/attack_data/master/datasets/attack_techniques/T1059.001/encoded_powershell/windows-sysmon.log,9d842c0179d8ce59dcc19c69dfaa3b13d4960c6fd091bd57de4c01759c508529,false,Execution,none,raw Computer/IpAddress/User fields,
2021-01-19T13:22:20.940+0000,2021-01-19T13:22:20.940+0000,10,Microsoft-Windows-Sysmon/Operational,ict3214:attack_trace,PS-HOST-01,,,,,,,C:\Program Files\SplunkUniversalForwarder\bin\splunkd.exe,C:\Program Files\SplunkUniversalForwarder\bin\splunk-powershell.exe,0x101400,,,,,,,{E983936C-DD0C-6006-7609-00000000A301},6224,{E983936C-B438-6006-B400-00000000A301},4412,,T1059.001,PowerShell,Execution,TRACE-PS-01,powershell,https://raw.githubusercontent.com/splunk/attack_data/master/datasets/attack_techniques/T1059.001/encoded_powershell/windows-sysmon.log,dc8c8c95c5da2311f060225a734da4551c4ef0168b51908c14b7da6e6af1839f,false,Execution,none,raw Computer/IpAddress/User fields,
2021-01-19T13:22:21.381+0000,2021-01-19T13:22:21.381+0000,10,Microsoft-Windows-Sysmon/Operational,ict3214:attack_trace,PS-HOST-01,,,,,,,C:\Program Files\SplunkUniversalForwarder\bin\splunk-regmon.exe,C:\Windows\system32\csrss.exe,0x1fffff,,,,,,,{E983936C-B38D-6006-0500-00000000A301},636,{E983936C-DD0D-6006-7709-00000000A301},6212,,T1059.001,PowerShell,Execution,TRACE-PS-01,powershell,https://raw.githubusercontent.com/splunk/attack_data/master/datasets/attack_techniques/T1059.001/encoded_powershell/windows-sysmon.log,19410a58c49fc07f65e00e80fb0fb94d71bc35aa6cd7490377ddc854485eb04f,false,Execution,none,raw Computer/IpAddress/User fields,
2021-01-19T13:22:21.381+0000,2021-01-19T13:22:21.381+0000,10,Microsoft-Windows-Sysmon/Operational,ict3214:attack_trace,PS-HOST-01,,,,,,,C:\Program Files\SplunkUniversalForwarder\bin\splunk-regmon.exe,C:\Program Files\SplunkUniversalForwarder\bin\splunkd.exe,0x1fffff,,,,,,,{E983936C-B438-6006-B400-00000000A301},4412,{E983936C-DD0D-6006-7709-00000000A301},6212,,T1059.001,PowerShell,Execution,TRACE-PS-01,powershell,https://raw.githubusercontent.com/splunk/attack_data/master/datasets/attack_techniques/T1059.001/encoded_powershell/windows-sysmon.log,283f0f1e49388b8828877dcbaa0e3a2af1543fe158b692f3bd8126cca4899c59,false,Execution,none,raw Computer/IpAddress/User fields,
2021-01-19T13:22:21.381+0000,2021-01-19T13:22:21.381+0000,10,Microsoft-Windows-Sysmon/Operational,ict3214:attack_trace,PS-HOST-01,,,,,,,C:\Windows\sysmon64.exe,C:\Windows\system32\svchost.exe,0x1400,,,,,,,{E983936C-B38F-6006-0C00-00000000A301},592,{E983936C-B3A0-6006-3100-00000000A301},2052,,T1059.001,PowerShell,Execution,TRACE-PS-01,powershell,https://raw.githubusercontent.com/splunk/attack_data/master/datasets/attack_techniques/T1059.001/encoded_powershell/windows-sysmon.log,463ac1480462cfc406942e91899e378690115ffd6304dfcef3ba11c34f6f64de,false,Execution,none,raw Computer/IpAddress/User fields,
2021-01-19T13:22:21.381+0000,2021-01-19T13:22:21.381+0000,10,Microsoft-Windows-Sysmon/Operational,ict3214:attack_trace,PS-HOST-01,,,,,,,C:\Windows\sysmon64.exe,C:\Windows\system32\svchost.exe,0x1400,,,,,,,{E983936C-B38F-6006-0C00-00000000A301},592,{E983936C-B3A0-6006-3100-00000000A301},2052,,T1059.001,PowerShell,Execution,TRACE-PS-01,powershell,https://raw.githubusercontent.com/splunk/attack_data/master/datasets/attack_techniques/T1059.001/encoded_powershell/windows-sysmon.log,500e82c569e4ef2d65e009473bcb1ea09d54ddca82068a1927db309ff4098cc0,false,Execution,none,raw Computer/IpAddress/User fields,
2021-01-19T13:22:21.381+0000,2021-01-19T13:22:21.381+0000,10,Microsoft-Windows-Sysmon/Operational,ict3214:attack_trace,PS-HOST-01,,,,,,,C:\Windows\sysmon64.exe,C:\Windows\system32\svchost.exe,0x1400,,,,,,,{E983936C-B38F-6006-0C00-00000000A301},592,{E983936C-B3A0-6006-3100-00000000A301},2052,,T1059.001,PowerShell,Execution,TRACE-PS-01,powershell,https://raw.githubusercontent.com/splunk/attack_data/master/datasets/attack_techniques/T1059.001/encoded_powershell/windows-sysmon.log,5119a7014896277a2491dcd45de7077cb88bfd8d362e84e0fe7b7d82d71a3b37,false,Execution,none,raw Computer/IpAddress/User fields,
2021-01-19T13:22:21.381+0000,2021-01-19T13:22:21.381+0000,1,Microsoft-Windows-Sysmon/Operational,ict3214:attack_trace,PS-HOST-01,,,NT AUTHORITY\SYSTEM,C:\Program Files\SplunkUniversalForwarder\bin\splunk-regmon.exe,C:\Program Files\SplunkUniversalForwarder\bin\splunkd.exe,"""C:\Program Files\SplunkUniversalForwarder\bin\splunk-regmon.exe""",,,,,,,,{E983936C-DD0D-6006-7709-00000000A301},6212,,,,,,T1059.001,PowerShell,Execution,TRACE-PS-01,powershell,https://raw.githubusercontent.com/splunk/attack_data/master/datasets/attack_techniques/T1059.001/encoded_powershell/windows-sysmon.log,8a79a3d0843567bbdb87b15eeb3068888b1443f2eace36172d81e646d1a22168,false,Execution,none,raw Computer/IpAddress/User fields,{E983936C-B438-6006-B400-00000000A301}
2021-01-19T13:22:21.381+0000,2021-01-19T13:22:21.381+0000,10,Microsoft-Windows-Sysmon/Operational,ict3214:attack_trace,PS-HOST-01,,,,,,,C:\Windows\sysmon64.exe,C:\Windows\system32\svchost.exe,0x1400,,,,,,,{E983936C-B38F-6006-0C00-00000000A301},592,{E983936C-B3A0-6006-3100-00000000A301},2052,,T1059.001,PowerShell,Execution,TRACE-PS-01,powershell,https://raw.githubusercontent.com/splunk/attack_data/master/datasets/attack_techniques/T1059.001/encoded_powershell/windows-sysmon.log,f0d1e140cc3dd1cbbd8535fa856353382e637de6e90ea726e712ab118db09920,false,Execution,none,raw Computer/IpAddress/User fields,
2021-01-19T13:22:21.382+0000,2021-01-19T13:22:21.382+0000,10,Microsoft-Windows-Sysmon/Operational,ict3214:attack_trace,PS-HOST-01,,,,,,,C:\Program Files\SplunkUniversalForwarder\bin\splunk-regmon.exe,C:\Windows\system32\conhost.exe,0x1fffff,,,,,,,{E983936C-B439-6006-B800-00000000A301},4284,{E983936C-DD0D-6006-7709-00000000A301},6212,,T1059.001,PowerShell,Execution,TRACE-PS-01,powershell,https://raw.githubusercontent.com/splunk/attack_data/master/datasets/attack_techniques/T1059.001/encoded_powershell/windows-sysmon.log,4e51f1a8de04989e63ceda40ee5612dcd1e8138fc436a0cc21c043d4f66dd285,false,Execution,none,raw Computer/IpAddress/User fields,
2021-01-19T13:22:21.542+0000,2021-01-19T13:22:21.542+0000,10,Microsoft-Windows-Sysmon/Operational,ict3214:attack_trace,PS-HOST-01,,,,,,,C:\Program Files\SplunkUniversalForwarder\bin\splunkd.exe,C:\Program Files\SplunkUniversalForwarder\bin\splunk-regmon.exe,0x101400,,,,,,,{E983936C-DD0D-6006-7709-00000000A301},6212,{E983936C-B438-6006-B400-00000000A301},4412,,T1059.001,PowerShell,Execution,TRACE-PS-01,powershell,https://raw.githubusercontent.com/splunk/attack_data/master/datasets/attack_techniques/T1059.001/encoded_powershell/windows-sysmon.log,ff2850075265cb839aad44db6e27c76bc2c40058ce5752a7945bec6158511823,false,Execution,none,raw Computer/IpAddress/User fields,
2021-01-19T13:22:21.943+0000,2021-01-19T13:22:21.943+0000,10,Microsoft-Windows-Sysmon/Operational,ict3214:attack_trace,PS-HOST-01,,,,,,,C:\Windows\sysmon64.exe,C:\Windows\system32\svchost.exe,0x1400,,,,,,,{E983936C-B38F-6006-0C00-00000000A301},592,{E983936C-B3A0-6006-3100-00000000A301},2052,,T1059.001,PowerShell,Execution,TRACE-PS-01,powershell,https://raw.githubusercontent.com/splunk/attack_data/master/datasets/attack_techniques/T1059.001/encoded_powershell/windows-sysmon.log,193f733beeeb6b03e56b32bfe1b14e1c192cc702891f23f66d7905b0ff1348aa,false,Execution,none,raw Computer/IpAddress/User fields,
2021-01-19T13:22:21.943+0000,2021-01-19T13:22:21.943+0000,10,Microsoft-Windows-Sysmon/Operational,ict3214:attack_trace,PS-HOST-01,,,,,,,C:\Windows\sysmon64.exe,C:\Windows\system32\svchost.exe,0x1400,,,,,,,{E983936C-B38F-6006-0C00-00000000A301},592,{E983936C-B3A0-6006-3100-00000000A301},2052,,T1059.001,PowerShell,Execution,TRACE-PS-01,powershell,https://raw.githubusercontent.com/splunk/attack_data/master/datasets/attack_techniques/T1059.001/encoded_powershell/windows-sysmon.log,816ee3f1c391eb7b0ba1543ef2e32aaa1e4ffe1eed637dff57e38a765f58df20,false,Execution,none,raw Computer/IpAddress/User fields,
2021-01-19T13:22:21.943+0000,2021-01-19T13:22:21.943+0000,10,Microsoft-Windows-Sysmon/Operational,ict3214:attack_trace,PS-HOST-01,,,,,,,C:\Windows\sysmon64.exe,C:\Windows\system32\svchost.exe,0x1400,,,,,,,{E983936C-B38F-6006-0C00-00000000A301},592,{E983936C-B3A0-6006-3100-00000000A301},2052,,T1059.001,PowerShell,Execution,TRACE-PS-01,powershell,https://raw.githubusercontent.com/splunk/attack_data/master/datasets/attack_techniques/T1059.001/encoded_powershell/windows-sysmon.log,9171471bb0a0a2582a41e56fd04793a185b64ecdee62337c2ce7419872b30266,false,Execution,none,raw Computer/IpAddress/User fields,
2021-01-19T13:22:21.943+0000,2021-01-19T13:22:21.943+0000,1,Microsoft-Windows-Sysmon/Operational,ict3214:attack_trace,PS-HOST-01,,,NT AUTHORITY\SYSTEM,C:\Program Files\SplunkUniversalForwarder\bin\splunk-netmon.exe,C:\Program Files\SplunkUniversalForwarder\bin\splunkd.exe,"""C:\Program Files\SplunkUniversalForwarder\bin\splunk-netmon.exe""",,,,,,,,{E983936C-DD0D-6006-7809-00000000A301},7372,,,,,,T1059.001,PowerShell,Execution,TRACE-PS-01,powershell,https://raw.githubusercontent.com/splunk/attack_data/master/datasets/attack_techniques/T1059.001/encoded_powershell/windows-sysmon.log,9fd0825afb844bd2456b0d50282fe4e08284e47216d601b01c3b29fd6b31952e,false,Execution,none,raw Computer/IpAddress/User fields,{E983936C-B438-6006-B400-00000000A301}
2021-01-19T13:22:21.943+0000,2021-01-19T13:22:21.943+0000,10,Microsoft-Windows-Sysmon/Operational,ict3214:attack_trace,PS-HOST-01,,,,,,,C:\Windows\sysmon64.exe,C:\Windows\system32\svchost.exe,0x1400,,,,,,,{E983936C-B38F-6006-0C00-00000000A301},592,{E983936C-B3A0-6006-3100-00000000A301},2052,,T1059.001,PowerShell,Execution,TRACE-PS-01,powershell,https://raw.githubusercontent.com/splunk/attack_data/master/datasets/attack_techniques/T1059.001/encoded_powershell/windows-sysmon.log,c185b4a0be0e583920b103c220519e48a7dab0b7bc8d9aacfe6af84257c4ec7c,false,Execution,none,raw Computer/IpAddress/User fields,
2021-01-19T13:22:21.943+0000,2021-01-19T13:22:21.943+0000,10,Microsoft-Windows-Sysmon/Operational,ict3214:attack_trace,PS-HOST-01,,,,,,,C:\Program Files\SplunkUniversalForwarder\bin\splunk-netmon.exe,C:\Program Files\SplunkUniversalForwarder\bin\splunkd.exe,0x1fffff,,,,,,,{E983936C-B438-6006-B400-00000000A301},4412,{E983936C-DD0D-6006-7809-00000000A301},7372,,T1059.001,PowerShell,Execution,TRACE-PS-01,powershell,https://raw.githubusercontent.com/splunk/attack_data/master/datasets/attack_techniques/T1059.001/encoded_powershell/windows-sysmon.log,f055c20be4c7b9ff4f1a7d5272927d3b3055afb71d18b41d9257c215133a0546,false,Execution,none,raw Computer/IpAddress/User fields,
2021-01-19T13:22:21.943+0000,2021-01-19T13:22:21.943+0000,10,Microsoft-Windows-Sysmon/Operational,ict3214:attack_trace,PS-HOST-01,,,,,,,C:\Program Files\SplunkUniversalForwarder\bin\splunk-netmon.exe,C:\Windows\system32\csrss.exe,0x1fffff,,,,,,,{E983936C-B38D-6006-0500-00000000A301},636,{E983936C-DD0D-6006-7809-00000000A301},7372,,T1059.001,PowerShell,Execution,TRACE-PS-01,powershell,https://raw.githubusercontent.com/splunk/attack_data/master/datasets/attack_techniques/T1059.001/encoded_powershell/windows-sysmon.log,f22853e426fe280cc041a99b24b6c9f07edd1025ecffd3a11cb13dafef8575d4,false,Execution,none,raw Computer/IpAddress/User fields,
2021-01-19T13:22:21.944+0000,2021-01-19T13:22:21.944+0000,10,Microsoft-Windows-Sysmon/Operational,ict3214:attack_trace,PS-HOST-01,,,,,,,C:\Program Files\SplunkUniversalForwarder\bin\splunk-netmon.exe,C:\Windows\system32\conhost.exe,0x1fffff,,,,,,,{E983936C-B439-6006-B800-00000000A301},4284,{E983936C-DD0D-6006-7809-00000000A301},7372,,T1059.001,PowerShell,Execution,TRACE-PS-01,powershell,https://raw.githubusercontent.com/splunk/attack_data/master/datasets/attack_techniques/T1059.001/encoded_powershell/windows-sysmon.log,e215ddb27a4b7441f6aad3f4e9f793580c316299d3551c2c6c7ee006e0378589,false,Execution,none,raw Computer/IpAddress/User fields,
2021-01-19T13:22:22.521+0000,2021-01-19T13:22:22.521+0000,1,Microsoft-Windows-Sysmon/Operational,ict3214:attack_trace,PS-HOST-01,,,NT AUTHORITY\SYSTEM,C:\Program Files\SplunkUniversalForwarder\bin\splunk-MonitorNoHandle.exe,C:\Program Files\SplunkUniversalForwarder\bin\splunkd.exe,"""C:\Program Files\SplunkUniversalForwarder\bin\splunk-MonitorNoHandle.exe""",,,,,,,,{E983936C-DD0E-6006-7909-00000000A301},3820,,,,,,T1059.001,PowerShell,Execution,TRACE-PS-01,powershell,https://raw.githubusercontent.com/splunk/attack_data/master/datasets/attack_techniques/T1059.001/encoded_powershell/windows-sysmon.log,650bc1cbd9c12718dd7f79399a3220ee2115d116b32b5f16ec802f4d85b9222d,false,Execution,none,raw Computer/IpAddress/User fields,{E983936C-B438-6006-B400-00000000A301}
2021-01-19T13:22:22.521+0000,2021-01-19T13:22:22.521+0000,10,Microsoft-Windows-Sysmon/Operational,ict3214:attack_trace,PS-HOST-01,,,,,,,C:\Windows\sysmon64.exe,C:\Windows\system32\svchost.exe,0x1400,,,,,,,{E983936C-B38F-6006-0C00-00000000A301},592,{E983936C-B3A0-6006-3100-00000000A301},2052,,T1059.001,PowerShell,Execution,TRACE-PS-01,powershell,https://raw.githubusercontent.com/splunk/attack_data/master/datasets/attack_techniques/T1059.001/encoded_powershell/windows-sysmon.log,6c108db9df9eb5c6ca0d466964537b680c8d5974ff4aeb7bd3e8c0943f4b516e,false,Execution,none,raw Computer/IpAddress/User fields,
2021-01-19T13:22:22.521+0000,2021-01-19T13:22:22.521+0000,10,Microsoft-Windows-Sysmon/Operational,ict3214:attack_trace,PS-HOST-01,,,,,,,C:\Program Files\SplunkUniversalForwarder\bin\splunk-MonitorNoHandle.exe,C:\Program Files\SplunkUniversalForwarder\bin\splunkd.exe,0x1fffff,,,,,,,{E983936C-B438-6006-B400-00000000A301},4412,{E983936C-DD0E-6006-7909-00000000A301},3820,,T1059.001,PowerShell,Execution,TRACE-PS-01,powershell,https://raw.githubusercontent.com/splunk/attack_data/master/datasets/attack_techniques/T1059.001/encoded_powershell/windows-sysmon.log,a10a92e779b136105bb3c2c2d107732412d6687a4ea3a3343f31f5cc7fca7a3d,false,Execution,none,raw Computer/IpAddress/User fields,
2021-01-19T13:22:22.521+0000,2021-01-19T13:22:22.521+0000,10,Microsoft-Windows-Sysmon/Operational,ict3214:attack_trace,PS-HOST-01,,,,,,,C:\Windows\sysmon64.exe,C:\Windows\system32\svchost.exe,0x1400,,,,,,,{E983936C-B38F-6006-0C00-00000000A301},592,{E983936C-B3A0-6006-3100-00000000A301},2052,,T1059.001,PowerShell,Execution,TRACE-PS-01,powershell,https://raw.githubusercontent.com/splunk/attack_data/master/datasets/attack_techniques/T1059.001/encoded_powershell/windows-sysmon.log,b0a5e7ba132685a13ae85a47e7701e4e8b976cd69f6de17f300edd7d340cbe8a,false,Execution,none,raw Computer/IpAddress/User fields,
2021-01-19T13:22:22.521+0000,2021-01-19T13:22:22.521+0000,10,Microsoft-Windows-Sysmon/Operational,ict3214:attack_trace,PS-HOST-01,,,,,,,C:\Windows\sysmon64.exe,C:\Windows\system32\svchost.exe,0x1400,,,,,,,{E983936C-B38F-6006-0C00-00000000A301},592,{E983936C-B3A0-6006-3100-00000000A301},2052,,T1059.001,PowerShell,Execution,TRACE-PS-01,powershell,https://raw.githubusercontent.com/splunk/attack_data/master/datasets/attack_techniques/T1059.001/encoded_powershell/windows-sysmon.log,b2ef0e1b40a8ac3f237af91a2af7261f1da3198f25c07b7c7379d9dce3eb5457,false,Execution,none,raw Computer/IpAddress/User fields,
2021-01-19T13:22:22.521+0000,2021-01-19T13:22:22.521+0000,10,Microsoft-Windows-Sysmon/Operational,ict3214:attack_trace,PS-HOST-01,,,,,,,C:\Program Files\SplunkUniversalForwarder\bin\splunk-MonitorNoHandle.exe,C:\Windows\system32\csrss.exe,0x1fffff,,,,,,,{E983936C-B38D-6006-0500-00000000A301},636,{E983936C-DD0E-6006-7909-00000000A301},3820,,T1059.001,PowerShell,Execution,TRACE-PS-01,powershell,https://raw.githubusercontent.com/splunk/attack_data/master/datasets/attack_techniques/T1059.001/encoded_powershell/windows-sysmon.log,be93e3dd77d2d8366396c40e6de07a2f278b1a152e0b1bc0876514841362b22a,false,Execution,none,raw Computer/IpAddress/User fields,
2021-01-19T13:22:22.521+0000,2021-01-19T13:22:22.521+0000,10,Microsoft-Windows-Sysmon/Operational,ict3214:attack_trace,PS-HOST-01,,,,,,,C:\Windows\sysmon64.exe,C:\Windows\system32\svchost.exe,0x1400,,,,,,,{E983936C-B38F-6006-0C00-00000000A301},592,{E983936C-B3A0-6006-3100-00000000A301},2052,,T1059.001,PowerShell,Execution,TRACE-PS-01,powershell,https://raw.githubusercontent.com/splunk/attack_data/master/datasets/attack_techniques/T1059.001/encoded_powershell/windows-sysmon.log,fd5caca5fff5af83e325e29a6571f4bd49180c03188deec6b268393969520401,false,Execution,none,raw Computer/IpAddress/User fields,
2021-01-19T13:22:22.522+0000,2021-01-19T13:22:22.522+0000,10,Microsoft-Windows-Sysmon/Operational,ict3214:attack_trace,PS-HOST-01,,,,,,,C:\Program Files\SplunkUniversalForwarder\bin\splunk-MonitorNoHandle.exe,C:\Windows\system32\conhost.exe,0x1fffff,,,,,,,{E983936C-B439-6006-B800-00000000A301},4284,{E983936C-DD0E-6006-7909-00000000A301},3820,,T1059.001,PowerShell,Execution,TRACE-PS-01,powershell,https://raw.githubusercontent.com/splunk/attack_data/master/datasets/attack_techniques/T1059.001/encoded_powershell/windows-sysmon.log,9cf0ca85476c52562a58d4d4f9867620d42d24c728a3fff9f4c34e7b8cb3153b,false,Execution,none,raw Computer/IpAddress/User fields,
2021-01-19T13:22:24.416+0000,2021-01-19T13:22:24.416+0000,10,Microsoft-Windows-Sysmon/Operational,ict3214:attack_trace,PS-HOST-01,,,,,,,C:\Windows\system32\conhost.exe,C:\Windows\Explorer.EXE,0x1410,,,,,,,{E983936C-CCDD-6006-4607-00000000A301},5080,{E983936C-D083-6006-F907-00000000A301},8048,,T1059.001,PowerShell,Execution,TRACE-PS-01,powershell,https://raw.githubusercontent.com/splunk/attack_data/master/datasets/attack_techniques/T1059.001/encoded_powershell/windows-sysmon.log,0378a252142efc70a995c2872f59d6c00456a243df7473e606c16020a2eeb7fe,false,Execution,none,raw Computer/IpAddress/User fields,
2021-01-19T13:22:24.416+0000,2021-01-19T13:22:24.416+0000,10,Microsoft-Windows-Sysmon/Operational,ict3214:attack_trace,PS-HOST-01,,,,,,,C:\Windows\system32\conhost.exe,C:\Windows\Explorer.EXE,0x1000,,,,,,,{E983936C-CCDD-6006-4607-00000000A301},5080,{E983936C-D083-6006-F907-00000000A301},8048,,T1059.001,PowerShell,Execution,TRACE-PS-01,powershell,https://raw.githubusercontent.com/splunk/attack_data/master/datasets/attack_techniques/T1059.001/encoded_powershell/windows-sysmon.log,818de28f8147900db8384f4762b2a4b234ede9d4f6b87da09eff3af32be91f37,false,Execution,none,raw Computer/IpAddress/User fields,
2021-01-19T13:22:24.416+0000,2021-01-19T13:22:24.416+0000,10,Microsoft-Windows-Sysmon/Operational,ict3214:attack_trace,PS-HOST-01,,,,,,,C:\Windows\system32\conhost.exe,C:\Windows\Explorer.EXE,0x1410,,,,,,,{E983936C-CCDD-6006-4607-00000000A301},5080,{E983936C-D083-6006-F907-00000000A301},8048,,T1059.001,PowerShell,Execution,TRACE-PS-01,powershell,https://raw.githubusercontent.com/splunk/attack_data/master/datasets/attack_techniques/T1059.001/encoded_powershell/windows-sysmon.log,9a4d577e914aa876e114568800166c42c8c2ceb8b69972d6171f73578491b43a,false,Execution,none,raw Computer/IpAddress/User fields,
2021-01-19T13:22:24.416+0000,2021-01-19T13:22:24.416+0000,10,Microsoft-Windows-Sysmon/Operational,ict3214:attack_trace,PS-HOST-01,,,,,,,C:\Windows\system32\conhost.exe,C:\Windows\Explorer.EXE,0x1000,,,,,,,{E983936C-CCDD-6006-4607-00000000A301},5080,{E983936C-D083-6006-F907-00000000A301},8048,,T1059.001,PowerShell,Execution,TRACE-PS-01,powershell,https://raw.githubusercontent.com/splunk/attack_data/master/datasets/attack_techniques/T1059.001/encoded_powershell/windows-sysmon.log,fa186867ecc82b9827b0e680387498667b19b1fb6aa3378e93caa2cbcdc535bb,false,Execution,none,raw Computer/IpAddress/User fields,
2021-01-19T13:22:24.419+0000,2021-01-19T13:22:24.419+0000,10,Microsoft-Windows-Sysmon/Operational,ict3214:attack_trace,PS-HOST-01,,,,,,,C:\Windows\System32\WindowsPowerShell\v1.0\powershell.exe,C:\Windows\Explorer.EXE,0x1400,,,,,,,{E983936C-CCDD-6006-4607-00000000A301},5080,{E983936C-D083-6006-F807-00000000A301},7900,,T1059.001,PowerShell,Execution,TRACE-PS-01,powershell,https://raw.githubusercontent.com/splunk/attack_data/master/datasets/attack_techniques/T1059.001/encoded_powershell/windows-sysmon.log,4665e5b63d7122f20b927cc1ff270bafe79a2b2735cb2788622129a256df96d9,false,Execution,none,raw Computer/IpAddress/User fields,
2021-01-19T13:22:24.419+0000,2021-01-19T13:22:24.419+0000,10,Microsoft-Windows-Sysmon/Operational,ict3214:attack_trace,PS-HOST-01,,,,,,,C:\Windows\System32\WindowsPowerShell\v1.0\powershell.exe,C:\Windows\Explorer.EXE,0x1000,,,,,,,{E983936C-CCDD-6006-4607-00000000A301},5080,{E983936C-D083-6006-F807-00000000A301},7900,,T1059.001,PowerShell,Execution,TRACE-PS-01,powershell,https://raw.githubusercontent.com/splunk/attack_data/master/datasets/attack_techniques/T1059.001/encoded_powershell/windows-sysmon.log,e39277d7051a25788151f23781e5a71e1c4d8991af370f73c7afc7f4e49d64d0,false,Execution,none,raw Computer/IpAddress/User fields,
2021-01-19T13:22:26.380+0000,2021-01-19T13:22:26.380+0000,10,Microsoft-Windows-Sysmon/Operational,ict3214:attack_trace,PS-HOST-01,,,,,,,C:\Program Files\SplunkUniversalForwarder\bin\splunk-winprintmon.exe,C:\Program Files\SplunkUniversalForwarder\bin\splunkd.exe,0x1fffff,,,,,,,{E983936C-B438-6006-B400-00000000A301},4412,{E983936C-DD12-6006-7A09-00000000A301},3796,,T1059.001,PowerShell,Execution,TRACE-PS-01,powershell,https://raw.githubusercontent.com/splunk/attack_data/master/datasets/attack_techniques/T1059.001/encoded_powershell/windows-sysmon.log,79fee3ce3b3f7de2ddd3f2fdbaf94a122fb56fe0c03fec6d782d86d03df2e617,false,Execution,none,raw Computer/IpAddress/User fields,
2021-01-19T13:22:26.380+0000,2021-01-19T13:22:26.380+0000,10,Microsoft-Windows-Sysmon/Operational,ict3214:attack_trace,PS-HOST-01,,,,,,,C:\Windows\sysmon64.exe,C:\Windows\system32\svchost.exe,0x1400,,,,,,,{E983936C-B38F-6006-0C00-00000000A301},592,{E983936C-B3A0-6006-3100-00000000A301},2052,,T1059.001,PowerShell,Execution,TRACE-PS-01,powershell,https://raw.githubusercontent.com/splunk/attack_data/master/datasets/attack_techniques/T1059.001/encoded_powershell/windows-sysmon.log,c4c06e6367ee922e2c5df2b4e6c3242a036ed7c29f9245ee180c384f34854f29,false,Execution,none,raw Computer/IpAddress/User fields,
2021-01-19T13:22:26.380+0000,2021-01-19T13:22:26.380+0000,1,Microsoft-Windows-Sysmon/Operational,ict3214:attack_trace,PS-HOST-01,,,NT AUTHORITY\SYSTEM,C:\Program Files\SplunkUniversalForwarder\bin\splunk-winprintmon.exe,C:\Program Files\SplunkUniversalForwarder\bin\splunkd.exe,"""C:\Program Files\SplunkUniversalForwarder\bin\splunk-winprintmon.exe""",,,,,,,,{E983936C-DD12-6006-7A09-00000000A301},3796,,,,,,T1059.001,PowerShell,Execution,TRACE-PS-01,powershell,https://raw.githubusercontent.com/splunk/attack_data/master/datasets/attack_techniques/T1059.001/encoded_powershell/windows-sysmon.log,d3bde1113f72cb119bf021b8ebd6ccb582abca8a3bc30da4ccf5d0eaee821be4,false,Execution,none,raw Computer/IpAddress/User fields,{E983936C-B438-6006-B400-00000000A301}
2021-01-19T13:22:26.380+0000,2021-01-19T13:22:26.380+0000,10,Microsoft-Windows-Sysmon/Operational,ict3214:attack_trace,PS-HOST-01,,,,,,,C:\Program Files\SplunkUniversalForwarder\bin\splunk-winprintmon.exe,C:\Windows\system32\csrss.exe,0x1fffff,,,,,,,{E983936C-B38D-6006-0500-00000000A301},636,{E983936C-DD12-6006-7A09-00000000A301},3796,,T1059.001,PowerShell,Execution,TRACE-PS-01,powershell,https://raw.githubusercontent.com/splunk/attack_data/master/datasets/attack_techniques/T1059.001/encoded_powershell/windows-sysmon.log,e69c204623eab7ebf3be11ad55475e148f538bb38f81743ceefb78dde7f5dc39,false,Execution,none,raw Computer/IpAddress/User fields,
2021-01-19T13:22:26.381+0000,2021-01-19T13:22:26.381+0000,10,Microsoft-Windows-Sysmon/Operational,ict3214:attack_trace,PS-HOST-01,,,,,,,C:\Program Files\SplunkUniversalForwarder\bin\splunk-winprintmon.exe,C:\Windows\system32\conhost.exe,0x1fffff,,,,,,,{E983936C-B439-6006-B800-00000000A301},4284,{E983936C-DD12-6006-7A09-00000000A301},3796,,T1059.001,PowerShell,Execution,TRACE-PS-01,powershell,https://raw.githubusercontent.com/splunk/attack_data/master/datasets/attack_techniques/T1059.001/encoded_powershell/windows-sysmon.log,03f2c82ddfcb18c15060c7ba8819fd9f9286e1399e10c32afaa97bfd3c1a837b,false,Execution,none,raw Computer/IpAddress/User fields,
2021-01-19T13:22:26.381+0000,2021-01-19T13:22:26.381+0000,10,Microsoft-Windows-Sysmon/Operational,ict3214:attack_trace,PS-HOST-01,,,,,,,C:\Windows\sysmon64.exe,C:\Windows\system32\svchost.exe,0x1400,,,,,,,{E983936C-B38F-6006-0C00-00000000A301},592,{E983936C-B3A0-6006-3100-00000000A301},2052,,T1059.001,PowerShell,Execution,TRACE-PS-01,powershell,https://raw.githubusercontent.com/splunk/attack_data/master/datasets/attack_techniques/T1059.001/encoded_powershell/windows-sysmon.log,63d6e3326475ae00a382a2357f683f3edcaa6d00f800a4ca73c3b30acc2c20c5,false,Execution,none,raw Computer/IpAddress/User fields,
2021-01-19T13:22:26.381+0000,2021-01-19T13:22:26.381+0000,10,Microsoft-Windows-Sysmon/Operational,ict3214:attack_trace,PS-HOST-01,,,,,,,C:\Windows\sysmon64.exe,C:\Windows\system32\svchost.exe,0x1400,,,,,,,{E983936C-B38F-6006-0C00-00000000A301},592,{E983936C-B3A0-6006-3100-00000000A301},2052,,T1059.001,PowerShell,Execution,TRACE-PS-01,powershell,https://raw.githubusercontent.com/splunk/attack_data/master/datasets/attack_techniques/T1059.001/encoded_powershell/windows-sysmon.log,83cc07e472a04bca44ccf7db9828b0cb4428fd463afc86d7b3691949c396d3e7,false,Execution,none,raw Computer/IpAddress/User fields,
2021-01-19T13:22:26.381+0000,2021-01-19T13:22:26.381+0000,10,Microsoft-Windows-Sysmon/Operational,ict3214:attack_trace,PS-HOST-01,,,,,,,C:\Windows\sysmon64.exe,C:\Windows\system32\svchost.exe,0x1400,,,,,,,{E983936C-B38F-6006-0C00-00000000A301},592,{E983936C-B3A0-6006-3100-00000000A301},2052,,T1059.001,PowerShell,Execution,TRACE-PS-01,powershell,https://raw.githubusercontent.com/splunk/attack_data/master/datasets/attack_techniques/T1059.001/encoded_powershell/windows-sysmon.log,8b0c1f51cad80a6406bf6e0ea4d27daaad1ddb13339e33362557d745b755b174,false,Execution,none,raw Computer/IpAddress/User fields,
2021-01-19T13:22:37.024+0000,2021-01-19T13:22:37.024+0000,10,Microsoft-Windows-Sysmon/Operational,ict3214:attack_trace,PS-HOST-01,,,,,,,C:\Windows\system32\svchost.exe,C:\Windows\System32\RuntimeBroker.exe,0x1000,,,,,,,{E983936C-CCDC-6006-3B07-00000000A301},824,{E983936C-CCDC-6006-3D07-00000000A301},4780,,T1059.001,PowerShell,Execution,TRACE-PS-01,powershell,https://raw.githubusercontent.com/splunk/attack_data/master/datasets/attack_techniques/T1059.001/encoded_powershell/windows-sysmon.log,bac429d24b9e8d066b70ef3855290c27d0e228a945bf303256b173b979ecc0f2,false,Execution,none,raw Computer/IpAddress/User fields,
2021-01-19T13:22:37.024+0000,2021-01-19T13:22:37.024+0000,10,Microsoft-Windows-Sysmon/Operational,ict3214:attack_trace,PS-HOST-01,,,,,,,C:\Windows\system32\svchost.exe,C:\Windows\System32\RuntimeBroker.exe,0x1000,,,,,,,{E983936C-CCDC-6006-3B07-00000000A301},824,{E983936C-CCDC-6006-3D07-00000000A301},4780,,T1059.001,PowerShell,Execution,TRACE-PS-01,powershell,https://raw.githubusercontent.com/splunk/attack_data/master/datasets/attack_techniques/T1059.001/encoded_powershell/windows-sysmon.log,dc1a705530063c9780d6091f492d77986cf974bb60472eee7ee2140e3e85cae3,false,Execution,none,raw Computer/IpAddress/User fields,
2021-01-19T13:22:39.783+0000,2021-01-19T13:22:39.783+0000,10,Microsoft-Windows-Sysmon/Operational,ict3214:attack_trace,PS-HOST-01,,,,,,,C:\Windows\system32\svchost.exe,C:\Windows\system32\svchost.exe,0x1400,,,,,,,{E983936C-B38F-6006-0C00-00000000A301},592,{E983936C-B390-6006-1500-00000000A301},1492,,T1059.001,PowerShell,Execution,TRACE-PS-01,powershell,https://raw.githubusercontent.com/splunk/attack_data/master/datasets/attack_techniques/T1059.001/encoded_powershell/windows-sysmon.log,03867099b09c2fd5ce56b7c150b5a8acba5c16c3245cfcb6b2c5c78b31d3dbb7,false,Execution,none,raw Computer/IpAddress/User fields,
2021-01-19T13:22:39.783+0000,2021-01-19T13:22:39.783+0000,10,Microsoft-Windows-Sysmon/Operational,ict3214:attack_trace,PS-HOST-01,,,,,,,C:\Windows\system32\svchost.exe,C:\Windows\system32\svchost.exe,0x1400,,,,,,,{E983936C-B38F-6006-0C00-00000000A301},592,{E983936C-B390-6006-1500-00000000A301},1492,,T1059.001,PowerShell,Execution,TRACE-PS-01,powershell,https://raw.githubusercontent.com/splunk/attack_data/master/datasets/attack_techniques/T1059.001/encoded_powershell/windows-sysmon.log,2e9220e2aa0fe0e523192aadd9880d9f7cce41294e8701fe00d9a39fc6677afc,false,Execution,none,raw Computer/IpAddress/User fields,
2021-01-19T13:22:39.783+0000,2021-01-19T13:22:39.783+0000,10,Microsoft-Windows-Sysmon/Operational,ict3214:attack_trace,PS-HOST-01,,,,,,,C:\Windows\system32\svchost.exe,C:\Windows\system32\svchost.exe,0x1400,,,,,,,{E983936C-B38F-6006-0C00-00000000A301},592,{E983936C-B390-6006-1500-00000000A301},1492,,T1059.001,PowerShell,Execution,TRACE-PS-01,powershell,https://raw.githubusercontent.com/splunk/attack_data/master/datasets/attack_techniques/T1059.001/encoded_powershell/windows-sysmon.log,e72ffa0f8952666596a7187c13326850f3885ab0e9233a3051a0eb314dbfd275,false,Execution,none,raw Computer/IpAddress/User fields,
2021-01-19T13:23:00.616+0000,2021-01-19T13:23:00.616+0000,10,Microsoft-Windows-Sysmon/Operational,ict3214:attack_trace,PS-HOST-01,,,,,,,C:\Windows\system32\services.exe,C:\Windows\system32\lsass.exe,0x1000,,,,,,,{E983936C-B38D-6006-0B00-00000000A301},852,{E983936C-B38D-6006-0A00-00000000A301},844,,T1059.001,PowerShell,Execution,TRACE-PS-01,powershell,https://raw.githubusercontent.com/splunk/attack_data/master/datasets/attack_techniques/T1059.001/encoded_powershell/windows-sysmon.log,24b7e255c4ff86e28ab2066361768b5b84b8cca7b52e617d67dfe34ca43f5f56,false,Execution,none,raw Computer/IpAddress/User fields,
2021-01-19T13:23:00.616+0000,2021-01-19T13:23:00.616+0000,10,Microsoft-Windows-Sysmon/Operational,ict3214:attack_trace,PS-HOST-01,,,,,,,C:\Windows\system32\lsass.exe,C:\Windows\system32\svchost.exe,0x1400,,,,,,,{E983936C-B38F-6006-0C00-00000000A301},592,{E983936C-B38D-6006-0B00-00000000A301},852,,T1059.001,PowerShell,Execution,TRACE-PS-01,powershell,https://raw.githubusercontent.com/splunk/attack_data/master/datasets/attack_techniques/T1059.001/encoded_powershell/windows-sysmon.log,2ee699b8a1ed3d537039331b94c3f8b3f1a83769a7571ae8ad6520c35042e5a3,false,Execution,none,raw Computer/IpAddress/User fields,
2021-01-19T13:23:00.616+0000,2021-01-19T13:23:00.616+0000,10,Microsoft-Windows-Sysmon/Operational,ict3214:attack_trace,PS-HOST-01,,,,,,,C:\Windows\system32\lsass.exe,C:\Windows\system32\svchost.exe,0x1400,,,,,,,{E983936C-B38F-6006-0C00-00000000A301},592,{E983936C-B38D-6006-0B00-00000000A301},852,,T1059.001,PowerShell,Execution,TRACE-PS-01,powershell,https://raw.githubusercontent.com/splunk/attack_data/master/datasets/attack_techniques/T1059.001/encoded_powershell/windows-sysmon.log,f3ddfbb764d38dc0c134ed361c69e7452a99c889fedcf328fa20dcffd673331a,false,Execution,none,raw Computer/IpAddress/User fields,
2021-01-19T13:23:19.051+0000,2021-01-19T13:23:19.051+0000,10,Microsoft-Windows-Sysmon/Operational,ict3214:attack_trace,PS-HOST-01,,,,,,,C:\Program Files\SplunkUniversalForwarder\bin\splunk-netmon.exe,C:\Program Files\SplunkUniversalForwarder\bin\splunkd.exe,0x1fffff,,,,,,,{E983936C-B438-6006-B400-00000000A301},4412,{E983936C-DD47-6006-7B09-00000000A301},7360,,T1059.001,PowerShell,Execution,TRACE-PS-01,powershell,https://raw.githubusercontent.com/splunk/attack_data/master/datasets/attack_techniques/T1059.001/encoded_powershell/windows-sysmon.log,921b990b6a85dfd575236e20ed390725fdb3c1cb384386b65263a067e492d4f2,false,Execution,none,raw Computer/IpAddress/User fields,
2021-01-19T13:23:19.051+0000,2021-01-19T13:23:19.051+0000,1,Microsoft-Windows-Sysmon/Operational,ict3214:attack_trace,PS-HOST-01,,,NT AUTHORITY\SYSTEM,C:\Program Files\SplunkUniversalForwarder\bin\splunk-netmon.exe,C:\Program Files\SplunkUniversalForwarder\bin\splunkd.exe,"""C:\Program Files\SplunkUniversalForwarder\bin\splunk-netmon.exe""",,,,,,,,{E983936C-DD47-6006-7B09-00000000A301},7360,,,,,,T1059.001,PowerShell,Execution,TRACE-PS-01,powershell,https://raw.githubusercontent.com/splunk/attack_data/master/datasets/attack_techniques/T1059.001/encoded_powershell/windows-sysmon.log,f1f8f589a4fb92b5abfc2e1449d089cd0ed800ae7f41f2cba115d41758e445fe,false,Execution,none,raw Computer/IpAddress/User fields,{E983936C-B438-6006-B400-00000000A301}
2021-01-19T13:23:19.052+0000,2021-01-19T13:23:19.052+0000,10,Microsoft-Windows-Sysmon/Operational,ict3214:attack_trace,PS-HOST-01,,,,,,,C:\Windows\sysmon64.exe,C:\Windows\system32\svchost.exe,0x1400,,,,,,,{E983936C-B38F-6006-0C00-00000000A301},592,{E983936C-B3A0-6006-3100-00000000A301},2052,,T1059.001,PowerShell,Execution,TRACE-PS-01,powershell,https://raw.githubusercontent.com/splunk/attack_data/master/datasets/attack_techniques/T1059.001/encoded_powershell/windows-sysmon.log,62f1f0b14baa967a1abdfc9dfe358195f428e6f59baaff41a7aba07d9a80fe14,false,Execution,none,raw Computer/IpAddress/User fields,
2021-01-19T13:23:19.052+0000,2021-01-19T13:23:19.052+0000,10,Microsoft-Windows-Sysmon/Operational,ict3214:attack_trace,PS-HOST-01,,,,,,,C:\Windows\sysmon64.exe,C:\Windows\system32\svchost.exe,0x1400,,,,,,,{E983936C-B38F-6006-0C00-00000000A301},592,{E983936C-B3A0-6006-3100-00000000A301},2052,,T1059.001,PowerShell,Execution,TRACE-PS-01,powershell,https://raw.githubusercontent.com/splunk/attack_data/master/datasets/attack_techniques/T1059.001/encoded_powershell/windows-sysmon.log,7f2b3333564d73656b0f2cebe02a89064a8e83d9d7e209c2b97421694cb2e4f5,false,Execution,none,raw Computer/IpAddress/User fields,
2021-01-19T13:23:19.052+0000,2021-01-19T13:23:19.052+0000,10,Microsoft-Windows-Sysmon/Operational,ict3214:attack_trace,PS-HOST-01,,,,,,,C:\Windows\sysmon64.exe,C:\Windows\system32\svchost.exe,0x1400,,,,,,,{E983936C-B38F-6006-0C00-00000000A301},592,{E983936C-B3A0-6006-3100-00000000A301},2052,,T1059.001,PowerShell,Execution,TRACE-PS-01,powershell,https://raw.githubusercontent.com/splunk/attack_data/master/datasets/attack_techniques/T1059.001/encoded_powershell/windows-sysmon.log,b4c9b4b9c6b37c925fd39fcddaf2f7d030a0ee65b404a3481b67df60792ec8f1,false,Execution,none,raw Computer/IpAddress/User fields,
2021-01-19T13:23:19.052+0000,2021-01-19T13:23:19.052+0000,10,Microsoft-Windows-Sysmon/Operational,ict3214:attack_trace,PS-HOST-01,,,,,,,C:\Program Files\SplunkUniversalForwarder\bin\splunk-netmon.exe,C:\Windows\system32\csrss.exe,0x1fffff,,,,,,,{E983936C-B38D-6006-0500-00000000A301},636,{E983936C-DD47-6006-7B09-00000000A301},7360,,T1059.001,PowerShell,Execution,TRACE-PS-01,powershell,https://raw.githubusercontent.com/splunk/attack_data/master/datasets/attack_techniques/T1059.001/encoded_powershell/windows-sysmon.log,d90ac9a19f6f357635deecfde3bfffe73c4838f7dafa594afd91e8bb7ef6e90a,false,Execution,none,raw Computer/IpAddress/User fields,
2021-01-19T13:23:19.052+0000,2021-01-19T13:23:19.052+0000,10,Microsoft-Windows-Sysmon/Operational,ict3214:attack_trace,PS-HOST-01,,,,,,,C:\Windows\sysmon64.exe,C:\Windows\system32\svchost.exe,0x1400,,,,,,,{E983936C-B38F-6006-0C00-00000000A301},592,{E983936C-B3A0-6006-3100-00000000A301},2052,,T1059.001,PowerShell,Execution,TRACE-PS-01,powershell,https://raw.githubusercontent.com/splunk/attack_data/master/datasets/attack_techniques/T1059.001/encoded_powershell/windows-sysmon.log,fc2f24a9f498c0f5a894527d1e070bb66f1c756148527b2de705ea2aa4f6e5f3,false,Execution,none,raw Computer/IpAddress/User fields,
2021-01-19T13:23:19.053+0000,2021-01-19T13:23:19.053+0000,10,Microsoft-Windows-Sysmon/Operational,ict3214:attack_trace,PS-HOST-01,,,,,,,C:\Program Files\SplunkUniversalForwarder\bin\splunk-netmon.exe,C:\Windows\system32\conhost.exe,0x1fffff,,,,,,,{E983936C-B439-6006-B800-00000000A301},4284,{E983936C-DD47-6006-7B09-00000000A301},7360,,T1059.001,PowerShell,Execution,TRACE-PS-01,powershell,https://raw.githubusercontent.com/splunk/attack_data/master/datasets/attack_techniques/T1059.001/encoded_powershell/windows-sysmon.log,de40cd2d90670e85c00b4c7380a13da28341e7fc11dcceb2d142a89d4e4516df,false,Execution,none,raw Computer/IpAddress/User fields,
2021-01-19T13:23:19.694+0000,2021-01-19T13:23:19.694+0000,10,Microsoft-Windows-Sysmon/Operational,ict3214:attack_trace,PS-HOST-01,,,,,,,System,C:\Windows\system32\lsass.exe,0x1000,,,,,,,{E983936C-B38D-6006-0B00-00000000A301},852,{E983936C-B38B-6006-0100-00000000A301},4,,T1059.001,PowerShell,Execution,TRACE-PS-01,powershell,https://raw.githubusercontent.com/splunk/attack_data/master/datasets/attack_techniques/T1059.001/encoded_powershell/windows-sysmon.log,933b086732637c69038705c7ebc752abb8a888a874c151697438ead4638c32e5,false,Execution,none,raw Computer/IpAddress/User fields,
2021-01-19T13:23:19.723+0000,2021-01-19T13:23:19.723+0000,1,Microsoft-Windows-Sysmon/Operational,ict3214:attack_trace,PS-HOST-01,,,NT AUTHORITY\SYSTEM,C:\Program Files\SplunkUniversalForwarder\bin\splunk-powershell.exe,C:\Program Files\SplunkUniversalForwarder\bin\splunkd.exe,"""C:\Program Files\SplunkUniversalForwarder\bin\splunk-powershell.exe""",,,,,,,,{E983936C-DD47-6006-7C09-00000000A301},4804,,,,,,T1059.001,PowerShell,Execution,TRACE-PS-01,powershell,https://raw.githubusercontent.com/splunk/attack_data/master/datasets/attack_techniques/T1059.001/encoded_powershell/windows-sysmon.log,7be9ceeb7eb4d2f4db9afb7be6de1306d623e5903b75b4b29f2bc866d50d04f3,false,Execution,none,raw Computer/IpAddress/User fields,{E983936C-B438-6006-B400-00000000A301}
2021-01-19T13:23:19.723+0000,2021-01-19T13:23:19.723+0000,10,Microsoft-Windows-Sysmon/Operational,ict3214:attack_trace,PS-HOST-01,,,,,,,C:\Program Files\SplunkUniversalForwarder\bin\splunk-powershell.exe,C:\Program Files\SplunkUniversalForwarder\bin\splunkd.exe,0x1fffff,,,,,,,{E983936C-B438-6006-B400-00000000A301},4412,{E983936C-DD47-6006-7C09-00000000A301},4804,,T1059.001,PowerShell,Execution,TRACE-PS-01,powershell,https://raw.githubusercontent.com/splunk/attack_data/master/datasets/attack_techniques/T1059.001/encoded_powershell/windows-sysmon.log,e001b4d42c5a785d6e2d41c1fea66055d4f74105768c9dd6ed5732d8deffba42,false,Execution,none,raw Computer/IpAddress/User fields,
2021-01-19T13:23:19.724+0000,2021-01-19T13:23:19.724+0000,10,Microsoft-Windows-Sysmon/Operational,ict3214:attack_trace,PS-HOST-01,,,,,,,C:\Windows\sysmon64.exe,C:\Windows\system32\svchost.exe,0x1400,,,,,,,{E983936C-B38F-6006-0C00-00000000A301},592,{E983936C-B3A0-6006-3100-00000000A301},2052,,T1059.001,PowerShell,Execution,TRACE-PS-01,powershell,https://raw.githubusercontent.com/splunk/attack_data/master/datasets/attack_techniques/T1059.001/encoded_powershell/windows-sysmon.log,4cdda90fedf201bd80bd233021436199685e13aeb582dd6ee03bf227345c669f,false,Execution,none,raw Computer/IpAddress/User fields,
2021-01-19T13:23:19.724+0000,2021-01-19T13:23:19.724+0000,10,Microsoft-Windows-Sysmon/Operational,ict3214:attack_trace,PS-HOST-01,,,,,,,C:\Windows\sysmon64.exe,C:\Windows\system32\svchost.exe,0x1400,,,,,,,{E983936C-B38F-6006-0C00-00000000A301},592,{E983936C-B3A0-6006-3100-00000000A301},2052,,T1059.001,PowerShell,Execution,TRACE-PS-01,powershell,https://raw.githubusercontent.com/splunk/attack_data/master/datasets/attack_techniques/T1059.001/encoded_powershell/windows-sysmon.log,64835ef59cf0a26ddc872bbe5f3fc4d229fea3bedd4f6a396065fa06f454f1ba,false,Execution,none,raw Computer/IpAddress/User fields,
2021-01-19T13:23:19.724+0000,2021-01-19T13:23:19.724+0000,10,Microsoft-Windows-Sysmon/Operational,ict3214:attack_trace,PS-HOST-01,,,,,,,C:\Windows\sysmon64.exe,C:\Windows\system32\svchost.exe,0x1400,,,,,,,{E983936C-B38F-6006-0C00-00000000A301},592,{E983936C-B3A0-6006-3100-00000000A301},2052,,T1059.001,PowerShell,Execution,TRACE-PS-01,powershell,https://raw.githubusercontent.com/splunk/attack_data/master/datasets/attack_techniques/T1059.001/encoded_powershell/windows-sysmon.log,7ccc2a4347f47cf1639995bdbbb2beec921e998a2ff59f1db2576516ca3656a9,false,Execution,none,raw Computer/IpAddress/User fields,
2021-01-19T13:23:19.724+0000,2021-01-19T13:23:19.724+0000,10,Microsoft-Windows-Sysmon/Operational,ict3214:attack_trace,PS-HOST-01,,,,,,,C:\Windows\sysmon64.exe,C:\Windows\system32\svchost.exe,0x1400,,,,,,,{E983936C-B38F-6006-0C00-00000000A301},592,{E983936C-B3A0-6006-3100-00000000A301},2052,,T1059.001,PowerShell,Execution,TRACE-PS-01,powershell,https://raw.githubusercontent.com/splunk/attack_data/master/datasets/attack_techniques/T1059.001/encoded_powershell/windows-sysmon.log,8168c30da6d86c617627a45a0068ae598e100b76b7a29f03f6d63bbb007d99de,false,Execution,none,raw Computer/IpAddress/User fields,
2021-01-19T13:23:19.724+0000,2021-01-19T13:23:19.724+0000,10,Microsoft-Windows-Sysmon/Operational,ict3214:attack_trace,PS-HOST-01,,,,,,,C:\Program Files\SplunkUniversalForwarder\bin\splunk-powershell.exe,C:\Windows\system32\csrss.exe,0x1fffff,,,,,,,{E983936C-B38D-6006-0500-00000000A301},636,{E983936C-DD47-6006-7C09-00000000A301},4804,,T1059.001,PowerShell,Execution,TRACE-PS-01,powershell,https://raw.githubusercontent.com/splunk/attack_data/master/datasets/attack_techniques/T1059.001/encoded_powershell/windows-sysmon.log,a3fa1c42c42fb7049a83820bc9024f4356a0ed01aeb1b2cfb481a69535df3965,false,Execution,none,raw Computer/IpAddress/User fields,
2021-01-19T13:23:19.725+0000,2021-01-19T13:23:19.725+0000,10,Microsoft-Windows-Sysmon/Operational,ict3214:attack_trace,PS-HOST-01,,,,,,,C:\Program Files\SplunkUniversalForwarder\bin\splunk-powershell.exe,C:\Windows\system32\conhost.exe,0x1fffff,,,,,,,{E983936C-B439-6006-B800-00000000A301},4284,{E983936C-DD47-6006-7C09-00000000A301},4804,,T1059.001,PowerShell,Execution,TRACE-PS-01,powershell,https://raw.githubusercontent.com/splunk/attack_data/master/datasets/attack_techniques/T1059.001/encoded_powershell/windows-sysmon.log,c653919911ef06273741c36c3e269381909d2e98de75ee05fb18c6ba8a890a8d,false,Execution,none,raw Computer/IpAddress/User fields,
2021-01-19T13:23:19.875+0000,2021-01-19T13:23:19.875+0000,10,Microsoft-Windows-Sysmon/Operational,ict3214:attack_trace,PS-HOST-01,,,,,,,C:\Program Files\SplunkUniversalForwarder\bin\splunkd.exe,C:\Program Files\SplunkUniversalForwarder\bin\splunk-powershell.exe,0x101400,,,,,,,{E983936C-DD47-6006-7C09-00000000A301},4804,{E983936C-B438-6006-B400-00000000A301},4412,,T1059.001,PowerShell,Execution,TRACE-PS-01,powershell,https://raw.githubusercontent.com/splunk/attack_data/master/datasets/attack_techniques/T1059.001/encoded_powershell/windows-sysmon.log,21ab8481c88b9c70e73c5a3d40709b82b1879e0c61f3a27a0005fbcd98b02881,false,Execution,none,raw Computer/IpAddress/User fields,
2021-01-19T13:23:20.255+0000,2021-01-19T13:23:20.255+0000,10,Microsoft-Windows-Sysmon/Operational,ict3214:attack_trace,PS-HOST-01,,,,,,,C:\Windows\sysmon64.exe,C:\Windows\system32\svchost.exe,0x1400,,,,,,,{E983936C-B38F-6006-0C00-00000000A301},592,{E983936C-B3A0-6006-3100-00000000A301},2052,,T1059.001,PowerShell,Execution,TRACE-PS-01,powershell,https://raw.githubusercontent.com/splunk/attack_data/master/datasets/attack_techniques/T1059.001/encoded_powershell/windows-sysmon.log,307004fd8dc18d7b7414129f3294dfea3726578a2e8b277baff98fbee9bd61e3,false,Execution,none,raw Computer/IpAddress/User fields,
2021-01-19T13:23:20.255+0000,2021-01-19T13:23:20.255+0000,10,Microsoft-Windows-Sysmon/Operational,ict3214:attack_trace,PS-HOST-01,,,,,,,C:\Program Files\SplunkUniversalForwarder\bin\splunk-powershell.exe,C:\Windows\system32\csrss.exe,0x1fffff,,,,,,,{E983936C-B38D-6006-0500-00000000A301},636,{E983936C-DD48-6006-7D09-00000000A301},2420,,T1059.001,PowerShell,Execution,TRACE-PS-01,powershell,https://raw.githubusercontent.com/splunk/attack_data/master/datasets/attack_techniques/T1059.001/encoded_powershell/windows-sysmon.log,644aa8dbefcbba959a74cf9cd879017426e3fb1be74c41206a20c212b975c91f,false,Execution,none,raw Computer/IpAddress/User fields,
2021-01-19T13:23:20.255+0000,2021-01-19T13:23:20.255+0000,10,Microsoft-Windows-Sysmon/Operational,ict3214:attack_trace,PS-HOST-01,,,,,,,C:\Windows\sysmon64.exe,C:\Windows\system32\svchost.exe,0x1400,,,,,,,{E983936C-B38F-6006-0C00-00000000A301},592,{E983936C-B3A0-6006-3100-00000000A301},2052,,T1059.001,PowerShell,Execution,TRACE-PS-01,powershell,https://raw.githubusercontent.com/splunk/attack_data/master/datasets/attack_techniques/T1059.001/encoded_powershell/windows-sysmon.log,7e3b71c2d3666f040b547c982209ac25ee996ff637d3368f66ebf17830592d4f,false,Execution,none,raw Computer/IpAddress/User fields,
2021-01-19T13:23:20.255+0000,2021-01-19T13:23:20.255+0000,10,Microsoft-Windows-Sysmon/Operational,ict3214:attack_trace,PS-HOST-01,,,,,,,C:\Windows\sysmon64.exe,C:\Windows\system32\svchost.exe,0x1400,,,,,,,{E983936C-B38F-6006-0C00-00000000A301},592,{E983936C-B3A0-6006-3100-00000000A301},2052,,T1059.001,PowerShell,Execution,TRACE-PS-01,powershell,https://raw.githubusercontent.com/splunk/attack_data/master/datasets/attack_techniques/T1059.001/encoded_powershell/windows-sysmon.log,90b2503d6dab9a8663f6352283ede61984e2238c754d45439680d9f687778286,false,Execution,none,raw Computer/IpAddress/User fields,
2021-01-19T13:23:20.255+0000,2021-01-19T13:23:20.255+0000,10,Microsoft-Windows-Sysmon/Operational,ict3214:attack_trace,PS-HOST-01,,,,,,,C:\Windows\sysmon64.exe,C:\Windows\system32\svchost.exe,0x1400,,,,,,,{E983936C-B38F-6006-0C00-00000000A301},592,{E983936C-B3A0-6006-3100-00000000A301},2052,,T1059.001,PowerShell,Execution,TRACE-PS-01,powershell,https://raw.githubusercontent.com/splunk/attack_data/master/datasets/attack_techniques/T1059.001/encoded_powershell/windows-sysmon.log,b1a0e2c4d3b59a90396a216851597266838a3cf9ae21c98cbe09f00055917d5b,false,Execution,none,raw Computer/IpAddress/User fields,
2021-01-19T13:23:20.255+0000,2021-01-19T13:23:20.255+0000,10,Microsoft-Windows-Sysmon/Operational,ict3214:attack_trace,PS-HOST-01,,,,,,,C:\Program Files\SplunkUniversalForwarder\bin\splunk-powershell.exe,C:\Program Files\SplunkUniversalForwarder\bin\splunkd.exe,0x1fffff,,,,,,,{E983936C-B438-6006-B400-00000000A301},4412,{E983936C-DD48-6006-7D09-00000000A301},2420,,T1059.001,PowerShell,Execution,TRACE-PS-01,powershell,https://raw.githubusercontent.com/splunk/attack_data/master/datasets/attack_techniques/T1059.001/encoded_powershell/windows-sysmon.log,d3cb25cae632d1dc07d5cdc9dc600ecea6bfbb389b167dd1514bbd130be75c0b,false,Execution,none,raw Computer/IpAddress/User fields,
2021-01-19T13:23:20.255+0000,2021-01-19T13:23:20.255+0000,1,Microsoft-Windows-Sysmon/Operational,ict3214:attack_trace,PS-HOST-01,,,NT AUTHORITY\SYSTEM,C:\Program Files\SplunkUniversalForwarder\bin\splunk-powershell.exe,C:\Program Files\SplunkUniversalForwarder\bin\splunkd.exe,"""C:\Program Files\SplunkUniversalForwarder\bin\splunk-powershell.exe"" --ps2",,,,,,,,{E983936C-DD48-6006-7D09-00000000A301},2420,,,,,,T1059.001,PowerShell,Execution,TRACE-PS-01,powershell,https://raw.githubusercontent.com/splunk/attack_data/master/datasets/attack_techniques/T1059.001/encoded_powershell/windows-sysmon.log,ee89ab97f991819c83e35054921cf30060e294e17f3fc3a4317f33c3d6c018a0,false,Execution,none,raw Computer/IpAddress/User fields,{E983936C-B438-6006-B400-00000000A301}
2021-01-19T13:23:20.256+0000,2021-01-19T13:23:20.256+0000,10,Microsoft-Windows-Sysmon/Operational,ict3214:attack_trace,PS-HOST-01,,,,,,,C:\Program Files\SplunkUniversalForwarder\bin\splunk-powershell.exe,C:\Windows\system32\conhost.exe,0x1fffff,,,,,,,{E983936C-B439-6006-B800-00000000A301},4284,{E983936C-DD48-6006-7D09-00000000A301},2420,,T1059.001,PowerShell,Execution,TRACE-PS-01,powershell,https://raw.githubusercontent.com/splunk/attack_data/master/datasets/attack_techniques/T1059.001/encoded_powershell/windows-sysmon.log,f862980d748c248fdee087eee6017ce2382d26cc6de123d1cabfca9f57e3c2de,false,Execution,none,raw Computer/IpAddress/User fields,
2021-01-19T13:23:20.404+0000,2021-01-19T13:23:20.404+0000,10,Microsoft-Windows-Sysmon/Operational,ict3214:attack_trace,PS-HOST-01,,,,,,,C:\Program Files\SplunkUniversalForwarder\bin\splunkd.exe,C:\Program Files\SplunkUniversalForwarder\bin\splunk-powershell.exe,0x101400,,,,,,,{E983936C-DD48-6006-7D09-00000000A301},2420,{E983936C-B438-6006-B400-00000000A301},4412,,T1059.001,PowerShell,Execution,TRACE-PS-01,powershell,https://raw.githubusercontent.com/splunk/attack_data/master/datasets/attack_techniques/T1059.001/encoded_powershell/windows-sysmon.log,b73d5d7961fbfd352eba8760b2b60e9412beb814c1eb5d1e56a04c4950089b09,false,Execution,none,raw Computer/IpAddress/User fields,
2021-01-19T13:23:20.880+0000,2021-01-19T13:23:20.880+0000,10,Microsoft-Windows-Sysmon/Operational,ict3214:attack_trace,PS-HOST-01,,,,,,,C:\Program Files\SplunkUniversalForwarder\bin\splunk-regmon.exe,C:\Program Files\SplunkUniversalForwarder\bin\splunkd.exe,0x1fffff,,,,,,,{E983936C-B438-6006-B400-00000000A301},4412,{E983936C-DD48-6006-7E09-00000000A301},7164,,T1059.001,PowerShell,Execution,TRACE-PS-01,powershell,https://raw.githubusercontent.com/splunk/attack_data/master/datasets/attack_techniques/T1059.001/encoded_powershell/windows-sysmon.log,178b61836a674976a0418b984467c71ffe331fff12d7b3ec50f2474fdf6e94bc,false,Execution,none,raw Computer/IpAddress/User fields,
2021-01-19T13:23:20.880+0000,2021-01-19T13:23:20.880+0000,1,Microsoft-Windows-Sysmon/Operational,ict3214:attack_trace,PS-HOST-01,,,NT AUTHORITY\SYSTEM,C:\Program Files\SplunkUniversalForwarder\bin\splunk-regmon.exe,C:\Program Files\SplunkUniversalForwarder\bin\splunkd.exe,"""C:\Program Files\SplunkUniversalForwarder\bin\splunk-regmon.exe""",,,,,,,,{E983936C-DD48-6006-7E09-00000000A301},7164,,,,,,T1059.001,PowerShell,Execution,TRACE-PS-01,powershell,https://raw.githubusercontent.com/splunk/attack_data/master/datasets/attack_techniques/T1059.001/encoded_powershell/windows-sysmon.log,2f1b8058c6026eefe29791c923366d4e77b87f7720156718a1539e0d566027b1,false,Execution,none,raw Computer/IpAddress/User fields,{E983936C-B438-6006-B400-00000000A301}
2021-01-19T13:23:20.880+0000,2021-01-19T13:23:20.880+0000,10,Microsoft-Windows-Sysmon/Operational,ict3214:attack_trace,PS-HOST-01,,,,,,,C:\Program Files\SplunkUniversalForwarder\bin\splunk-regmon.exe,C:\Windows\system32\csrss.exe,0x1fffff,,,,,,,{E983936C-B38D-6006-0500-00000000A301},636,{E983936C-DD48-6006-7E09-00000000A301},7164,,T1059.001,PowerShell,Execution,TRACE-PS-01,powershell,https://raw.githubusercontent.com/splunk/attack_data/master/datasets/attack_techniques/T1059.001/encoded_powershell/windows-sysmon.log,4567c5ce1f5414c441de5d62bc861d14bcfb370d26da3078c6d662d204367e4b,false,Execution,none,raw Computer/IpAddress/User fields,
2021-01-19T13:23:20.880+0000,2021-01-19T13:23:20.880+0000,10,Microsoft-Windows-Sysmon/Operational,ict3214:attack_trace,PS-HOST-01,,,,,,,C:\Windows\sysmon64.exe,C:\Windows\system32\svchost.exe,0x1400,,,,,,,{E983936C-B38F-6006-0C00-00000000A301},592,{E983936C-B3A0-6006-3100-00000000A301},2052,,T1059.001,PowerShell,Execution,TRACE-PS-01,powershell,https://raw.githubusercontent.com/splunk/attack_data/master/datasets/attack_techniques/T1059.001/encoded_powershell/windows-sysmon.log,b626003f3512dabbd48a26aafe55bb1a8577e37f4536791de43868175f5b6032,false,Execution,none,raw Computer/IpAddress/User fields,
2021-01-19T13:23:20.880+0000,2021-01-19T13:23:20.880+0000,10,Microsoft-Windows-Sysmon/Operational,ict3214:attack_trace,PS-HOST-01,,,,,,,C:\Windows\sysmon64.exe,C:\Windows\system32\svchost.exe,0x1400,,,,,,,{E983936C-B38F-6006-0C00-00000000A301},592,{E983936C-B3A0-6006-3100-00000000A301},2052,,T1059.001,PowerShell,Execution,TRACE-PS-01,powershell,https://raw.githubusercontent.com/splunk/attack_data/master/datasets/attack_techniques/T1059.001/encoded_powershell/windows-sysmon.log,bb510174287eec4c048760b18e57fe4a2f04b6ebf0f3c3c6c6ea218aa993fab5,false,Execution,none,raw Computer/IpAddress/User fields,
2021-01-19T13:23:20.880+0000,2021-01-19T13:23:20.880+0000,10,Microsoft-Windows-Sysmon/Operational,ict3214:attack_trace,PS-HOST-01,,,,,,,C:\Windows\sysmon64.exe,C:\Windows\system32\svchost.exe,0x1400,,,,,,,{E983936C-B38F-6006-0C00-00000000A301},592,{E983936C-B3A0-6006-3100-00000000A301},2052,,T1059.001,PowerShell,Execution,TRACE-PS-01,powershell,https://raw.githubusercontent.com/splunk/attack_data/master/datasets/attack_techniques/T1059.001/encoded_powershell/windows-sysmon.log,d871709ed4badd2cead1fc3ab2a76841f5639dae2a31a3397654c09b14671bcd,false,Execution,none,raw Computer/IpAddress/User fields,
2021-01-19T13:23:20.881+0000,2021-01-19T13:23:20.881+0000,10,Microsoft-Windows-Sysmon/Operational,ict3214:attack_trace,PS-HOST-01,,,,,,,C:\Windows\sysmon64.exe,C:\Windows\system32\svchost.exe,0x1400,,,,,,,{E983936C-B38F-6006-0C00-00000000A301},592,{E983936C-B3A0-6006-3100-00000000A301},2052,,T1059.001,PowerShell,Execution,TRACE-PS-01,powershell,https://raw.githubusercontent.com/splunk/attack_data/master/datasets/attack_techniques/T1059.001/encoded_powershell/windows-sysmon.log,5218f06c17b647cbba12f7e1af1dc61d931de7b18cb6508d65f8fa1cb6d83c80,false,Execution,none,raw Computer/IpAddress/User fields,
2021-01-19T13:23:20.881+0000,2021-01-19T13:23:20.881+0000,10,Microsoft-Windows-Sysmon/Operational,ict3214:attack_trace,PS-HOST-01,,,,,,,C:\Program Files\SplunkUniversalForwarder\bin\splunk-regmon.exe,C:\Windows\system32\conhost.exe,0x1fffff,,,,,,,{E983936C-B439-6006-B800-00000000A301},4284,{E983936C-DD48-6006-7E09-00000000A301},7164,,T1059.001,PowerShell,Execution,TRACE-PS-01,powershell,https://raw.githubusercontent.com/splunk/attack_data/master/datasets/attack_techniques/T1059.001/encoded_powershell/windows-sysmon.log,f2d0a4ef8fe4ee8e9c4f2f0195cae110b12531bd672326ce4bc348f2d477739c,false,Execution,none,raw Computer/IpAddress/User fields,
2021-01-19T13:23:21.038+0000,2021-01-19T13:23:21.038+0000,10,Microsoft-Windows-Sysmon/Operational,ict3214:attack_trace,PS-HOST-01,,,,,,,C:\Program Files\SplunkUniversalForwarder\bin\splunkd.exe,C:\Program Files\SplunkUniversalForwarder\bin\splunk-regmon.exe,0x101400,,,,,,,{E983936C-DD48-6006-7E09-00000000A301},7164,{E983936C-B438-6006-B400-00000000A301},4412,,T1059.001,PowerShell,Execution,TRACE-PS-01,powershell,https://raw.githubusercontent.com/splunk/attack_data/master/datasets/attack_techniques/T1059.001/encoded_powershell/windows-sysmon.log,9bc9f381c9bc404360fcf4e446db07d455daca721780657cf24be06ce8873fa6,false,Execution,none,raw Computer/IpAddress/User fields,
2021-01-19T13:23:21.505+0000,2021-01-19T13:23:21.505+0000,1,Microsoft-Windows-Sysmon/Operational,ict3214:attack_trace,PS-HOST-01,,,NT AUTHORITY\SYSTEM,C:\Program Files\SplunkUniversalForwarder\bin\splunk-MonitorNoHandle.exe,C:\Program Files\SplunkUniversalForwarder\bin\splunkd.exe,"""C:\Program Files\SplunkUniversalForwarder\bin\splunk-MonitorNoHandle.exe""",,,,,,,,{E983936C-DD49-6006-7F09-00000000A301},2012,,,,,,T1059.001,PowerShell,Execution,TRACE-PS-01,powershell,https://raw.githubusercontent.com/splunk/attack_data/master/datasets/attack_techniques/T1059.001/encoded_powershell/windows-sysmon.log,761eff27841108b6e29882b9e9ffcde59cc002105279f0078d237c8e5b69d5f2,false,Execution,none,raw Computer/IpAddress/User fields,{E983936C-B438-6006-B400-00000000A301}
2021-01-19T13:23:21.505+0000,2021-01-19T13:23:21.505+0000,10,Microsoft-Windows-Sysmon/Operational,ict3214:attack_trace,PS-HOST-01,,,,,,,C:\Program Files\SplunkUniversalForwarder\bin\splunk-MonitorNoHandle.exe,C:\Program Files\SplunkUniversalForwarder\bin\splunkd.exe,0x1fffff,,,,,,,{E983936C-B438-6006-B400-00000000A301},4412,{E983936C-DD49-6006-7F09-00000000A301},2012,,T1059.001,PowerShell,Execution,TRACE-PS-01,powershell,https://raw.githubusercontent.com/splunk/attack_data/master/datasets/attack_techniques/T1059.001/encoded_powershell/windows-sysmon.log,93bfbb51270771058a60d8d9432137150bbd950d580175496316d9299fbc3fd0,false,Execution,none,raw Computer/IpAddress/User fields,
2021-01-19T13:23:21.506+0000,2021-01-19T13:23:21.506+0000,10,Microsoft-Windows-Sysmon/Operational,ict3214:attack_trace,PS-HOST-01,,,,,,,C:\Windows\sysmon64.exe,C:\Windows\system32\svchost.exe,0x1400,,,,,,,{E983936C-B38F-6006-0C00-00000000A301},592,{E983936C-B3A0-6006-3100-00000000A301},2052,,T1059.001,PowerShell,Execution,TRACE-PS-01,powershell,https://raw.githubusercontent.com/splunk/attack_data/master/datasets/attack_techniques/T1059.001/encoded_powershell/windows-sysmon.log,1d0adc6434946e00b57bd721a225a267b9ca69a77328efd4b01a7259061fcabf,false,Execution,none,raw Computer/IpAddress/User fields,
2021-01-19T13:23:21.506+0000,2021-01-19T13:23:21.506+0000,10,Microsoft-Windows-Sysmon/Operational,ict3214:attack_trace,PS-HOST-01,,,,,,,C:\Program Files\SplunkUniversalForwarder\bin\splunk-MonitorNoHandle.exe,C:\Windows\system32\csrss.exe,0x1fffff,,,,,,,{E983936C-B38D-6006-0500-00000000A301},636,{E983936C-DD49-6006-7F09-00000000A301},2012,,T1059.001,PowerShell,Execution,TRACE-PS-01,powershell,https://raw.githubusercontent.com/splunk/attack_data/master/datasets/attack_techniques/T1059.001/encoded_powershell/windows-sysmon.log,42167245af8ac52fe5c09c5b3f7f31cb72eb1aa3ce84431d609569ad3277fa91,false,Execution,none,raw Computer/IpAddress/User fields,
2021-01-19T13:23:21.506+0000,2021-01-19T13:23:21.506+0000,10,Microsoft-Windows-Sysmon/Operational,ict3214:attack_trace,PS-HOST-01,,,,,,,C:\Windows\sysmon64.exe,C:\Windows\system32\svchost.exe,0x1400,,,,,,,{E983936C-B38F-6006-0C00-00000000A301},592,{E983936C-B3A0-6006-3100-00000000A301},2052,,T1059.001,PowerShell,Execution,TRACE-PS-01,powershell,https://raw.githubusercontent.com/splunk/attack_data/master/datasets/attack_techniques/T1059.001/encoded_powershell/windows-sysmon.log,67c3e9e713275d768ba604325e2d8c797d85e5af76bfac7d1f2a436be22c6f6a,false,Execution,none,raw Computer/IpAddress/User fields,
2021-01-19T13:23:21.506+0000,2021-01-19T13:23:21.506+0000,10,Microsoft-Windows-Sysmon/Operational,ict3214:attack_trace,PS-HOST-01,,,,,,,C:\Windows\sysmon64.exe,C:\Windows\system32\svchost.exe,0x1400,,,,,,,{E983936C-B38F-6006-0C00-00000000A301},592,{E983936C-B3A0-6006-3100-00000000A301},2052,,T1059.001,PowerShell,Execution,TRACE-PS-01,powershell,https://raw.githubusercontent.com/splunk/attack_data/master/datasets/attack_techniques/T1059.001/encoded_powershell/windows-sysmon.log,b0101eaba8d993ae532558bc18950dd58876af47ac28ff1589345f4b3dea9020,false,Execution,none,raw Computer/IpAddress/User fields,
2021-01-19T13:23:21.506+0000,2021-01-19T13:23:21.506+0000,10,Microsoft-Windows-Sysmon/Operational,ict3214:attack_trace,PS-HOST-01,,,,,,,C:\Windows\sysmon64.exe,C:\Windows\system32\svchost.exe,0x1400,,,,,,,{E983936C-B38F-6006-0C00-00000000A301},592,{E983936C-B3A0-6006-3100-00000000A301},2052,,T1059.001,PowerShell,Execution,TRACE-PS-01,powershell,https://raw.githubusercontent.com/splunk/attack_data/master/datasets/attack_techniques/T1059.001/encoded_powershell/windows-sysmon.log,c1cc2b4db8f6d73be59c9929b465496016722dd603b7b44dfafe18b071c319c9,false,Execution,none,raw Computer/IpAddress/User fields,
2021-01-19T13:23:21.507+0000,2021-01-19T13:23:21.507+0000,10,Microsoft-Windows-Sysmon/Operational,ict3214:attack_trace,PS-HOST-01,,,,,,,C:\Program Files\SplunkUniversalForwarder\bin\splunk-MonitorNoHandle.exe,C:\Windows\system32\conhost.exe,0x1fffff,,,,,,,{E983936C-B439-6006-B800-00000000A301},4284,{E983936C-DD49-6006-7F09-00000000A301},2012,,T1059.001,PowerShell,Execution,TRACE-PS-01,powershell,https://raw.githubusercontent.com/splunk/attack_data/master/datasets/attack_techniques/T1059.001/encoded_powershell/windows-sysmon.log,d160aba9a98f160fc354cc6ef11da57ba80cf8c7870336c102b842e13b1536e5,false,Execution,none,raw Computer/IpAddress/User fields,
2021-01-19T13:23:22.176+0000,2021-01-19T13:23:22.176+0000,1,Microsoft-Windows-Sysmon/Operational,ict3214:attack_trace,PS-HOST-01,,,NT AUTHORITY\SYSTEM,C:\Program Files\SplunkUniversalForwarder\bin\splunk-admon.exe,C:\Program Files\SplunkUniversalForwarder\bin\splunkd.exe,"""C:\Program Files\SplunkUniversalForwarder\bin\splunk-admon.exe""",,,,,,,,{E983936C-DD4A-6006-8009-00000000A301},6068,,,,,,T1059.001,PowerShell,Execution,TRACE-PS-01,powershell,https://raw.githubusercontent.com/splunk/attack_data/master/datasets/attack_techniques/T1059.001/encoded_powershell/windows-sysmon.log,9ea327e498a271d5798c454973c4c2cee0b73c8d228a0371d645f3b57b9a4563,false,Execution,none,raw Computer/IpAddress/User fields,{E983936C-B438-6006-B400-00000000A301}
2021-01-19T13:23:22.176+0000,2021-01-19T13:23:22.176+0000,10,Microsoft-Windows-Sysmon/Operational,ict3214:attack_trace,PS-HOST-01,,,,,,,C:\Program Files\SplunkUniversalForwarder\bin\splunk-admon.exe,C:\Program Files\SplunkUniversalForwarder\bin\splunkd.exe,0x1fffff,,,,,,,{E983936C-B438-6006-B400-00000000A301},4412,{E983936C-DD4A-6006-8009-00000000A301},6068,,T1059.001,PowerShell,Execution,TRACE-PS-01,powershell,https://raw.githubusercontent.com/splunk/attack_data/master/datasets/attack_techniques/T1059.001/encoded_powershell/windows-sysmon.log,d095273f0761ce079387d2fa93bea65cb818a56e79c3a7180f5cc4cc7edd322f,false,Execution,none,raw Computer/IpAddress/User fields,
2021-01-19T13:23:22.177+0000,2021-01-19T13:23:22.177+0000,10,Microsoft-Windows-Sysmon/Operational,ict3214:attack_trace,PS-HOST-01,,,,,,,C:\Windows\sysmon64.exe,C:\Windows\system32\svchost.exe,0x1400,,,,,,,{E983936C-B38F-6006-0C00-00000000A301},592,{E983936C-B3A0-6006-3100-00000000A301},2052,,T1059.001,PowerShell,Execution,TRACE-PS-01,powershell,https://raw.githubusercontent.com/splunk/attack_data/master/datasets/attack_techniques/T1059.001/encoded_powershell/windows-sysmon.log,15e634a3fdadacf598ea7aaa0a4f52c2307b49881cdf89f0fcb2ce8586721bcb,false,Execution,none,raw Computer/IpAddress/User fields,
2021-01-19T13:23:22.177+0000,2021-01-19T13:23:22.177+0000,10,Microsoft-Windows-Sysmon/Operational,ict3214:attack_trace,PS-HOST-01,,,,,,,C:\Windows\sysmon64.exe,C:\Windows\system32\svchost.exe,0x1400,,,,,,,{E983936C-B38F-6006-0C00-00000000A301},592,{E983936C-B3A0-6006-3100-00000000A301},2052,,T1059.001,PowerShell,Execution,TRACE-PS-01,powershell,https://raw.githubusercontent.com/splunk/attack_data/master/datasets/attack_techniques/T1059.001/encoded_powershell/windows-sysmon.log,8931f0f4e2805a0efff4291141ced01c6d23301229d4792ee748c2fd7c9f139a,false,Execution,none,raw Computer/IpAddress/User fields,
2021-01-19T13:23:22.177+0000,2021-01-19T13:23:22.177+0000,10,Microsoft-Windows-Sysmon/Operational,ict3214:attack_trace,PS-HOST-01,,,,,,,C:\Windows\sysmon64.exe,C:\Windows\system32\svchost.exe,0x1400,,,,,,,{E983936C-B38F-6006-0C00-00000000A301},592,{E983936C-B3A0-6006-3100-00000000A301},2052,,T1059.001,PowerShell,Execution,TRACE-PS-01,powershell,https://raw.githubusercontent.com/splunk/attack_data/master/datasets/attack_techniques/T1059.001/encoded_powershell/windows-sysmon.log,92c0de9511b40454d7d06e00716a3c97a89d2096ee603aa5b7a3f8df95d4e09a,false,Execution,none,raw Computer/IpAddress/User fields,
2021-01-19T13:23:22.177+0000,2021-01-19T13:23:22.177+0000,10,Microsoft-Windows-Sysmon/Operational,ict3214:attack_trace,PS-HOST-01,,,,,,,C:\Windows\sysmon64.exe,C:\Windows\system32\svchost.exe,0x1400,,,,,,,{E983936C-B38F-6006-0C00-00000000A301},592,{E983936C-B3A0-6006-3100-00000000A301},2052,,T1059.001,PowerShell,Execution,TRACE-PS-01,powershell,https://raw.githubusercontent.com/splunk/attack_data/master/datasets/attack_techniques/T1059.001/encoded_powershell/windows-sysmon.log,a87bc446a23bb8ee6e9ec9333fff95c0dd7001fc3dac5ba7bc13afefc3878ee1,false,Execution,none,raw Computer/IpAddress/User fields,
2021-01-19T13:23:22.177+0000,2021-01-19T13:23:22.177+0000,10,Microsoft-Windows-Sysmon/Operational,ict3214:attack_trace,PS-HOST-01,,,,,,,C:\Program Files\SplunkUniversalForwarder\bin\splunk-admon.exe,C:\Windows\system32\csrss.exe,0x1fffff,,,,,,,{E983936C-B38D-6006-0500-00000000A301},636,{E983936C-DD4A-6006-8009-00000000A301},6068,,T1059.001,PowerShell,Execution,TRACE-PS-01,powershell,https://raw.githubusercontent.com/splunk/attack_data/master/datasets/attack_techniques/T1059.001/encoded_powershell/windows-sysmon.log,fdd013aaf12005336ebb6cabb8cb8c0f85ea3879b36554f08ac1ef7ecb1d908b,false,Execution,none,raw Computer/IpAddress/User fields,
2021-01-19T13:23:22.178+0000,2021-01-19T13:23:22.178+0000,10,Microsoft-Windows-Sysmon/Operational,ict3214:attack_trace,PS-HOST-01,,,,,,,C:\Program Files\SplunkUniversalForwarder\bin\splunk-admon.exe,C:\Windows\system32\conhost.exe,0x1fffff,,,,,,,{E983936C-B439-6006-B800-00000000A301},4284,{E983936C-DD4A-6006-8009-00000000A301},6068,,T1059.001,PowerShell,Execution,TRACE-PS-01,powershell,https://raw.githubusercontent.com/splunk/attack_data/master/datasets/attack_techniques/T1059.001/encoded_powershell/windows-sysmon.log,a4424673eaea0182bccb81e4eca8bcc3ef1a815c55d0410f2e55266c6f1406c1,false,Execution,none,raw Computer/IpAddress/User fields,
2021-01-19T13:23:22.325+0000,2021-01-19T13:23:22.325+0000,10,Microsoft-Windows-Sysmon/Operational,ict3214:attack_trace,PS-HOST-01,,,,,,,C:\Program Files\SplunkUniversalForwarder\bin\splunkd.exe,C:\Program Files\SplunkUniversalForwarder\bin\splunk-admon.exe,0x101400,,,,,,,{E983936C-DD4A-6006-8009-00000000A301},6068,{E983936C-B438-6006-B400-00000000A301},4412,,T1059.001,PowerShell,Execution,TRACE-PS-01,powershell,https://raw.githubusercontent.com/splunk/attack_data/master/datasets/attack_techniques/T1059.001/encoded_powershell/windows-sysmon.log,197556af5623969d5391ebcb72aeea16e7e56bc6d6c33ecc19cf28948165104d,false,Execution,none,raw Computer/IpAddress/User fields,
2021-01-19T13:23:22.470+0000,2021-01-19T13:23:22.470+0000,10,Microsoft-Windows-Sysmon/Operational,ict3214:attack_trace,PS-HOST-01,,,,,,,C:\Windows\Explorer.EXE,C:\Windows\system32\svchost.exe,0x1000,,,,,,,{E983936C-B38F-6006-0D00-00000000A301},992,{E983936C-CCDD-6006-4607-00000000A301},5080,,T1059.001,PowerShell,Execution,TRACE-PS-01,powershell,https://raw.githubusercontent.com/splunk/attack_data/master/datasets/attack_techniques/T1059.001/encoded_powershell/windows-sysmon.log,ec77e5fe84fddde152ec8be40fff267cb79f318560b88036c1d825895134ab7b,false,Execution,none,raw Computer/IpAddress/User fields,
2021-01-19T13:23:22.471+0000,2021-01-19T13:23:22.471+0000,10,Microsoft-Windows-Sysmon/Operational,ict3214:attack_trace,PS-HOST-01,,,,,,,C:\Windows\Explorer.EXE,C:\Windows\system32\svchost.exe,0x1000,,,,,,,{E983936C-B38F-6006-0D00-00000000A301},992,{E983936C-CCDD-6006-4607-00000000A301},5080,,T1059.001,PowerShell,Execution,TRACE-PS-01,powershell,https://raw.githubusercontent.com/splunk/attack_data/master/datasets/attack_techniques/T1059.001/encoded_powershell/windows-sysmon.log,074047c5779139b2eb3f1cce8135f1e272cf28a6a0f501cfb469ed1fb353d947,false,Execution,none,raw Computer/IpAddress/User fields,
2021-01-19T13:23:22.471+0000,2021-01-19T13:23:22.471+0000,10,Microsoft-Windows-Sysmon/Operational,ict3214:attack_trace,PS-HOST-01,,,,,,,C:\Windows\Explorer.EXE,C:\Windows\system32\svchost.exe,0x1000,,,,,,,{E983936C-B38F-6006-0D00-00000000A301},992,{E983936C-CCDD-6006-4607-00000000A301},5080,,T1059.001,PowerShell,Execution,TRACE-PS-01,powershell,https://raw.githubusercontent.com/splunk/attack_data/master/datasets/attack_techniques/T1059.001/encoded_powershell/windows-sysmon.log,1819c8fcc115b024cc1f4b47e67919911623a42863644618ba35fe2fda9559e1,false,Execution,none,raw Computer/IpAddress/User fields,
2021-01-19T13:23:22.471+0000,2021-01-19T13:23:22.471+0000,10,Microsoft-Windows-Sysmon/Operational,ict3214:attack_trace,PS-HOST-01,,,,,,,C:\Windows\Explorer.EXE,C:\Windows\system32\svchost.exe,0x1000,,,,,,,{E983936C-B38F-6006-0D00-00000000A301},992,{E983936C-CCDD-6006-4607-00000000A301},5080,,T1059.001,PowerShell,Execution,TRACE-PS-01,powershell,https://raw.githubusercontent.com/splunk/attack_data/master/datasets/attack_techniques/T1059.001/encoded_powershell/windows-sysmon.log,246de162f3c12f833dc85515a5c038c0bf4b4e88d94bdb0498e5a3b0dad031d8,false,Execution,none,raw Computer/IpAddress/User fields,
2021-01-19T13:23:22.471+0000,2021-01-19T13:23:22.471+0000,10,Microsoft-Windows-Sysmon/Operational,ict3214:attack_trace,PS-HOST-01,,,,,,,C:\Windows\SystemApps\Microsoft.Windows.Cortana_cw5n1h2txyewy\SearchUI.exe,C:\Windows\system32\svchost.exe,0x1000,,,,,,,{E983936C-B38F-6006-0D00-00000000A301},992,{E983936C-CCEC-6006-5C07-00000000A301},5768,,T1059.001,PowerShell,Execution,TRACE-PS-01,powershell,https://raw.githubusercontent.com/splunk/attack_data/master/datasets/attack_techniques/T1059.001/encoded_powershell/windows-sysmon.log,2d80a58955ccdae0b5277ad02880f464913ab5e756615b46ae0f0d2774b99343,false,Execution,none,raw Computer/IpAddress/User fields,
2021-01-19T13:23:22.471+0000,2021-01-19T13:23:22.471+0000,10,Microsoft-Windows-Sysmon/Operational,ict3214:attack_trace,PS-HOST-01,,,,,,,C:\Windows\Explorer.EXE,C:\Windows\system32\svchost.exe,0x1000,,,,,,,{E983936C-B38F-6006-0D00-00000000A301},992,{E983936C-CCDD-6006-4607-00000000A301},5080,,T1059.001,PowerShell,Execution,TRACE-PS-01,powershell,https://raw.githubusercontent.com/splunk/attack_data/master/datasets/attack_techniques/T1059.001/encoded_powershell/windows-sysmon.log,371937de891d33098c2f7810bc1426271029a51b83727987ca7756b403e832ba,false,Execution,none,raw Computer/IpAddress/User fields,
2021-01-19T13:23:22.471+0000,2021-01-19T13:23:22.471+0000,10,Microsoft-Windows-Sysmon/Operational,ict3214:attack_trace,PS-HOST-01,,,,,,,C:\Windows\Explorer.EXE,C:\Windows\system32\svchost.exe,0x1000,,,,,,,{E983936C-B38F-6006-0D00-00000000A301},992,{E983936C-CCDD-6006-4607-00000000A301},5080,,T1059.001,PowerShell,Execution,TRACE-PS-01,powershell,https://raw.githubusercontent.com/splunk/attack_data/master/datasets/attack_techniques/T1059.001/encoded_powershell/windows-sysmon.log,3cf980ff90cceb7bb2b4d3f3488fb4879fbdf65b239138d680a07d4d9aa9d535,false,Execution,none,raw Computer/IpAddress/User fields,
2021-01-19T13:23:22.471+0000,2021-01-19T13:23:22.471+0000,10,Microsoft-Windows-Sysmon/Operational,ict3214:attack_trace,PS-HOST-01,,,,,,,C:\Windows\Explorer.EXE,C:\Windows\system32\svchost.exe,0x1000,,,,,,,{E983936C-B38F-6006-0D00-00000000A301},992,{E983936C-CCDD-6006-4607-00000000A301},5080,,T1059.001,PowerShell,Execution,TRACE-PS-01,powershell,https://raw.githubusercontent.com/splunk/attack_data/master/datasets/attack_techniques/T1059.001/encoded_powershell/windows-sysmon.log,40d8725b7c31ef208f7fd80d04a29e13b2392f4a4fbb5727ae6c929e50feacd9,false,Execution,none,raw Computer/IpAddress/User fields,
2021-01-19T13:23:22.471+0000,2021-01-19T13:23:22.471+0000,10,Microsoft-Windows-Sysmon/Operational,ict3214:attack_trace,PS-HOST-01,,,,,,,C:\Windows\Explorer.EXE,C:\Windows\system32\svchost.exe,0x1000,,,,,,,{E983936C-B38F-6006-0D00-00000000A301},992,{E983936C-CCDD-6006-4607-00000000A301},5080,,T1059.001,PowerShell,Execution,TRACE-PS-01,powershell,https://raw.githubusercontent.com/splunk/attack_data/master/datasets/attack_techniques/T1059.001/encoded_powershell/windows-sysmon.log,47d67a721d885dee70eaa0643927169eab302ceccfc5abaef9de7e81bc71917f,false,Execution,none,raw Computer/IpAddress/User fields,
2021-01-19T13:23:22.471+0000,2021-01-19T13:23:22.471+0000,10,Microsoft-Windows-Sysmon/Operational,ict3214:attack_trace,PS-HOST-01,,,,,,,C:\Windows\Explorer.EXE,C:\Windows\system32\svchost.exe,0x1000,,,,,,,{E983936C-B38F-6006-0D00-00000000A301},992,{E983936C-CCDD-6006-4607-00000000A301},5080,,T1059.001,PowerShell,Execution,TRACE-PS-01,powershell,https://raw.githubusercontent.com/splunk/attack_data/master/datasets/attack_techniques/T1059.001/encoded_powershell/windows-sysmon.log,4a793504aa3c2760e3f842c40de219cb5db9078eb279d72156be7f2d7cfe77a5,false,Execution,none,raw Computer/IpAddress/User fields,
2021-01-19T13:23:22.471+0000,2021-01-19T13:23:22.471+0000,10,Microsoft-Windows-Sysmon/Operational,ict3214:attack_trace,PS-HOST-01,,,,,,,C:\Windows\Explorer.EXE,C:\Windows\system32\svchost.exe,0x1000,,,,,,,{E983936C-B38F-6006-0D00-00000000A301},992,{E983936C-CCDD-6006-4607-00000000A301},5080,,T1059.001,PowerShell,Execution,TRACE-PS-01,powershell,https://raw.githubusercontent.com/splunk/attack_data/master/datasets/attack_techniques/T1059.001/encoded_powershell/windows-sysmon.log,76d32d20be83dc3a3bcba531dedde71cfef4e8b294f9175bb3005916323f3051,false,Execution,none,raw Computer/IpAddress/User fields,
2021-01-19T13:23:22.471+0000,2021-01-19T13:23:22.471+0000,10,Microsoft-Windows-Sysmon/Operational,ict3214:attack_trace,PS-HOST-01,,,,,,,C:\Windows\Explorer.EXE,C:\Windows\system32\svchost.exe,0x1000,,,,,,,{E983936C-B38F-6006-0D00-00000000A301},992,{E983936C-CCDD-6006-4607-00000000A301},5080,,T1059.001,PowerShell,Execution,TRACE-PS-01,powershell,https://raw.githubusercontent.com/splunk/attack_data/master/datasets/attack_techniques/T1059.001/encoded_powershell/windows-sysmon.log,7d7d4cab89138542b524c9213944d5969903b425ceff0ee6b4b06aac8cb08a19,false,Execution,none,raw Computer/IpAddress/User fields,
2021-01-19T13:23:22.471+0000,2021-01-19T13:23:22.471+0000,10,Microsoft-Windows-Sysmon/Operational,ict3214:attack_trace,PS-HOST-01,,,,,,,C:\Windows\SystemApps\Microsoft.Windows.Cortana_cw5n1h2txyewy\SearchUI.exe,C:\Windows\system32\svchost.exe,0x1000,,,,,,,{E983936C-B38F-6006-0D00-00000000A301},992,{E983936C-CCEC-6006-5C07-00000000A301},5768,,T1059.001,PowerShell,Execution,TRACE-PS-01,powershell,https://raw.githubusercontent.com/splunk/attack_data/master/datasets/attack_techniques/T1059.001/encoded_powershell/windows-sysmon.log,8d03dbbfcade2088c5977bb761073ae0bdcd6867de0b1d79f79805f9c1d5766b,false,Execution,none,raw Computer/IpAddress/User fields,
2021-01-19T13:23:22.471+0000,2021-01-19T13:23:22.471+0000,10,Microsoft-Windows-Sysmon/Operational,ict3214:attack_trace,PS-HOST-01,,,,,,,C:\Windows\SystemApps\ShellExperienceHost_cw5n1h2txyewy\ShellExperienceHost.exe,C:\Windows\system32\svchost.exe,0x1000,,,,,,,{E983936C-B38F-6006-0D00-00000000A301},992,{E983936C-CCEA-6006-5B07-00000000A301},5624,,T1059.001,PowerShell,Execution,TRACE-PS-01,powershell,https://raw.githubusercontent.com/splunk/attack_data/master/datasets/attack_techniques/T1059.001/encoded_powershell/windows-sysmon.log,ba2a71a9f1657c5bc015ae2c1094ed05e592618d2568cfe35977cf49cefb9528,false,Execution,none,raw Computer/IpAddress/User fields,
2021-01-19T13:23:22.471+0000,2021-01-19T13:23:22.471+0000,10,Microsoft-Windows-Sysmon/Operational,ict3214:attack_trace,PS-HOST-01,,,,,,,C:\Windows\Explorer.EXE,C:\Windows\system32\svchost.exe,0x1000,,,,,,,{E983936C-B38F-6006-0D00-00000000A301},992,{E983936C-CCDD-6006-4607-00000000A301},5080,,T1059.001,PowerShell,Execution,TRACE-PS-01,powershell,https://raw.githubusercontent.com/splunk/attack_data/master/datasets/attack_techniques/T1059.001/encoded_powershell/windows-sysmon.log,bb98c15ea27b7e056908bf76d4c22d3427594888423056c0900a0d3848c9104d,false,Execution,none,raw Computer/IpAddress/User fields,
2021-01-19T13:23:22.471+0000,2021-01-19T13:23:22.471+0000,10,Microsoft-Windows-Sysmon/Operational,ict3214:attack_trace,PS-HOST-01,,,,,,,C:\Windows\Explorer.EXE,C:\Windows\system32\svchost.exe,0x1000,,,,,,,{E983936C-B38F-6006-0D00-00000000A301},992,{E983936C-CCDD-6006-4607-00000000A301},5080,,T1059.001,PowerShell,Execution,TRACE-PS-01,powershell,https://raw.githubusercontent.com/splunk/attack_data/master/datasets/attack_techniques/T1059.001/encoded_powershell/windows-sysmon.log,e3fc2a2cf234ad760e3a6c3d29053b25a69846b31b25112faa69af2a01e8e20a,false,Execution,none,raw Computer/IpAddress/User fields,
2021-01-19T13:23:22.471+0000,2021-01-19T13:23:22.471+0000,10,Microsoft-Windows-Sysmon/Operational,ict3214:attack_trace,PS-HOST-01,,,,,,,C:\Windows\Explorer.EXE,C:\Windows\system32\svchost.exe,0x1000,,,,,,,{E983936C-B38F-6006-0D00-00000000A301},992,{E983936C-CCDD-6006-4607-00000000A301},5080,,T1059.001,PowerShell,Execution,TRACE-PS-01,powershell,https://raw.githubusercontent.com/splunk/attack_data/master/datasets/attack_techniques/T1059.001/encoded_powershell/windows-sysmon.log,ecd28865ed488d4c1a6a1aae7b91e72d7c4c121a9740ccdb75cf07bcca73c791,false,Execution,none,raw Computer/IpAddress/User fields,
2021-01-19T13:23:22.471+0000,2021-01-19T13:23:22.471+0000,10,Microsoft-Windows-Sysmon/Operational,ict3214:attack_trace,PS-HOST-01,,,,,,,C:\Windows\SystemApps\Microsoft.Windows.Cortana_cw5n1h2txyewy\SearchUI.exe,C:\Windows\system32\svchost.exe,0x1000,,,,,,,{E983936C-B38F-6006-0D00-00000000A301},992,{E983936C-CCEC-6006-5C07-00000000A301},5768,,T1059.001,PowerShell,Execution,TRACE-PS-01,powershell,https://raw.githubusercontent.com/splunk/attack_data/master/datasets/attack_techniques/T1059.001/encoded_powershell/windows-sysmon.log,ee3e2b5e21a8c9e5cb46a7634fab905f0301d76d950083477d4cc68766082d3c,false,Execution,none,raw Computer/IpAddress/User fields,
2021-01-19T13:23:22.472+0000,2021-01-19T13:23:22.472+0000,10,Microsoft-Windows-Sysmon/Operational,ict3214:attack_trace,PS-HOST-01,,,,,,,C:\Windows\SystemApps\ShellExperienceHost_cw5n1h2txyewy\ShellExperienceHost.exe,C:\Windows\system32\svchost.exe,0x1000,,,,,,,{E983936C-B38F-6006-0D00-00000000A301},992,{E983936C-CCEA-6006-5B07-00000000A301},5624,,T1059.001,PowerShell,Execution,TRACE-PS-01,powershell,https://raw.githubusercontent.com/splunk/attack_data/master/datasets/attack_techniques/T1059.001/encoded_powershell/windows-sysmon.log,120b07838110c272a918ad10bf6fc19e55859a348aa923120f2bff5a1f401bec,false,Execution,none,raw Computer/IpAddress/User fields,
2021-01-19T13:23:22.472+0000,2021-01-19T13:23:22.472+0000,10,Microsoft-Windows-Sysmon/Operational,ict3214:attack_trace,PS-HOST-01,,,,,,,C:\Windows\SystemApps\ShellExperienceHost_cw5n1h2txyewy\ShellExperienceHost.exe,C:\Windows\system32\svchost.exe,0x1000,,,,,,,{E983936C-B38F-6006-0D00-00000000A301},992,{E983936C-CCEA-6006-5B07-00000000A301},5624,,T1059.001,PowerShell,Execution,TRACE-PS-01,powershell,https://raw.githubusercontent.com/splunk/attack_data/master/datasets/attack_techniques/T1059.001/encoded_powershell/windows-sysmon.log,29f14aacbd2ebdc963000458c47173c7ed1c3927f257a7c36cca6f654a706904,false,Execution,none,raw Computer/IpAddress/User fields,
2021-01-19T13:23:22.472+0000,2021-01-19T13:23:22.472+0000,10,Microsoft-Windows-Sysmon/Operational,ict3214:attack_trace,PS-HOST-01,,,,,,,C:\Windows\SystemApps\ShellExperienceHost_cw5n1h2txyewy\ShellExperienceHost.exe,C:\Windows\system32\svchost.exe,0x1000,,,,,,,{E983936C-B38F-6006-0D00-00000000A301},992,{E983936C-CCEA-6006-5B07-00000000A301},5624,,T1059.001,PowerShell,Execution,TRACE-PS-01,powershell,https://raw.githubusercontent.com/splunk/attack_data/master/datasets/attack_techniques/T1059.001/encoded_powershell/windows-sysmon.log,6110e5ff643cbe356c7d71b6cf65d5bec029e088b16b3347aa78d03182df418e,false,Execution,none,raw Computer/IpAddress/User fields,
2021-01-19T13:23:22.472+0000,2021-01-19T13:23:22.472+0000,10,Microsoft-Windows-Sysmon/Operational,ict3214:attack_trace,PS-HOST-01,,,,,,,C:\Windows\SystemApps\ShellExperienceHost_cw5n1h2txyewy\ShellExperienceHost.exe,C:\Windows\system32\svchost.exe,0x1000,,,,,,,{E983936C-B38F-6006-0D00-00000000A301},992,{E983936C-CCEA-6006-5B07-00000000A301},5624,,T1059.001,PowerShell,Execution,TRACE-PS-01,powershell,https://raw.githubusercontent.com/splunk/attack_data/master/datasets/attack_techniques/T1059.001/encoded_powershell/windows-sysmon.log,68b274f17c9f852845feedda5a2e620037f42e071bafb8bedae15eb40d455912,false,Execution,none,raw Computer/IpAddress/User fields,
2021-01-19T13:23:22.472+0000,2021-01-19T13:23:22.472+0000,10,Microsoft-Windows-Sysmon/Operational,ict3214:attack_trace,PS-HOST-01,,,,,,,C:\Windows\SystemApps\ShellExperienceHost_cw5n1h2txyewy\ShellExperienceHost.exe,C:\Windows\system32\svchost.exe,0x1000,,,,,,,{E983936C-B38F-6006-0D00-00000000A301},992,{E983936C-CCEA-6006-5B07-00000000A301},5624,,T1059.001,PowerShell,Execution,TRACE-PS-01,powershell,https://raw.githubusercontent.com/splunk/attack_data/master/datasets/attack_techniques/T1059.001/encoded_powershell/windows-sysmon.log,7ff9ff80b7a7b9b82647ab8adf8e45ce663f3afc9010d692c3b7cb3d30f22fba,false,Execution,none,raw Computer/IpAddress/User fields,
2021-01-19T13:23:22.472+0000,2021-01-19T13:23:22.472+0000,10,Microsoft-Windows-Sysmon/Operational,ict3214:attack_trace,PS-HOST-01,,,,,,,C:\Windows\SystemApps\ShellExperienceHost_cw5n1h2txyewy\ShellExperienceHost.exe,C:\Windows\system32\svchost.exe,0x1000,,,,,,,{E983936C-B38F-6006-0D00-00000000A301},992,{E983936C-CCEA-6006-5B07-00000000A301},5624,,T1059.001,PowerShell,Execution,TRACE-PS-01,powershell,https://raw.githubusercontent.com/splunk/attack_data/master/datasets/attack_techniques/T1059.001/encoded_powershell/windows-sysmon.log,8a10e323dfd7d4448a5eec97c98ee0ee7b5d8de0707f2df8d1f898afee12700f,false,Execution,none,raw Computer/IpAddress/User fields,
2021-01-19T13:23:22.472+0000,2021-01-19T13:23:22.472+0000,10,Microsoft-Windows-Sysmon/Operational,ict3214:attack_trace,PS-HOST-01,,,,,,,C:\Windows\SystemApps\ShellExperienceHost_cw5n1h2txyewy\ShellExperienceHost.exe,C:\Windows\system32\svchost.exe,0x1000,,,,,,,{E983936C-B38F-6006-0D00-00000000A301},992,{E983936C-CCEA-6006-5B07-00000000A301},5624,,T1059.001,PowerShell,Execution,TRACE-PS-01,powershell,https://raw.githubusercontent.com/splunk/attack_data/master/datasets/attack_techniques/T1059.001/encoded_powershell/windows-sysmon.log,bfcc16edec82235f6042c579d16ff1c65bc5f26589d5c304608120906560c928,false,Execution,none,raw Computer/IpAddress/User fields,
2021-01-19T13:23:22.942+0000,2021-01-19T13:23:22.942+0000,10,Microsoft-Windows-Sysmon/Operational,ict3214:attack_trace,PS-HOST-01,,,,,,,C:\Windows\system32\conhost.exe,C:\Windows\Explorer.EXE,0x1410,,,,,,,{E983936C-CCDD-6006-4607-00000000A301},5080,{E983936C-CD9F-6006-9A07-00000000A301},7260,,T1059.001,PowerShell,Execution,TRACE-PS-01,powershell,https://raw.githubusercontent.com/splunk/attack_data/master/datasets/attack_techniques/T1059.001/encoded_powershell/windows-sysmon.log,31f19cc480ca9871b169f4f3bb7867b5e3b66af788e8fc141b1e8331394a7ae4,false,Execution,none,raw Computer/IpAddress/User fields,
2021-01-19T13:23:22.943+0000,2021-01-19T13:23:22.943+0000,10,Microsoft-Windows-Sysmon/Operational,ict3214:attack_trace,PS-HOST-01,,,,,,,C:\Windows\system32\conhost.exe,C:\Windows\Explorer.EXE,0x1000,,,,,,,{E983936C-CCDD-6006-4607-00000000A301},5080,{E983936C-CD9F-6006-9A07-00000000A301},7260,,T1059.001,PowerShell,Execution,TRACE-PS-01,powershell,https://raw.githubusercontent.com/splunk/attack_data/master/datasets/attack_techniques/T1059.001/encoded_powershell/windows-sysmon.log,28d88c265f1df75147bb9be1fecad039c00c9c4b1082d7f5f999cf03ab334579,false,Execution,none,raw Computer/IpAddress/User fields,
2021-01-19T13:23:22.943+0000,2021-01-19T13:23:22.943+0000,10,Microsoft-Windows-Sysmon/Operational,ict3214:attack_trace,PS-HOST-01,,,,,,,C:\Windows\system32\conhost.exe,C:\Windows\Explorer.EXE,0x1410,,,,,,,{E983936C-CCDD-6006-4607-00000000A301},5080,{E983936C-CD9F-6006-9A07-00000000A301},7260,,T1059.001,PowerShell,Execution,TRACE-PS-01,powershell,https://raw.githubusercontent.com/splunk/attack_data/master/datasets/attack_techniques/T1059.001/encoded_powershell/windows-sysmon.log,667b3d929cdb8e2f11678e8006e314011f7b77efd47318064aa68a7a36a99c63,false,Execution,none,raw Computer/IpAddress/User fields,
2021-01-19T13:23:22.943+0000,2021-01-19T13:23:22.943+0000,10,Microsoft-Windows-Sysmon/Operational,ict3214:attack_trace,PS-HOST-01,,,,,,,C:\Windows\system32\conhost.exe,C:\Windows\Explorer.EXE,0x1000,,,,,,,{E983936C-CCDD-6006-4607-00000000A301},5080,{E983936C-CD9F-6006-9A07-00000000A301},7260,,T1059.001,PowerShell,Execution,TRACE-PS-01,powershell,https://raw.githubusercontent.com/splunk/attack_data/master/datasets/attack_techniques/T1059.001/encoded_powershell/windows-sysmon.log,e7c6de12cb514fee508e5e076ef501dd0c26be5445d59e7336bc31128a4a0b97,false,Execution,none,raw Computer/IpAddress/User fields,
2021-01-19T13:23:22.945+0000,2021-01-19T13:23:22.945+0000,10,Microsoft-Windows-Sysmon/Operational,ict3214:attack_trace,PS-HOST-01,,,,,,,C:\Windows\System32\WindowsPowerShell\v1.0\powershell.exe,C:\Windows\Explorer.EXE,0x1400,,,,,,,{E983936C-CCDD-6006-4607-00000000A301},5080,{E983936C-CD9F-6006-9907-00000000A301},7244,,T1059.001,PowerShell,Execution,TRACE-PS-01,powershell,https://raw.githubusercontent.com/splunk/attack_data/master/datasets/attack_techniques/T1059.001/encoded_powershell/windows-sysmon.log,5c7844236d27422f5d8557b3901ad6af15f849fca6360af94b96ffe0b6d1bd9d,false,Execution,none,raw Computer/IpAddress/User fields,
2021-01-19T13:23:22.945+0000,2021-01-19T13:23:22.945+0000,10,Microsoft-Windows-Sysmon/Operational,ict3214:attack_trace,PS-HOST-01,,,,,,,C:\Windows\System32\WindowsPowerShell\v1.0\powershell.exe,C:\Windows\Explorer.EXE,0x1000,,,,,,,{E983936C-CCDD-6006-4607-00000000A301},5080,{E983936C-CD9F-6006-9907-00000000A301},7244,,T1059.001,PowerShell,Execution,TRACE-PS-01,powershell,https://raw.githubusercontent.com/splunk/attack_data/master/datasets/attack_techniques/T1059.001/encoded_powershell/windows-sysmon.log,77f65484f92ed7583fd3737e88de9c963c53df282c349ab91ffe56884810fddd,false,Execution,none,raw Computer/IpAddress/User fields,
2021-01-19T13:23:25.802+0000,2021-01-19T13:23:25.802+0000,10,Microsoft-Windows-Sysmon/Operational,ict3214:attack_trace,PS-HOST-01,,,,,,,C:\Program Files\SplunkUniversalForwarder\bin\splunk-winprintmon.exe,C:\Windows\system32\csrss.exe,0x1fffff,,,,,,,{E983936C-B38D-6006-0500-00000000A301},636,{E983936C-DD4D-6006-8109-00000000A301},8052,,T1059.001,PowerShell,Execution,TRACE-PS-01,powershell,https://raw.githubusercontent.com/splunk/attack_data/master/datasets/attack_techniques/T1059.001/encoded_powershell/windows-sysmon.log,0785c78593a80b01586879540cc7b3cfcd52a8e36b7c5377db6f10aa9fb3009f,false,Execution,none,raw Computer/IpAddress/User fields,
2021-01-19T13:23:25.802+0000,2021-01-19T13:23:25.802+0000,10,Microsoft-Windows-Sysmon/Operational,ict3214:attack_trace,PS-HOST-01,,,,,,,C:\Windows\sysmon64.exe,C:\Windows\system32\svchost.exe,0x1400,,,,,,,{E983936C-B38F-6006-0C00-00000000A301},592,{E983936C-B3A0-6006-3100-00000000A301},2052,,T1059.001,PowerShell,Execution,TRACE-PS-01,powershell,https://raw.githubusercontent.com/splunk/attack_data/master/datasets/attack_techniques/T1059.001/encoded_powershell/windows-sysmon.log,0b27f33945aeefa3d3e1638c70c558c3680c94f2ebbb7be823ef345419f907a9,false,Execution,none,raw Computer/IpAddress/User fields,
2021-01-19T13:23:25.802+0000,2021-01-19T13:23:25.802+0000,10,Microsoft-Windows-Sysmon/Operational,ict3214:attack_trace,PS-HOST-01,,,,,,,C:\Windows\sysmon64.exe,C:\Windows\system32\svchost.exe,0x1400,,,,,,,{E983936C-B38F-6006-0C00-00000000A301},592,{E983936C-B3A0-6006-3100-00000000A301},2052,,T1059.001,PowerShell,Execution,TRACE-PS-01,powershell,https://raw.githubusercontent.com/splunk/attack_data/master/datasets/attack_techniques/T1059.001/encoded_powershell/windows-sysmon.log,1a1694f75b34d62c34cdb513a5d435c1cc7eac1b497e69af13b4756c57267581,false,Execution,none,raw Computer/IpAddress/User fields,
2021-01-19T13:23:25.802+0000,2021-01-19T13:23:25.802+0000,1,Microsoft-Windows-Sysmon/Operational,ict3214:attack_trace,PS-HOST-01,,,NT AUTHORITY\SYSTEM,C:\Program Files\SplunkUniversalForwarder\bin\splunk-winprintmon.exe,C:\Program Files\SplunkUniversalForwarder\bin\splunkd.exe,"""C:\Program Files\SplunkUniversalForwarder\bin\splunk-winprintmon.exe""",,,,,,,,{E983936C-DD4D-6006-8109-00000000A301},8052,,,,,,T1059.001,PowerShell,Execution,TRACE-PS-01,powershell,https://raw.githubusercontent.com/splunk/attack_data/master/datasets/attack_techniques/T1059.001/encoded_powershell/windows-sysmon.log,232f7375431517ea8b94b34e2ddad476fb4bc15a88a06993040598f123725976,false,Execution,none,raw Computer/IpAddress/User fields,{E983936C-B438-6006-B400-00000000A301}
2021-01-19T13:23:25.802+0000,2021-01-19T13:23:25.802+0000,10,Microsoft-Windows-Sysmon/Operational,ict3214:attack_trace,PS-HOST-01,,,,,,,C:\Windows\sysmon64.exe,C:\Windows\system32\svchost.exe,0x1400,,,,,,,{E983936C-B38F-6006-0C00-00000000A301},592,{E983936C-B3A0-6006-3100-00000000A301},2052,,T1059.001,PowerShell,Execution,TRACE-PS-01,powershell,https://raw.githubusercontent.com/splunk/attack_data/master/datasets/attack_techniques/T1059.001/encoded_powershell/windows-sysmon.log,5e14ec627619556b31d1c5700e522c54f05a4dd29138a7be363814829e449ce7,false,Execution,none,raw Computer/IpAddress/User fields,
2021-01-19T13:23:25.802+0000,2021-01-19T13:23:25.802+0000,10,Microsoft-Windows-Sysmon/Operational,ict3214:attack_trace,PS-HOST-01,,,,,,,C:\Program Files\SplunkUniversalForwarder\bin\splunk-winprintmon.exe,C:\Program Files\SplunkUniversalForwarder\bin\splunkd.exe,0x1fffff,,,,,,,{E983936C-B438-6006-B400-00000000A301},4412,{E983936C-DD4D-6006-8109-00000000A301},8052,,T1059.001,PowerShell,Execution,TRACE-PS-01,powershell,https://raw.githubusercontent.com/splunk/attack_data/master/datasets/attack_techniques/T1059.001/encoded_powershell/windows-sysmon.log,964e5918e7d59af8b9bacbee294d5cdca5d8e6c102ae1a22842b8d51dec4498c,false,Execution,none,raw Computer/IpAddress/User fields,
2021-01-19T13:23:25.802+0000,2021-01-19T13:23:25.802+0000,10,Microsoft-Windows-Sysmon/Operational,ict3214:attack_trace,PS-HOST-01,,,,,,,C:\Windows\sysmon64.exe,C:\Windows\system32\svchost.exe,0x1400,,,,,,,{E983936C-B38F-6006-0C00-00000000A301},592,{E983936C-B3A0-6006-3100-00000000A301},2052,,T1059.001,PowerShell,Execution,TRACE-PS-01,powershell,https://raw.githubusercontent.com/splunk/attack_data/master/datasets/attack_techniques/T1059.001/encoded_powershell/windows-sysmon.log,dd12a12d04cddde06364643a5e2080882afe552e4d4115e51e905e431b98cdc6,false,Execution,none,raw Computer/IpAddress/User fields,
2021-01-19T13:23:25.803+0000,2021-01-19T13:23:25.803+0000,10,Microsoft-Windows-Sysmon/Operational,ict3214:attack_trace,PS-HOST-01,,,,,,,C:\Program Files\SplunkUniversalForwarder\bin\splunk-winprintmon.exe,C:\Windows\system32\conhost.exe,0x1fffff,,,,,,,{E983936C-B439-6006-B800-00000000A301},4284,{E983936C-DD4D-6006-8109-00000000A301},8052,,T1059.001,PowerShell,Execution,TRACE-PS-01,powershell,https://raw.githubusercontent.com/splunk/attack_data/master/datasets/attack_techniques/T1059.001/encoded_powershell/windows-sysmon.log,afd6cd6e4b351e5d6783b047d275e6ba7a1d3310c956151dbcbf120746a5a33b,false,Execution,none,raw Computer/IpAddress/User fields,
2021-01-19T13:24:19.084+0000,2021-01-19T13:24:19.084+0000,1,Microsoft-Windows-Sysmon/Operational,ict3214:attack_trace,PS-HOST-01,,,NT AUTHORITY\SYSTEM,C:\Program Files\SplunkUniversalForwarder\bin\splunk-MonitorNoHandle.exe,C:\Program Files\SplunkUniversalForwarder\bin\splunkd.exe,"""C:\Program Files\SplunkUniversalForwarder\bin\splunk-MonitorNoHandle.exe""",,,,,,,,{E983936C-DD83-6006-8209-00000000A301},3624,,,,,,T1059.001,PowerShell,Execution,TRACE-PS-01,powershell,https://raw.githubusercontent.com/splunk/attack_data/master/datasets/attack_techniques/T1059.001/encoded_powershell/windows-sysmon.log,b01d5abfbf8e368e32f7cd274b34253fda65e5fdd173bc4d1c1f54de3a1a516a,false,Execution,none,raw Computer/IpAddress/User fields,{E983936C-B438-6006-B400-00000000A301}
2021-01-19T13:24:19.085+0000,2021-01-19T13:24:19.085+0000,10,Microsoft-Windows-Sysmon/Operational,ict3214:attack_trace,PS-HOST-01,,,,,,,C:\Program Files\SplunkUniversalForwarder\bin\splunk-MonitorNoHandle.exe,C:\Program Files\SplunkUniversalForwarder\bin\splunkd.exe,0x1fffff,,,,,,,{E983936C-B438-6006-B400-00000000A301},4412,{E983936C-DD83-6006-8209-00000000A301},3624,,T1059.001,PowerShell,Execution,TRACE-PS-01,powershell,https://raw.githubusercontent.com/splunk/attack_data/master/datasets/attack_techniques/T1059.001/encoded_powershell/windows-sysmon.log,695c31c7ab1ed87a1f47fe703b8e6c97ded5f03a06ac6d7f20ff19917904bc3d,false,Execution,none,raw Computer/IpAddress/User fields,
2021-01-19T13:24:19.085+0000,2021-01-19T13:24:19.085+0000,10,Microsoft-Windows-Sysmon/Operational,ict3214:attack_trace,PS-HOST-01,,,,,,,C:\Windows\sysmon64.exe,C:\Windows\system32\svchost.exe,0x1400,,,,,,,{E983936C-B38F-6006-0C00-00000000A301},592,{E983936C-B3A0-6006-3100-00000000A301},2052,,T1059.001,PowerShell,Execution,TRACE-PS-01,powershell,https://raw.githubusercontent.com/splunk/attack_data/master/datasets/attack_techniques/T1059.001/encoded_powershell/windows-sysmon.log,932b5e7ac76ffe968ce7f3aa18324013c4a89c882ae75c0b2fe67d1ff4ab0d3c,false,Execution,none,raw Computer/IpAddress/User fields,
2021-01-19T13:24:19.085+0000,2021-01-19T13:24:19.085+0000,10,Microsoft-Windows-Sysmon/Operational,ict3214:attack_trace,PS-HOST-01,,,,,,,C:\Windows\sysmon64.exe,C:\Windows\system32\svchost.exe,0x1400,,,,,,,{E983936C-B38F-6006-0C00-00000000A301},592,{E983936C-B3A0-6006-3100-00000000A301},2052,,T1059.001,PowerShell,Execution,TRACE-PS-01,powershell,https://raw.githubusercontent.com/splunk/attack_data/master/datasets/attack_techniques/T1059.001/encoded_powershell/windows-sysmon.log,a0560977b5ae09664d9fce333d415b0bdf7c95738634494cebb7271def353b90,false,Execution,none,raw Computer/IpAddress/User fields,
2021-01-19T13:24:19.085+0000,2021-01-19T13:24:19.085+0000,10,Microsoft-Windows-Sysmon/Operational,ict3214:attack_trace,PS-HOST-01,,,,,,,C:\Program Files\SplunkUniversalForwarder\bin\splunk-MonitorNoHandle.exe,C:\Windows\system32\csrss.exe,0x1fffff,,,,,,,{E983936C-B38D-6006-0500-00000000A301},636,{E983936C-DD83-6006-8209-00000000A301},3624,,T1059.001,PowerShell,Execution,TRACE-PS-01,powershell,https://raw.githubusercontent.com/splunk/attack_data/master/datasets/attack_techniques/T1059.001/encoded_powershell/windows-sysmon.log,b6fc987301614ca79ec9a6a09594a5bc4c8a337310aad7b10db0c398d056b9a0,false,Execution,none,raw Computer/IpAddress/User fields,
2021-01-19T13:24:19.085+0000,2021-01-19T13:24:19.085+0000,10,Microsoft-Windows-Sysmon/Operational,ict3214:attack_trace,PS-HOST-01,,,,,,,C:\Windows\sysmon64.exe,C:\Windows\system32\svchost.exe,0x1400,,,,,,,{E983936C-B38F-6006-0C00-00000000A301},592,{E983936C-B3A0-6006-3100-00000000A301},2052,,T1059.001,PowerShell,Execution,TRACE-PS-01,powershell,https://raw.githubusercontent.com/splunk/attack_data/master/datasets/attack_techniques/T1059.001/encoded_powershell/windows-sysmon.log,db47a547aadd31f5d6bc1095cb2611de9a7bdc5e941550a86a3b383cb7a727dd,false,Execution,none,raw Computer/IpAddress/User fields,
2021-01-19T13:24:19.085+0000,2021-01-19T13:24:19.085+0000,10,Microsoft-Windows-Sysmon/Operational,ict3214:attack_trace,PS-HOST-01,,,,,,,C:\Windows\sysmon64.exe,C:\Windows\system32\svchost.exe,0x1400,,,,,,,{E983936C-B38F-6006-0C00-00000000A301},592,{E983936C-B3A0-6006-3100-00000000A301},2052,,T1059.001,PowerShell,Execution,TRACE-PS-01,powershell,https://raw.githubusercontent.com/splunk/attack_data/master/datasets/attack_techniques/T1059.001/encoded_powershell/windows-sysmon.log,e7fa238d38e28e8f98981d5ab9757f78f7bf5c4a92f5413d99201be0256bcc81,false,Execution,none,raw Computer/IpAddress/User fields,
2021-01-19T13:24:19.086+0000,2021-01-19T13:24:19.086+0000,10,Microsoft-Windows-Sysmon/Operational,ict3214:attack_trace,PS-HOST-01,,,,,,,C:\Program Files\SplunkUniversalForwarder\bin\splunk-MonitorNoHandle.exe,C:\Windows\system32\conhost.exe,0x1fffff,,,,,,,{E983936C-B439-6006-B800-00000000A301},4284,{E983936C-DD83-6006-8209-00000000A301},3624,,T1059.001,PowerShell,Execution,TRACE-PS-01,powershell,https://raw.githubusercontent.com/splunk/attack_data/master/datasets/attack_techniques/T1059.001/encoded_powershell/windows-sysmon.log,2beca729c5e0884f924668039d6b8cf53537e620b173e46fedb3c21b58bc73b6,false,Execution,none,raw Computer/IpAddress/User fields,
2021-01-19T13:24:19.756+0000,2021-01-19T13:24:19.756+0000,1,Microsoft-Windows-Sysmon/Operational,ict3214:attack_trace,PS-HOST-01,,,NT AUTHORITY\SYSTEM,C:\Program Files\SplunkUniversalForwarder\bin\splunk-powershell.exe,C:\Program Files\SplunkUniversalForwarder\bin\splunkd.exe,"""C:\Program Files\SplunkUniversalForwarder\bin\splunk-powershell.exe""",,,,,,,,{E983936C-DD83-6006-8309-00000000A301},4220,,,,,,T1059.001,PowerShell,Execution,TRACE-PS-01,powershell,https://raw.githubusercontent.com/splunk/attack_data/master/datasets/attack_techniques/T1059.001/encoded_powershell/windows-sysmon.log,23129c761a2289ba4792cc6779e04b62f4cbcaa7ebfae353a327a4cf29f28327,false,Execution,none,raw Computer/IpAddress/User fields,{E983936C-B438-6006-B400-00000000A301}
2021-01-19T13:24:19.756+0000,2021-01-19T13:24:19.756+0000,10,Microsoft-Windows-Sysmon/Operational,ict3214:attack_trace,PS-HOST-01,,,,,,,C:\Windows\sysmon64.exe,C:\Windows\system32\svchost.exe,0x1400,,,,,,,{E983936C-B38F-6006-0C00-00000000A301},592,{E983936C-B3A0-6006-3100-00000000A301},2052,,T1059.001,PowerShell,Execution,TRACE-PS-01,powershell,https://raw.githubusercontent.com/splunk/attack_data/master/datasets/attack_techniques/T1059.001/encoded_powershell/windows-sysmon.log,580dc723c6d8e98d1d33101d34a468b092fe4fdde06cb322f7db6a92e8a4b375,false,Execution,none,raw Computer/IpAddress/User fields,
2021-01-19T13:24:19.756+0000,2021-01-19T13:24:19.756+0000,10,Microsoft-Windows-Sysmon/Operational,ict3214:attack_trace,PS-HOST-01,,,,,,,C:\Windows\sysmon64.exe,C:\Windows\system32\svchost.exe,0x1400,,,,,,,{E983936C-B38F-6006-0C00-00000000A301},592,{E983936C-B3A0-6006-3100-00000000A301},2052,,T1059.001,PowerShell,Execution,TRACE-PS-01,powershell,https://raw.githubusercontent.com/splunk/attack_data/master/datasets/attack_techniques/T1059.001/encoded_powershell/windows-sysmon.log,5cd02e9995ce950e024eb1582a97589c330bac1f93595d5ee6eb99548a33edf3,false,Execution,none,raw Computer/IpAddress/User fields,
2021-01-19T13:24:19.756+0000,2021-01-19T13:24:19.756+0000,10,Microsoft-Windows-Sysmon/Operational,ict3214:attack_trace,PS-HOST-01,,,,,,,C:\Windows\sysmon64.exe,C:\Windows\system32\svchost.exe,0x1400,,,,,,,{E983936C-B38F-6006-0C00-00000000A301},592,{E983936C-B3A0-6006-3100-00000000A301},2052,,T1059.001,PowerShell,Execution,TRACE-PS-01,powershell,https://raw.githubusercontent.com/splunk/attack_data/master/datasets/attack_techniques/T1059.001/encoded_powershell/windows-sysmon.log,6eb1baa8c746202d6bb5a87ed0fa025542375d2c51992e0b2563028232b79c18,false,Execution,none,raw Computer/IpAddress/User fields,
2021-01-19T13:24:19.756+0000,2021-01-19T13:24:19.756+0000,10,Microsoft-Windows-Sysmon/Operational,ict3214:attack_trace,PS-HOST-01,,,,,,,C:\Program Files\SplunkUniversalForwarder\bin\splunk-powershell.exe,C:\Windows\system32\csrss.exe,0x1fffff,,,,,,,{E983936C-B38D-6006-0500-00000000A301},636,{E983936C-DD83-6006-8309-00000000A301},4220,,T1059.001,PowerShell,Execution,TRACE-PS-01,powershell,https://raw.githubusercontent.com/splunk/attack_data/master/datasets/attack_techniques/T1059.001/encoded_powershell/windows-sysmon.log,7dba28870aa165a610c5dadc0b321827a5516e28580d213ec1acfa867af7dade,false,Execution,none,raw Computer/IpAddress/User fields,
2021-01-19T13:24:19.756+0000,2021-01-19T13:24:19.756+0000,10,Microsoft-Windows-Sysmon/Operational,ict3214:attack_trace,PS-HOST-01,,,,,,,C:\Program Files\SplunkUniversalForwarder\bin\splunk-powershell.exe,C:\Program Files\SplunkUniversalForwarder\bin\splunkd.exe,0x1fffff,,,,,,,{E983936C-B438-6006-B400-00000000A301},4412,{E983936C-DD83-6006-8309-00000000A301},4220,,T1059.001,PowerShell,Execution,TRACE-PS-01,powershell,https://raw.githubusercontent.com/splunk/attack_data/master/datasets/attack_techniques/T1059.001/encoded_powershell/windows-sysmon.log,bf83a3f6e60a1b0164d2a01de6637fb79e0a74d4f81eb9805cebefc88c4725a3,false,Execution,none,raw Computer/IpAddress/User fields,
2021-01-19T13:24:19.756+0000,2021-01-19T13:24:19.756+0000,10,Microsoft-Windows-Sysmon/Operational,ict3214:attack_trace,PS-HOST-01,,,,,,,C:\Windows\sysmon64.exe,C:\Windows\system32\svchost.exe,0x1400,,,,,,,{E983936C-B38F-6006-0C00-00000000A301},592,{E983936C-B3A0-6006-3100-00000000A301},2052,,T1059.001,PowerShell,Execution,TRACE-PS-01,powershell,https://raw.githubusercontent.com/splunk/attack_data/master/datasets/attack_techniques/T1059.001/encoded_powershell/windows-sysmon.log,f2b8a077753ce38ad334d6d970c2e451792e1036398ebc5eb8d2fb2fd2ed450f,false,Execution,none,raw Computer/IpAddress/User fields,
2021-01-19T13:24:19.757+0000,2021-01-19T13:24:19.757+0000,10,Microsoft-Windows-Sysmon/Operational,ict3214:attack_trace,PS-HOST-01,,,,,,,C:\Program Files\SplunkUniversalForwarder\bin\splunk-powershell.exe,C:\Windows\system32\conhost.exe,0x1fffff,,,,,,,{E983936C-B439-6006-B800-00000000A301},4284,{E983936C-DD83-6006-8309-00000000A301},4220,,T1059.001,PowerShell,Execution,TRACE-PS-01,powershell,https://raw.githubusercontent.com/splunk/attack_data/master/datasets/attack_techniques/T1059.001/encoded_powershell/windows-sysmon.log,b38190b46295f7da284abbd4decf6ede88339267360add08eaa82b1ee25dd34a,false,Execution,none,raw Computer/IpAddress/User fields,
2021-01-19T13:24:19.905+0000,2021-01-19T13:24:19.905+0000,10,Microsoft-Windows-Sysmon/Operational,ict3214:attack_trace,PS-HOST-01,,,,,,,C:\Program Files\SplunkUniversalForwarder\bin\splunkd.exe,C:\Program Files\SplunkUniversalForwarder\bin\splunk-powershell.exe,0x101400,,,,,,,{E983936C-DD83-6006-8309-00000000A301},4220,{E983936C-B438-6006-B400-00000000A301},4412,,T1059.001,PowerShell,Execution,TRACE-PS-01,powershell,https://raw.githubusercontent.com/splunk/attack_data/master/datasets/attack_techniques/T1059.001/encoded_powershell/windows-sysmon.log,d762036aae77702b94929febdaaa37a8df2ef573ed16d2e41d586829460e9fcb,false,Execution,none,raw Computer/IpAddress/User fields,
2021-01-19T13:24:20.443+0000,2021-01-19T13:24:20.443+0000,10,Microsoft-Windows-Sysmon/Operational,ict3214:attack_trace,PS-HOST-01,,,,,,,C:\Windows\sysmon64.exe,C:\Windows\system32\svchost.exe,0x1400,,,,,,,{E983936C-B38F-6006-0C00-00000000A301},592,{E983936C-B3A0-6006-3100-00000000A301},2052,,T1059.001,PowerShell,Execution,TRACE-PS-01,powershell,https://raw.githubusercontent.com/splunk/attack_data/master/datasets/attack_techniques/T1059.001/encoded_powershell/windows-sysmon.log,10e500cdabff5400106bfb1aed5bd2585d571aacb3f0ab3218dee25615fcef89,false,Execution,none,raw Computer/IpAddress/User fields,
2021-01-19T13:24:20.443+0000,2021-01-19T13:24:20.443+0000,10,Microsoft-Windows-Sysmon/Operational,ict3214:attack_trace,PS-HOST-01,,,,,,,C:\Program Files\SplunkUniversalForwarder\bin\splunk-powershell.exe,C:\Program Files\SplunkUniversalForwarder\bin\splunkd.exe,0x1fffff,,,,,,,{E983936C-B438-6006-B400-00000000A301},4412,{E983936C-DD84-6006-8409-00000000A301},6692,,T1059.001,PowerShell,Execution,TRACE-PS-01,powershell,https://raw.githubusercontent.com/splunk/attack_data/master/datasets/attack_techniques/T1059.001/encoded_powershell/windows-sysmon.log,3d057a6977526eec9bd6c55b0de926bf167db0a898d7dc207dbfcbcaf95219ce,false,Execution,none,raw Computer/IpAddress/User fields,
2021-01-19T13:24:20.443+0000,2021-01-19T13:24:20.443+0000,1,Microsoft-Windows-Sysmon/Operational,ict3214:attack_trace,PS-HOST-01,,,NT AUTHORITY\SYSTEM,C:\Program Files\SplunkUniversalForwarder\bin\splunk-powershell.exe,C:\Program Files\SplunkUniversalForwarder\bin\splunkd.exe,"""C:\Program Files\SplunkUniversalForwarder\bin\splunk-powershell.exe"" --ps2",,,,,,,,{E983936C-DD84-6006-8409-00000000A301},6692,,,,,,T1059.001,PowerShell,Execution,TRACE-PS-01,powershell,https://raw.githubusercontent.com/splunk/attack_data/master/datasets/attack_techniques/T1059.001/encoded_powershell/windows-sysmon.log,c5bad84eecf05d395de5715c165db4edfaf2b6dc0ded6d08a9553d58be9fb995,false,Execution,none,raw Computer/IpAddress/User fields,{E983936C-B438-6006-B400-00000000A301}
2021-01-19T13:24:20.443+0000,2021-01-19T13:24:20.443+0000,10,Microsoft-Windows-Sysmon/Operational,ict3214:attack_trace,PS-HOST-01,,,,,,,C:\Windows\sysmon64.exe,C:\Windows\system32\svchost.exe,0x1400,,,,,,,{E983936C-B38F-6006-0C00-00000000A301},592,{E983936C-B3A0-6006-3100-00000000A301},2052,,T1059.001,PowerShell,Execution,TRACE-PS-01,powershell,https://raw.githubusercontent.com/splunk/attack_data/master/datasets/attack_techniques/T1059.001/encoded_powershell/windows-sysmon.log,c81103c565e66ee350d7605b43c487c4f667083964f16381de9f0c44b8fe120b,false,Execution,none,raw Computer/IpAddress/User fields,
2021-01-19T13:24:20.443+0000,2021-01-19T13:24:20.443+0000,10,Microsoft-Windows-Sysmon/Operational,ict3214:attack_trace,PS-HOST-01,,,,,,,C:\Program Files\SplunkUniversalForwarder\bin\splunk-powershell.exe,C:\Windows\system32\csrss.exe,0x1fffff,,,,,,,{E983936C-B38D-6006-0500-00000000A301},636,{E983936C-DD84-6006-8409-00000000A301},6692,,T1059.001,PowerShell,Execution,TRACE-PS-01,powershell,https://raw.githubusercontent.com/splunk/attack_data/master/datasets/attack_techniques/T1059.001/encoded_powershell/windows-sysmon.log,e877556282175916cf47fe63a4622645b52fb30c16554b23ddd753c487fb2b78,false,Execution,none,raw Computer/IpAddress/User fields,
2021-01-19T13:24:20.443+0000,2021-01-19T13:24:20.443+0000,10,Microsoft-Windows-Sysmon/Operational,ict3214:attack_trace,PS-HOST-01,,,,,,,C:\Windows\sysmon64.exe,C:\Windows\system32\svchost.exe,0x1400,,,,,,,{E983936C-B38F-6006-0C00-00000000A301},592,{E983936C-B3A0-6006-3100-00000000A301},2052,,T1059.001,PowerShell,Execution,TRACE-PS-01,powershell,https://raw.githubusercontent.com/splunk/attack_data/master/datasets/attack_techniques/T1059.001/encoded_powershell/windows-sysmon.log,f7b8410bbb88b5d106591019c96237a89dba96c808141230e25c1b35a98f4769,false,Execution,none,raw Computer/IpAddress/User fields,
2021-01-19T13:24:20.444+0000,2021-01-19T13:24:20.444+0000,10,Microsoft-Windows-Sysmon/Operational,ict3214:attack_trace,PS-HOST-01,,,,,,,C:\Windows\sysmon64.exe,C:\Windows\system32\svchost.exe,0x1400,,,,,,,{E983936C-B38F-6006-0C00-00000000A301},592,{E983936C-B3A0-6006-3100-00000000A301},2052,,T1059.001,PowerShell,Execution,TRACE-PS-01,powershell,https://raw.githubusercontent.com/splunk/attack_data/master/datasets/attack_techniques/T1059.001/encoded_powershell/windows-sysmon.log,26f7c52dddf5a2080ea6c54dfb3fb0139bdd091a7b9792b78e5190b793de112d,false,Execution,none,raw Computer/IpAddress/User fields,
2021-01-19T13:24:20.444+0000,2021-01-19T13:24:20.444+0000,10,Microsoft-Windows-Sysmon/Operational,ict3214:attack_trace,PS-HOST-01,,,,,,,C:\Program Files\SplunkUniversalForwarder\bin\splunk-powershell.exe,C:\Windows\system32\conhost.exe,0x1fffff,,,,,,,{E983936C-B439-6006-B800-00000000A301},4284,{E983936C-DD84-6006-8409-00000000A301},6692,,T1059.001,PowerShell,Execution,TRACE-PS-01,powershell,https://raw.githubusercontent.com/splunk/attack_data/master/datasets/attack_techniques/T1059.001/encoded_powershell/windows-sysmon.log,c97e4024619a2b0fc71060202bf3f8006ff1370131b836c859f46fc8cdb59f0d,false,Execution,none,raw Computer/IpAddress/User fields,
2021-01-19T13:24:20.592+0000,2021-01-19T13:24:20.592+0000,10,Microsoft-Windows-Sysmon/Operational,ict3214:attack_trace,PS-HOST-01,,,,,,,C:\Program Files\SplunkUniversalForwarder\bin\splunkd.exe,C:\Program Files\SplunkUniversalForwarder\bin\splunk-powershell.exe,0x101400,,,,,,,{E983936C-DD84-6006-8409-00000000A301},6692,{E983936C-B438-6006-B400-00000000A301},4412,,T1059.001,PowerShell,Execution,TRACE-PS-01,powershell,https://raw.githubusercontent.com/splunk/attack_data/master/datasets/attack_techniques/T1059.001/encoded_powershell/windows-sysmon.log,82ee53fbde4b549007807b748f1a5cd81037729226132d74e8b105d0916dc0d0,false,Execution,none,raw Computer/IpAddress/User fields,
2021-01-19T13:24:20.818+0000,2021-01-19T13:24:20.818+0000,10,Microsoft-Windows-Sysmon/Operational,ict3214:attack_trace,PS-HOST-01,,,,,,,C:\Program Files\Mozilla Firefox\firefox.exe,C:\Windows\Explorer.EXE,0x40,,,,,,,{E983936C-CCDD-6006-4607-00000000A301},5080,{E983936C-CD5C-6006-8407-00000000A301},6812,,T1059.001,PowerShell,Execution,TRACE-PS-01,powershell,https://raw.githubusercontent.com/splunk/attack_data/master/datasets/attack_techniques/T1059.001/encoded_powershell/windows-sysmon.log,12cc2371efb2e79a4f84dc4baa6a03bf1b165e9e239a90fe4bb8d1499807dc05,false,Execution,none,raw Computer/IpAddress/User fields,
2021-01-19T13:24:20.818+0000,2021-01-19T13:24:20.818+0000,10,Microsoft-Windows-Sysmon/Operational,ict3214:attack_trace,PS-HOST-01,,,,,,,C:\Program Files\Mozilla Firefox\firefox.exe,C:\Windows\Explorer.EXE,0x40,,,,,,,{E983936C-CCDD-6006-4607-00000000A301},5080,{E983936C-CD5C-6006-8407-00000000A301},6812,,T1059.001,PowerShell,Execution,TRACE-PS-01,powershell,https://raw.githubusercontent.com/splunk/attack_data/master/datasets/attack_techniques/T1059.001/encoded_powershell/windows-sysmon.log,720351eaebffb43a0cc3b84e08ab559d87fc112134bd10992e6e9dc5c0052e6d,false,Execution,none,raw Computer/IpAddress/User fields,
2021-01-19T13:24:21.115+0000,2021-01-19T13:24:21.115+0000,10,Microsoft-Windows-Sysmon/Operational,ict3214:attack_trace,PS-HOST-01,,,,,,,C:\Windows\sysmon64.exe,C:\Windows\system32\svchost.exe,0x1400,,,,,,,{E983936C-B38F-6006-0C00-00000000A301},592,{E983936C-B3A0-6006-3100-00000000A301},2052,,T1059.001,PowerShell,Execution,TRACE-PS-01,powershell,https://raw.githubusercontent.com/splunk/attack_data/master/datasets/attack_techniques/T1059.001/encoded_powershell/windows-sysmon.log,1bee6728f3bdc362b7d64cbf2747a3b37431f9fc212d08b961232e4056cf0a4b,false,Execution,none,raw Computer/IpAddress/User fields,
2021-01-19T13:24:21.115+0000,2021-01-19T13:24:21.115+0000,10,Microsoft-Windows-Sysmon/Operational,ict3214:attack_trace,PS-HOST-01,,,,,,,C:\Program Files\SplunkUniversalForwarder\bin\splunk-regmon.exe,C:\Windows\system32\csrss.exe,0x1fffff,,,,,,,{E983936C-B38D-6006-0500-00000000A301},636,{E983936C-DD85-6006-8509-00000000A301},3616,,T1059.001,PowerShell,Execution,TRACE-PS-01,powershell,https://raw.githubusercontent.com/splunk/attack_data/master/datasets/attack_techniques/T1059.001/encoded_powershell/windows-sysmon.log,23645626d3dca3b46ed50c5d5eb3ec9853985c2c38e864c8f7ee45814bac9713,false,Execution,none,raw Computer/IpAddress/User fields,
2021-01-19T13:24:21.115+0000,2021-01-19T13:24:21.115+0000,10,Microsoft-Windows-Sysmon/Operational,ict3214:attack_trace,PS-HOST-01,,,,,,,C:\Windows\sysmon64.exe,C:\Windows\system32\svchost.exe,0x1400,,,,,,,{E983936C-B38F-6006-0C00-00000000A301},592,{E983936C-B3A0-6006-3100-00000000A301},2052,,T1059.001,PowerShell,Execution,TRACE-PS-01,powershell,https://raw.githubusercontent.com/splunk/attack_data/master/datasets/attack_techniques/T1059.001/encoded_powershell/windows-sysmon.log,53a6dfaa4af206cedd5a45ab44394e0c056d1590e49c8a0bb9a3737db190a7d6,false,Execution,none,raw Computer/IpAddress/User fields,
2021-01-19T13:24:21.115+0000,2021-01-19T13:24:21.115+0000,10,Microsoft-Windows-Sysmon/Operational,ict3214:attack_trace,PS-HOST-01,,,,,,,C:\Windows\sysmon64.exe,C:\Windows\system32\svchost.exe,0x1400,,,,,,,{E983936C-B38F-6006-0C00-00000000A301},592,{E983936C-B3A0-6006-3100-00000000A301},2052,,T1059.001,PowerShell,Execution,TRACE-PS-01,powershell,https://raw.githubusercontent.com/splunk/attack_data/master/datasets/attack_techniques/T1059.001/encoded_powershell/windows-sysmon.log,680cde578204279e06ee1879e905f742a75f49c06f8c589cf3d26adb39c8f9bc,false,Execution,none,raw Computer/IpAddress/User fields,
2021-01-19T13:24:21.115+0000,2021-01-19T13:24:21.115+0000,1,Microsoft-Windows-Sysmon/Operational,ict3214:attack_trace,PS-HOST-01,,,NT AUTHORITY\SYSTEM,C:\Program Files\SplunkUniversalForwarder\bin\splunk-regmon.exe,C:\Program Files\SplunkUniversalForwarder\bin\splunkd.exe,"""C:\Program Files\SplunkUniversalForwarder\bin\splunk-regmon.exe""",,,,,,,,{E983936C-DD85-6006-8509-00000000A301},3616,,,,,,T1059.001,PowerShell,Execution,TRACE-PS-01,powershell,https://raw.githubusercontent.com/splunk/attack_data/master/datasets/attack_techniques/T1059.001/encoded_powershell/windows-sysmon.log,e43528b0cfe301838c137fada8e1472b0bacf29d5e5529308eeb430e335ee009,false,Execution,none,raw Computer/IpAddress/User fields,{E983936C-B438-6006-B400-00000000A301}
2021-01-19T13:24:21.115+0000,2021-01-19T13:24:21.115+0000,10,Microsoft-Windows-Sysmon/Operational,ict3214:attack_trace,PS-HOST-01,,,,,,,C:\Program Files\SplunkUniversalForwarder\bin\splunk-regmon.exe,C:\Program Files\SplunkUniversalForwarder\bin\splunkd.exe,0x1fffff,,,,,,,{E983936C-B438-6006-B400-00000000A301},4412,{E983936C-DD85-6006-8509-00000000A301},3616,,T1059.001,PowerShell,Execution,TRACE-PS-01,powershell,https://raw.githubusercontent.com/splunk/attack_data/master/datasets/attack_techniques/T1059.001/encoded_powershell/windows-sysmon.log,e7fbd3f3a1dfc4d6a3966652fa4cc9aafe4a12fe7248646d4e6e1928d618e787,false,Execution,none,raw Computer/IpAddress/User fields,
2021-01-19T13:24:21.116+0000,2021-01-19T13:24:21.116+0000,10,Microsoft-Windows-Sysmon/Operational,ict3214:attack_trace,PS-HOST-01,,,,,,,C:\Windows\sysmon64.exe,C:\Windows\system32\svchost.exe,0x1400,,,,,,,{E983936C-B38F-6006-0C00-00000000A301},592,{E983936C-B3A0-6006-3100-00000000A301},2052,,T1059.001,PowerShell,Execution,TRACE-PS-01,powershell,https://raw.githubusercontent.com/splunk/attack_data/master/datasets/attack_techniques/T1059.001/encoded_powershell/windows-sysmon.log,697389bea2657f8c8cf3f3098b6dcb140c104871b3388fb7a5c283f6c67302ac,false,Execution,none,raw Computer/IpAddress/User fields,
2021-01-19T13:24:21.116+0000,2021-01-19T13:24:21.116+0000,10,Microsoft-Windows-Sysmon/Operational,ict3214:attack_trace,PS-HOST-01,,,,,,,C:\Program Files\SplunkUniversalForwarder\bin\splunk-regmon.exe,C:\Windows\system32\conhost.exe,0x1fffff,,,,,,,{E983936C-B439-6006-B800-00000000A301},4284,{E983936C-DD85-6006-8509-00000000A301},3616,,T1059.001,PowerShell,Execution,TRACE-PS-01,powershell,https://raw.githubusercontent.com/splunk/attack_data/master/datasets/attack_techniques/T1059.001/encoded_powershell/windows-sysmon.log,fc714bae0a12dab2a12cd37445c20f136d8a42b0363c8f320513003494374bf3,false,Execution,none,raw Computer/IpAddress/User fields,
2021-01-19T13:24:21.274+0000,2021-01-19T13:24:21.274+0000,10,Microsoft-Windows-Sysmon/Operational,ict3214:attack_trace,PS-HOST-01,,,,,,,C:\Program Files\SplunkUniversalForwarder\bin\splunkd.exe,C:\Program Files\SplunkUniversalForwarder\bin\splunk-regmon.exe,0x101400,,,,,,,{E983936C-DD85-6006-8509-00000000A301},3616,{E983936C-B438-6006-B400-00000000A301},4412,,T1059.001,PowerShell,Execution,TRACE-PS-01,powershell,https://raw.githubusercontent.com/splunk/attack_data/master/datasets/attack_techniques/T1059.001/encoded_powershell/windows-sysmon.log,09f01c0f771151325c3811a845bc71c2fd21b250fad5b686b976819bce45ed06,false,Execution,none,raw Computer/IpAddress/User fields,
2021-01-19T13:24:21.787+0000,2021-01-19T13:24:21.787+0000,1,Microsoft-Windows-Sysmon/Operational,ict3214:attack_trace,PS-HOST-01,,,NT AUTHORITY\SYSTEM,C:\Program Files\SplunkUniversalForwarder\bin\splunk-admon.exe,C:\Program Files\SplunkUniversalForwarder\bin\splunkd.exe,"""C:\Program Files\SplunkUniversalForwarder\bin\splunk-admon.exe""",,,,,,,,{E983936C-DD85-6006-8609-00000000A301},5804,,,,,,T1059.001,PowerShell,Execution,TRACE-PS-01,powershell,https://raw.githubusercontent.com/splunk/attack_data/master/datasets/attack_techniques/T1059.001/encoded_powershell/windows-sysmon.log,147ad6984c6503441b1c319a2485c7391250ca32f58c175fb5b4b38d9b9c8729,false,Execution,none,raw Computer/IpAddress/User fields,{E983936C-B438-6006-B400-00000000A301}
2021-01-19T13:24:21.787+0000,2021-01-19T13:24:21.787+0000,10,Microsoft-Windows-Sysmon/Operational,ict3214:attack_trace,PS-HOST-01,,,,,,,C:\Program Files\SplunkUniversalForwarder\bin\splunk-admon.exe,C:\Windows\system32\csrss.exe,0x1fffff,,,,,,,{E983936C-B38D-6006-0500-00000000A301},636,{E983936C-DD85-6006-8609-00000000A301},5804,,T1059.001,PowerShell,Execution,TRACE-PS-01,powershell,https://raw.githubusercontent.com/splunk/attack_data/master/datasets/attack_techniques/T1059.001/encoded_powershell/windows-sysmon.log,209e8fbc21734ad84a4f81762788dfe2e7f9a5e86dfd085ae9580f35b953af4c,false,Execution,none,raw Computer/IpAddress/User fields,
2021-01-19T13:24:21.787+0000,2021-01-19T13:24:21.787+0000,10,Microsoft-Windows-Sysmon/Operational,ict3214:attack_trace,PS-HOST-01,,,,,,,C:\Windows\sysmon64.exe,C:\Windows\system32\svchost.exe,0x1400,,,,,,,{E983936C-B38F-6006-0C00-00000000A301},592,{E983936C-B3A0-6006-3100-00000000A301},2052,,T1059.001,PowerShell,Execution,TRACE-PS-01,powershell,https://raw.githubusercontent.com/splunk/attack_data/master/datasets/attack_techniques/T1059.001/encoded_powershell/windows-sysmon.log,24b4d1a9ab6d8e8aaff9a98c2fa74ee396bdcab1b2f3a5da4e17747c0f42ff8c,false,Execution,none,raw Computer/IpAddress/User fields,
2021-01-19T13:24:21.787+0000,2021-01-19T13:24:21.787+0000,10,Microsoft-Windows-Sysmon/Operational,ict3214:attack_trace,PS-HOST-01,,,,,,,C:\Windows\sysmon64.exe,C:\Windows\system32\svchost.exe,0x1400,,,,,,,{E983936C-B38F-6006-0C00-00000000A301},592,{E983936C-B3A0-6006-3100-00000000A301},2052,,T1059.001,PowerShell,Execution,TRACE-PS-01,powershell,https://raw.githubusercontent.com/splunk/attack_data/master/datasets/attack_techniques/T1059.001/encoded_powershell/windows-sysmon.log,a4504a1a10d43d5a7f6e95e294707c7f0f4e2475a72a68123fc3c8108b6cf81d,false,Execution,none,raw Computer/IpAddress/User fields,
2021-01-19T13:24:21.787+0000,2021-01-19T13:24:21.787+0000,10,Microsoft-Windows-Sysmon/Operational,ict3214:attack_trace,PS-HOST-01,,,,,,,C:\Program Files\SplunkUniversalForwarder\bin\splunk-admon.exe,C:\Program Files\SplunkUniversalForwarder\bin\splunkd.exe,0x1fffff,,,,,,,{E983936C-B438-6006-B400-00000000A301},4412,{E983936C-DD85-6006-8609-00000000A301},5804,,T1059.001,PowerShell,Execution,TRACE-PS-01,powershell,https://raw.githubusercontent.com/splunk/attack_data/master/datasets/attack_techniques/T1059.001/encoded_powershell/windows-sysmon.log,d1acac8f3ef6d02964e98b528d308b74fdfa7d8fab37653c4b9e43dcd5cd11b3,false,Execution,none,raw Computer/IpAddress/User fields,
2021-01-19T13:24:21.788+0000,2021-01-19T13:24:21.788+0000,10,Microsoft-Windows-Sysmon/Operational,ict3214:attack_trace,PS-HOST-01,,,,,,,C:\Program Files\SplunkUniversalForwarder\bin\splunk-admon.exe,C:\Windows\system32\conhost.exe,0x1fffff,,,,,,,{E983936C-B439-6006-B800-00000000A301},4284,{E983936C-DD85-6006-8609-00000000A301},5804,,T1059.001,PowerShell,Execution,TRACE-PS-01,powershell,https://raw.githubusercontent.com/splunk/attack_data/master/datasets/attack_techniques/T1059.001/encoded_powershell/windows-sysmon.log,6196eca31a5eebef70ff660ec046b8e4cc9f5a6aa427fefc0bf9076f528b1d09,false,Execution,none,raw Computer/IpAddress/User fields,
2021-01-19T13:24:21.788+0000,2021-01-19T13:24:21.788+0000,10,Microsoft-Windows-Sysmon/Operational,ict3214:attack_trace,PS-HOST-01,,,,,,,C:\Windows\sysmon64.exe,C:\Windows\system32\svchost.exe,0x1400,,,,,,,{E983936C-B38F-6006-0C00-00000000A301},592,{E983936C-B3A0-6006-3100-00000000A301},2052,,T1059.001,PowerShell,Execution,TRACE-PS-01,powershell,https://raw.githubusercontent.com/splunk/attack_data/master/datasets/attack_techniques/T1059.001/encoded_powershell/windows-sysmon.log,632d53c934d2617f1985d70626e2a56218d0a731ab5bb2cad900332ed6e90fc5,false,Execution,none,raw Computer/IpAddress/User fields,
2021-01-19T13:24:21.788+0000,2021-01-19T13:24:21.788+0000,10,Microsoft-Windows-Sysmon/Operational,ict3214:attack_trace,PS-HOST-01,,,,,,,C:\Windows\sysmon64.exe,C:\Windows\system32\svchost.exe,0x1400,,,,,,,{E983936C-B38F-6006-0C00-00000000A301},592,{E983936C-B3A0-6006-3100-00000000A301},2052,,T1059.001,PowerShell,Execution,TRACE-PS-01,powershell,https://raw.githubusercontent.com/splunk/attack_data/master/datasets/attack_techniques/T1059.001/encoded_powershell/windows-sysmon.log,ab016e434a599fcc7697cf1b1a6ee55ff78c5a79b393ec847cbff804ac4077fe,false,Execution,none,raw Computer/IpAddress/User fields,
2021-01-19T13:24:21.937+0000,2021-01-19T13:24:21.937+0000,10,Microsoft-Windows-Sysmon/Operational,ict3214:attack_trace,PS-HOST-01,,,,,,,C:\Program Files\SplunkUniversalForwarder\bin\splunkd.exe,C:\Program Files\SplunkUniversalForwarder\bin\splunk-admon.exe,0x101400,,,,,,,{E983936C-DD85-6006-8609-00000000A301},5804,{E983936C-B438-6006-B400-00000000A301},4412,,T1059.001,PowerShell,Execution,TRACE-PS-01,powershell,https://raw.githubusercontent.com/splunk/attack_data/master/datasets/attack_techniques/T1059.001/encoded_powershell/windows-sysmon.log,e0163e255892b1b82db469709ae126242832f6af8c146c92780c38837c687200,false,Execution,none,raw Computer/IpAddress/User fields,
2021-01-19T13:24:22.459+0000,2021-01-19T13:24:22.459+0000,10,Microsoft-Windows-Sysmon/Operational,ict3214:attack_trace,PS-HOST-01,,,,,,,C:\Program Files\SplunkUniversalForwarder\bin\splunk-netmon.exe,C:\Program Files\SplunkUniversalForwarder\bin\splunkd.exe,0x1fffff,,,,,,,{E983936C-B438-6006-B400-00000000A301},4412,{E983936C-DD86-6006-8709-00000000A301},7576,,T1059.001,PowerShell,Execution,TRACE-PS-01,powershell,https://raw.githubusercontent.com/splunk/attack_data/master/datasets/attack_techniques/T1059.001/encoded_powershell/windows-sysmon.log,2bc2fca80b7e840873b3fb2571f4fce710b54701ccb1f271d4e28c57c3b3e9ef,false,Execution,none,raw Computer/IpAddress/User fields,
2021-01-19T13:24:22.459+0000,2021-01-19T13:24:22.459+0000,10,Microsoft-Windows-Sysmon/Operational,ict3214:attack_trace,PS-HOST-01,,,,,,,C:\Windows\sysmon64.exe,C:\Windows\system32\svchost.exe,0x1400,,,,,,,{E983936C-B38F-6006-0C00-00000000A301},592,{E983936C-B3A0-6006-3100-00000000A301},2052,,T1059.001,PowerShell,Execution,TRACE-PS-01,powershell,https://raw.githubusercontent.com/splunk/attack_data/master/datasets/attack_techniques/T1059.001/encoded_powershell/windows-sysmon.log,34c01011c8ab26fea10e2ec03528eab5a3a251b2da2298c7df6f90fa3a5a7538,false,Execution,none,raw Computer/IpAddress/User fields,
2021-01-19T13:24:22.459+0000,2021-01-19T13:24:22.459+0000,10,Microsoft-Windows-Sysmon/Operational,ict3214:attack_trace,PS-HOST-01,,,,,,,C:\Program Files\SplunkUniversalForwarder\bin\splunk-netmon.exe,C:\Windows\system32\csrss.exe,0x1fffff,,,,,,,{E983936C-B38D-6006-0500-00000000A301},636,{E983936C-DD86-6006-8709-00000000A301},7576,,T1059.001,PowerShell,Execution,TRACE-PS-01,powershell,https://raw.githubusercontent.com/splunk/attack_data/master/datasets/attack_techniques/T1059.001/encoded_powershell/windows-sysmon.log,4063ea5e40d3d7e094d7b47b90621f0faebf589d047d399561af42aaaa394f68,false,Execution,none,raw Computer/IpAddress/User fields,
2021-01-19T13:24:22.459+0000,2021-01-19T13:24:22.459+0000,10,Microsoft-Windows-Sysmon/Operational,ict3214:attack_trace,PS-HOST-01,,,,,,,C:\Windows\sysmon64.exe,C:\Windows\system32\svchost.exe,0x1400,,,,,,,{E983936C-B38F-6006-0C00-00000000A301},592,{E983936C-B3A0-6006-3100-00000000A301},2052,,T1059.001,PowerShell,Execution,TRACE-PS-01,powershell,https://raw.githubusercontent.com/splunk/attack_data/master/datasets/attack_techniques/T1059.001/encoded_powershell/windows-sysmon.log,459513e8da26b8c1c1120984c1cf462ddd27231ec1338d43dcfb7308c2da4f9d,false,Execution,none,raw Computer/IpAddress/User fields,
2021-01-19T13:24:22.459+0000,2021-01-19T13:24:22.459+0000,1,Microsoft-Windows-Sysmon/Operational,ict3214:attack_trace,PS-HOST-01,,,NT AUTHORITY\SYSTEM,C:\Program Files\SplunkUniversalForwarder\bin\splunk-netmon.exe,C:\Program Files\SplunkUniversalForwarder\bin\splunkd.exe,"""C:\Program Files\SplunkUniversalForwarder\bin\splunk-netmon.exe""",,,,,,,,{E983936C-DD86-6006-8709-00000000A301},7576,,,,,,T1059.001,PowerShell,Execution,TRACE-PS-01,powershell,https://raw.githubusercontent.com/splunk/attack_data/master/datasets/attack_techniques/T1059.001/encoded_powershell/windows-sysmon.log,4aae2e349607adab8dc43bad7a859cc00df1751e02d0ce8f2551ed2679c7b31f,false,Execution,none,raw Computer/IpAddress/User fields,{E983936C-B438-6006-B400-00000000A301}
2021-01-19T13:24:22.459+0000,2021-01-19T13:24:22.459+0000,10,Microsoft-Windows-Sysmon/Operational,ict3214:attack_trace,PS-HOST-01,,,,,,,C:\Windows\sysmon64.exe,C:\Windows\system32\svchost.exe,0x1400,,,,,,,{E983936C-B38F-6006-0C00-00000000A301},592,{E983936C-B3A0-6006-3100-00000000A301},2052,,T1059.001,PowerShell,Execution,TRACE-PS-01,powershell,https://raw.githubusercontent.com/splunk/attack_data/master/datasets/attack_techniques/T1059.001/encoded_powershell/windows-sysmon.log,da0ee3bc830af9e63ef3391bfdcfc8db61dfdb5843a1f7f50186ea4b2db7356c,false,Execution,none,raw Computer/IpAddress/User fields,
2021-01-19T13:24:22.459+0000,2021-01-19T13:24:22.459+0000,10,Microsoft-Windows-Sysmon/Operational,ict3214:attack_trace,PS-HOST-01,,,,,,,C:\Windows\sysmon64.exe,C:\Windows\system32\svchost.exe,0x1400,,,,,,,{E983936C-B38F-6006-0C00-00000000A301},592,{E983936C-B3A0-6006-3100-00000000A301},2052,,T1059.001,PowerShell,Execution,TRACE-PS-01,powershell,https://raw.githubusercontent.com/splunk/attack_data/master/datasets/attack_techniques/T1059.001/encoded_powershell/windows-sysmon.log,e32b78fa8ed5ee74311cf38b1feee896b0cc2238a14667718c1de8f34e682d43,false,Execution,none,raw Computer/IpAddress/User fields,
2021-01-19T13:24:22.460+0000,2021-01-19T13:24:22.460+0000,10,Microsoft-Windows-Sysmon/Operational,ict3214:attack_trace,PS-HOST-01,,,,,,,C:\Program Files\SplunkUniversalForwarder\bin\splunk-netmon.exe,C:\Windows\system32\conhost.exe,0x1fffff,,,,,,,{E983936C-B439-6006-B800-00000000A301},4284,{E983936C-DD86-6006-8709-00000000A301},7576,,T1059.001,PowerShell,Execution,TRACE-PS-01,powershell,https://raw.githubusercontent.com/splunk/attack_data/master/datasets/attack_techniques/T1059.001/encoded_powershell/windows-sysmon.log,eafa3c5d4f44640bf9380155f78913a5fe25b225abb621c07419bca26984a109,false,Execution,none,raw Computer/IpAddress/User fields,
2021-01-19T13:24:25.834+0000,2021-01-19T13:24:25.834+0000,10,Microsoft-Windows-Sysmon/Operational,ict3214:attack_trace,PS-HOST-01,,,,,,,C:\Program Files\SplunkUniversalForwarder\bin\splunk-winprintmon.exe,C:\Windows\system32\csrss.exe,0x1fffff,,,,,,,{E983936C-B38D-6006-0500-00000000A301},636,{E983936C-DD89-6006-8809-00000000A301},8072,,T1059.001,PowerShell,Execution,TRACE-PS-01,powershell,https://raw.githubusercontent.com/splunk/attack_data/master/datasets/attack_techniques/T1059.001/encoded_powershell/windows-sysmon.log,1e47bb429585f39eb7249154c120622fbab63d4e77b96a50c2ea96c612c10121,false,Execution,none,raw Computer/IpAddress/User fields,
2021-01-19T13:24:25.834+0000,2021-01-19T13:24:25.834+0000,10,Microsoft-Windows-Sysmon/Operational,ict3214:attack_trace,PS-HOST-01,,,,,,,C:\Windows\sysmon64.exe,C:\Windows\system32\svchost.exe,0x1400,,,,,,,{E983936C-B38F-6006-0C00-00000000A301},592,{E983936C-B3A0-6006-3100-00000000A301},2052,,T1059.001,PowerShell,Execution,TRACE-PS-01,powershell,https://raw.githubusercontent.com/splunk/attack_data/master/datasets/attack_techniques/T1059.001/encoded_powershell/windows-sysmon.log,2aa7bb9a353a1336c246ae7df7c899f300be5a6869f431c4f6ddf32946146ecd,false,Execution,none,raw Computer/IpAddress/User fields,
2021-01-19T13:24:25.834+0000,2021-01-19T13:24:25.834+0000,10,Microsoft-Windows-Sysmon/Operational,ict3214:attack_trace,PS-HOST-01,,,,,,,C:\Windows\sysmon64.exe,C:\Windows\system32\svchost.exe,0x1400,,,,,,,{E983936C-B38F-6006-0C00-00000000A301},592,{E983936C-B3A0-6006-3100-00000000A301},2052,,T1059.001,PowerShell,Execution,TRACE-PS-01,powershell,https://raw.githubusercontent.com/splunk/attack_data/master/datasets/attack_techniques/T1059.001/encoded_powershell/windows-sysmon.log,8885bcc4f6530d842042676e2b38b3564dbcd872da887da4a690c650beb3efd6,false,Execution,none,raw Computer/IpAddress/User fields,
2021-01-19T13:24:25.834+0000,2021-01-19T13:24:25.834+0000,10,Microsoft-Windows-Sysmon/Operational,ict3214:attack_trace,PS-HOST-01,,,,,,,C:\Program Files\SplunkUniversalForwarder\bin\splunk-winprintmon.exe,C:\Program Files\SplunkUniversalForwarder\bin\splunkd.exe,0x1fffff,,,,,,,{E983936C-B438-6006-B400-00000000A301},4412,{E983936C-DD89-6006-8809-00000000A301},8072,,T1059.001,PowerShell,Execution,TRACE-PS-01,powershell,https://raw.githubusercontent.com/splunk/attack_data/master/datasets/attack_techniques/T1059.001/encoded_powershell/windows-sysmon.log,dbdf75a7df6fd2e3d0e2d77bb1e45ea66833a584a7fee7c829c130866b19f7ea,false,Execution,none,raw Computer/IpAddress/User fields,
2021-01-19T13:24:25.834+0000,2021-01-19T13:24:25.834+0000,1,Microsoft-Windows-Sysmon/Operational,ict3214:attack_trace,PS-HOST-01,,,NT AUTHORITY\SYSTEM,C:\Program Files\SplunkUniversalForwarder\bin\splunk-winprintmon.exe,C:\Program Files\SplunkUniversalForwarder\bin\splunkd.exe,"""C:\Program Files\SplunkUniversalForwarder\bin\splunk-winprintmon.exe""",,,,,,,,{E983936C-DD89-6006-8809-00000000A301},8072,,,,,,T1059.001,PowerShell,Execution,TRACE-PS-01,powershell,https://raw.githubusercontent.com/splunk/attack_data/master/datasets/attack_techniques/T1059.001/encoded_powershell/windows-sysmon.log,ef43d81cc50f205e673d61e53747d90ba0634540090093a3fb8186d825cb517b,false,Execution,none,raw Computer/IpAddress/User fields,{E983936C-B438-6006-B400-00000000A301}
2021-01-19T13:24:25.835+0000,2021-01-19T13:24:25.835+0000,10,Microsoft-Windows-Sysmon/Operational,ict3214:attack_trace,PS-HOST-01,,,,,,,C:\Program Files\SplunkUniversalForwarder\bin\splunk-winprintmon.exe,C:\Windows\system32\conhost.exe,0x1fffff,,,,,,,{E983936C-B439-6006-B800-00000000A301},4284,{E983936C-DD89-6006-8809-00000000A301},8072,,T1059.001,PowerShell,Execution,TRACE-PS-01,powershell,https://raw.githubusercontent.com/splunk/attack_data/master/datasets/attack_techniques/T1059.001/encoded_powershell/windows-sysmon.log,2341f676fcbb15bc0e5594cfaf5ccfd118a304d365eb3763b12b383bb1fa6110,false,Execution,none,raw Computer/IpAddress/User fields,
2021-01-19T13:24:25.835+0000,2021-01-19T13:24:25.835+0000,10,Microsoft-Windows-Sysmon/Operational,ict3214:attack_trace,PS-HOST-01,,,,,,,C:\Windows\sysmon64.exe,C:\Windows\system32\svchost.exe,0x1400,,,,,,,{E983936C-B38F-6006-0C00-00000000A301},592,{E983936C-B3A0-6006-3100-00000000A301},2052,,T1059.001,PowerShell,Execution,TRACE-PS-01,powershell,https://raw.githubusercontent.com/splunk/attack_data/master/datasets/attack_techniques/T1059.001/encoded_powershell/windows-sysmon.log,2f3469321de9b25a6b43c16167fba4b72f70c34e2c4b5b932191f19e8808de77,false,Execution,none,raw Computer/IpAddress/User fields,
2021-01-19T13:24:25.835+0000,2021-01-19T13:24:25.835+0000,10,Microsoft-Windows-Sysmon/Operational,ict3214:attack_trace,PS-HOST-01,,,,,,,C:\Windows\sysmon64.exe,C:\Windows\system32\svchost.exe,0x1400,,,,,,,{E983936C-B38F-6006-0C00-00000000A301},592,{E983936C-B3A0-6006-3100-00000000A301},2052,,T1059.001,PowerShell,Execution,TRACE-PS-01,powershell,https://raw.githubusercontent.com/splunk/attack_data/master/datasets/attack_techniques/T1059.001/encoded_powershell/windows-sysmon.log,bd9ae27b10c6b8a719f88d87c9d2edeb36f0b35209c50094740c4c284c39b9de,false,Execution,none,raw Computer/IpAddress/User fields,
2021-01-19T13:25:06.920+0000,2021-01-19T13:25:06.920+0000,10,Microsoft-Windows-Sysmon/Operational,ict3214:attack_trace,PS-HOST-01,,,,,,,C:\Windows\system32\conhost.exe,C:\Windows\Explorer.EXE,0x1000,,,,,,,{E983936C-CCDD-6006-4607-00000000A301},5080,{E983936C-D083-6006-F907-00000000A301},8048,,T1059.001,PowerShell,Execution,TRACE-PS-01,powershell,https://raw.githubusercontent.com/splunk/attack_data/master/datasets/attack_techniques/T1059.001/encoded_powershell/windows-sysmon.log,18894b5852a88e0e4c80b339404c735dbf0367f0194f815accfb3e77f1f901f5,false,Execution,none,raw Computer/IpAddress/User fields,
2021-01-19T13:25:06.920+0000,2021-01-19T13:25:06.920+0000,10,Microsoft-Windows-Sysmon/Operational,ict3214:attack_trace,PS-HOST-01,,,,,,,C:\Windows\system32\conhost.exe,C:\Windows\Explorer.EXE,0x1410,,,,,,,{E983936C-CCDD-6006-4607-00000000A301},5080,{E983936C-D083-6006-F907-00000000A301},8048,,T1059.001,PowerShell,Execution,TRACE-PS-01,powershell,https://raw.githubusercontent.com/splunk/attack_data/master/datasets/attack_techniques/T1059.001/encoded_powershell/windows-sysmon.log,67b67aab72c91928aed30ff0a5cbc5a50165dea456124ebe5b5a6879fa6d8f56,false,Execution,none,raw Computer/IpAddress/User fields,
2021-01-19T13:25:06.920+0000,2021-01-19T13:25:06.920+0000,10,Microsoft-Windows-Sysmon/Operational,ict3214:attack_trace,PS-HOST-01,,,,,,,C:\Windows\system32\conhost.exe,C:\Windows\Explorer.EXE,0x1410,,,,,,,{E983936C-CCDD-6006-4607-00000000A301},5080,{E983936C-D083-6006-F907-00000000A301},8048,,T1059.001,PowerShell,Execution,TRACE-PS-01,powershell,https://raw.githubusercontent.com/splunk/attack_data/master/datasets/attack_techniques/T1059.001/encoded_powershell/windows-sysmon.log,994d9d3eca322784deece810c74a7fec92bfb892b7af6a4caefbd3ef2e83e3be,false,Execution,none,raw Computer/IpAddress/User fields,
2021-01-19T13:25:06.920+0000,2021-01-19T13:25:06.920+0000,10,Microsoft-Windows-Sysmon/Operational,ict3214:attack_trace,PS-HOST-01,,,,,,,C:\Windows\system32\conhost.exe,C:\Windows\Explorer.EXE,0x1000,,,,,,,{E983936C-CCDD-6006-4607-00000000A301},5080,{E983936C-D083-6006-F907-00000000A301},8048,,T1059.001,PowerShell,Execution,TRACE-PS-01,powershell,https://raw.githubusercontent.com/splunk/attack_data/master/datasets/attack_techniques/T1059.001/encoded_powershell/windows-sysmon.log,9e0e9dd473451cc20475fcee7e19a48a87002c83aaf565ff32d489394af10719,false,Execution,none,raw Computer/IpAddress/User fields,
2021-01-19T13:25:06.923+0000,2021-01-19T13:25:06.923+0000,10,Microsoft-Windows-Sysmon/Operational,ict3214:attack_trace,PS-HOST-01,,,,,,,C:\Windows\System32\WindowsPowerShell\v1.0\powershell.exe,C:\Windows\Explorer.EXE,0x1000,,,,,,,{E983936C-CCDD-6006-4607-00000000A301},5080,{E983936C-D083-6006-F807-00000000A301},7900,,T1059.001,PowerShell,Execution,TRACE-PS-01,powershell,https://raw.githubusercontent.com/splunk/attack_data/master/datasets/attack_techniques/T1059.001/encoded_powershell/windows-sysmon.log,8f199a794e31787d92865191296edc17720f6bf4b6b441e7c6a457e25a5e01bf,false,Execution,none,raw Computer/IpAddress/User fields,
2021-01-19T13:25:06.923+0000,2021-01-19T13:25:06.923+0000,10,Microsoft-Windows-Sysmon/Operational,ict3214:attack_trace,PS-HOST-01,,,,,,,C:\Windows\System32\WindowsPowerShell\v1.0\powershell.exe,C:\Windows\Explorer.EXE,0x1400,,,,,,,{E983936C-CCDD-6006-4607-00000000A301},5080,{E983936C-D083-6006-F807-00000000A301},7900,,T1059.001,PowerShell,Execution,TRACE-PS-01,powershell,https://raw.githubusercontent.com/splunk/attack_data/master/datasets/attack_techniques/T1059.001/encoded_powershell/windows-sysmon.log,e9fdf67f1f97a6e07e215757b1fe7f0b8d4413c3eed43365bbd1976f4d07fcf9,false,Execution,none,raw Computer/IpAddress/User fields,
2021-01-19T13:25:13.461+0000,2021-01-19T13:25:13.461+0000,10,Microsoft-Windows-Sysmon/Operational,ict3214:attack_trace,PS-HOST-01,,,,,,,C:\Program Files\Mozilla Firefox\firefox.exe,C:\Program Files\Mozilla Firefox\firefox.exe,0x2200,,,,,,,{E983936C-CD5C-6006-8407-00000000A301},6812,{E983936C-CEA8-6006-BA07-00000000A301},7648,,T1059.001,PowerShell,Execution,TRACE-PS-01,powershell,https://raw.githubusercontent.com/splunk/attack_data/master/datasets/attack_techniques/T1059.001/encoded_powershell/windows-sysmon.log,3ae3ca0df5eea44d1e6227074eb2ee2b06b18e519ee0ebe3573d50caf9c56109,false,Execution,none,raw Computer/IpAddress/User fields,
2021-01-19T13:25:13.463+0000,2021-01-19T13:25:13.463+0000,10,Microsoft-Windows-Sysmon/Operational,ict3214:attack_trace,PS-HOST-01,,,,,,,C:\Program Files\Mozilla Firefox\firefox.exe,C:\Program Files\Mozilla Firefox\firefox.exe,0x40,,,,,,,{E983936C-CD5C-6006-8407-00000000A301},6812,{E983936C-CD5F-6006-8607-00000000A301},4500,,T1059.001,PowerShell,Execution,TRACE-PS-01,powershell,https://raw.githubusercontent.com/splunk/attack_data/master/datasets/attack_techniques/T1059.001/encoded_powershell/windows-sysmon.log,e122d03b7cc3cf564f6fa5597ac7c9be8e5b114ec7550c82cfc886526c5616e1,false,Execution,none,raw Computer/IpAddress/User fields,
2021-01-19T13:25:13.464+0000,2021-01-19T13:25:13.464+0000,10,Microsoft-Windows-Sysmon/Operational,ict3214:attack_trace,PS-HOST-01,,,,,,,C:\Program Files\Mozilla Firefox\firefox.exe,C:\Program Files\Mozilla Firefox\firefox.exe,0x40,,,,,,,{E983936C-CD5C-6006-8407-00000000A301},6812,{E983936C-CD5F-6006-8607-00000000A301},4500,,T1059.001,PowerShell,Execution,TRACE-PS-01,powershell,https://raw.githubusercontent.com/splunk/attack_data/master/datasets/attack_techniques/T1059.001/encoded_powershell/windows-sysmon.log,da5768136d2fbc78d77e7443aac298cf43d5c63976a251e71e95cdc4fc2443ec,false,Execution,none,raw Computer/IpAddress/User fields,
2021-01-19T13:25:13.468+0000,2021-01-19T13:25:13.468+0000,10,Microsoft-Windows-Sysmon/Operational,ict3214:attack_trace,PS-HOST-01,,,,,,,C:\Program Files\Mozilla Firefox\firefox.exe,C:\Program Files\Mozilla Firefox\firefox.exe,0x40,,,,,,,{E983936C-CD5C-6006-8407-00000000A301},6812,{E983936C-CD5F-6006-8607-00000000A301},4500,,T1059.001,PowerShell,Execution,TRACE-PS-01,powershell,https://raw.githubusercontent.com/splunk/attack_data/master/datasets/attack_techniques/T1059.001/encoded_powershell/windows-sysmon.log,afa00c7f5720214694358163366ceeb9f099121e5ea74b311f042f6fee116bfd,false,Execution,none,raw Computer/IpAddress/User fields,
2021-01-19T13:25:13.489+0000,2021-01-19T13:25:13.489+0000,10,Microsoft-Windows-Sysmon/Operational,ict3214:attack_trace,PS-HOST-01,,,,,,,C:\Program Files\Mozilla Firefox\firefox.exe,C:\Program Files\Mozilla Firefox\firefox.exe,0x40,,,,,,,{E983936C-CD5C-6006-8407-00000000A301},6812,{E983936C-CD5F-6006-8607-00000000A301},4500,,T1059.001,PowerShell,Execution,TRACE-PS-01,powershell,https://raw.githubusercontent.com/splunk/attack_data/master/datasets/attack_techniques/T1059.001/encoded_powershell/windows-sysmon.log,bc9ad3908253928bf17ae107d5bd58a9810a22dbffd23019de79bd7c878c7de9,false,Execution,none,raw Computer/IpAddress/User fields,
2021-01-19T13:25:13.489+0000,2021-01-19T13:25:13.489+0000,10,Microsoft-Windows-Sysmon/Operational,ict3214:attack_trace,PS-HOST-01,,,,,,,C:\Program Files\Mozilla Firefox\firefox.exe,C:\Program Files\Mozilla Firefox\firefox.exe,0x40,,,,,,,{E983936C-CD5C-6006-8407-00000000A301},6812,{E983936C-CD5F-6006-8607-00000000A301},4500,,T1059.001,PowerShell,Execution,TRACE-PS-01,powershell,https://raw.githubusercontent.com/splunk/attack_data/master/datasets/attack_techniques/T1059.001/encoded_powershell/windows-sysmon.log,f30c05045b24214b5b17fa944cd9ec08acdc54150a53a1fc0c7526bb08907d36,false,Execution,none,raw Computer/IpAddress/User fields,
2021-01-19T13:25:13.493+0000,2021-01-19T13:25:13.493+0000,10,Microsoft-Windows-Sysmon/Operational,ict3214:attack_trace,PS-HOST-01,,,,,,,C:\Program Files\Mozilla Firefox\firefox.exe,C:\Program Files\Mozilla Firefox\firefox.exe,0x40,,,,,,,{E983936C-CD5C-6006-8407-00000000A301},6812,{E983936C-CD5F-6006-8607-00000000A301},4500,,T1059.001,PowerShell,Execution,TRACE-PS-01,powershell,https://raw.githubusercontent.com/splunk/attack_data/master/datasets/attack_techniques/T1059.001/encoded_powershell/windows-sysmon.log,b4b294e8d4f00e3bc399f3465a3ef1a528762f9e73ec7090c8e7e36eeddb2932,false,Execution,none,raw Computer/IpAddress/User fields,
2021-01-19T13:25:13.503+0000,2021-01-19T13:25:13.503+0000,10,Microsoft-Windows-Sysmon/Operational,ict3214:attack_trace,PS-HOST-01,,,,,,,C:\Program Files\Mozilla Firefox\firefox.exe,C:\Program Files\Mozilla Firefox\firefox.exe,0x40,,,,,,,{E983936C-CD5C-6006-8407-00000000A301},6812,{E983936C-CD5F-6006-8607-00000000A301},4500,,T1059.001,PowerShell,Execution,TRACE-PS-01,powershell,https://raw.githubusercontent.com/splunk/attack_data/master/datasets/attack_techniques/T1059.001/encoded_powershell/windows-sysmon.log,cc3a4c6e0846532628c27eaf027e9550160f777029db51af215b8e1103adae9e,false,Execution,none,raw Computer/IpAddress/User fields,
2021-01-19T13:25:13.715+0000,2021-01-19T13:25:13.715+0000,10,Microsoft-Windows-Sysmon/Operational,ict3214:attack_trace,PS-HOST-01,,,,,,,C:\Program Files\Mozilla Firefox\firefox.exe,C:\Windows\Explorer.EXE,0x1410,,,,,,,{E983936C-CCDD-6006-4607-00000000A301},5080,{E983936C-CD5C-6006-8407-00000000A301},6812,,T1059.001,PowerShell,Execution,TRACE-PS-01,powershell,https://raw.githubusercontent.com/splunk/attack_data/master/datasets/attack_techniques/T1059.001/encoded_powershell/windows-sysmon.log,68bfd302997f882e58937c5bc502779f9eb6f0c82cb43ce53b5a35f5c6dccaea,false,Execution,none,raw Computer/IpAddress/User fields,
2021-01-19T13:25:13.715+0000,2021-01-19T13:25:13.715+0000,10,Microsoft-Windows-Sysmon/Operational,ict3214:attack_trace,PS-HOST-01,,,,,,,C:\Program Files\Mozilla Firefox\firefox.exe,C:\Windows\Explorer.EXE,0x1000,,,,,,,{E983936C-CCDD-6006-4607-00000000A301},5080,{E983936C-CD5C-6006-8407-00000000A301},6812,,T1059.001,PowerShell,Execution,TRACE-PS-01,powershell,https://raw.githubusercontent.com/splunk/attack_data/master/datasets/attack_techniques/T1059.001/encoded_powershell/windows-sysmon.log,90c12147d0ad41655abcf0c01e8ac6f1321282524ba7ce4bc8ac3a1fcf92386a,false,Execution,none,raw Computer/IpAddress/User fields,
2021-01-19T13:25:13.722+0000,2021-01-19T13:25:13.722+0000,10,Microsoft-Windows-Sysmon/Operational,ict3214:attack_trace,PS-HOST-01,,,,,,,C:\Program Files\Mozilla Firefox\firefox.exe,C:\Windows\Explorer.EXE,0x1000,,,,,,,{E983936C-CCDD-6006-4607-00000000A301},5080,{E983936C-CD5C-6006-8407-00000000A301},6812,,T1059.001,PowerShell,Execution,TRACE-PS-01,powershell,https://raw.githubusercontent.com/splunk/attack_data/master/datasets/attack_techniques/T1059.001/encoded_powershell/windows-sysmon.log,8e90e4f125ac089187af7a1ca01f2813ad9fae02971eae1d3d682fd8139cf4ff,false,Execution,none,raw Computer/IpAddress/User fields,
2021-01-19T13:25:13.750+0000,2021-01-19T13:25:13.750+0000,10,Microsoft-Windows-Sysmon/Operational,ict3214:attack_trace,PS-HOST-01,,,,,,,C:\Program Files\Mozilla Firefox\firefox.exe,C:\Program Files\Mozilla Firefox\firefox.exe,0x40,,,,,,,{E983936C-CD5C-6006-8407-00000000A301},6812,{E983936C-CD5F-6006-8607-00000000A301},4500,,T1059.001,PowerShell,Execution,TRACE-PS-01,powershell,https://raw.githubusercontent.com/splunk/attack_data/master/datasets/attack_techniques/T1059.001/encoded_powershell/windows-sysmon.log,981748e89f86c598dd4e029dde3e78d1c231dd54bedd415349e6668b6c698c11,false,Execution,none,raw Computer/IpAddress/User fields,
2021-01-19T13:25:13.835+0000,2021-01-19T13:25:13.835+0000,10,Microsoft-Windows-Sysmon/Operational,ict3214:attack_trace,PS-HOST-01,,,,,,,C:\Program Files\Mozilla Firefox\firefox.exe,C:\Program Files\Mozilla Firefox\firefox.exe,0x40,,,,,,,{E983936C-CD5C-6006-8407-00000000A301},6812,{E983936C-CD5F-6006-8607-00000000A301},4500,,T1059.001,PowerShell,Execution,TRACE-PS-01,powershell,https://raw.githubusercontent.com/splunk/attack_data/master/datasets/attack_techniques/T1059.001/encoded_powershell/windows-sysmon.log,1c6d0b06ef64ea5036890b45f2724d432a71e7c8c00817792e4ef7108103b27a,false,Execution,none,raw Computer/IpAddress/User fields,
2021-01-19T13:25:13.835+0000,2021-01-19T13:25:13.835+0000,10,Microsoft-Windows-Sysmon/Operational,ict3214:attack_trace,PS-HOST-01,,,,,,,C:\Program Files\Mozilla Firefox\firefox.exe,C:\Program Files\Mozilla Firefox\firefox.exe,0x40,,,,,,,{E983936C-CD5C-6006-8407-00000000A301},6812,{E983936C-CD5F-6006-8607-00000000A301},4500,,T1059.001,PowerShell,Execution,TRACE-PS-01,powershell,https://raw.githubusercontent.com/splunk/attack_data/master/datasets/attack_techniques/T1059.001/encoded_powershell/windows-sysmon.log,63fcc29b6ffca81824c0f85ea99fa2a35db0c06fbebd2ef2ad0164fd32a419e3,false,Execution,none,raw Computer/IpAddress/User fields,
2021-01-19T13:25:15.469+0000,2021-01-19T13:25:15.469+0000,10,Microsoft-Windows-Sysmon/Operational,ict3214:attack_trace,PS-HOST-01,,,,,,,C:\Program Files\Mozilla Firefox\firefox.exe,C:\Program Files\Mozilla Firefox\firefox.exe,0x2200,,,,,,,{E983936C-CD5C-6006-8407-00000000A301},6812,{E983936C-CEA8-6006-BA07-00000000A301},7648,,T1059.001,PowerShell,Execution,TRACE-PS-01,powershell,https://raw.githubusercontent.com/splunk/attack_data/master/datasets/attack_techniques/T1059.001/encoded_powershell/windows-sysmon.log,aec533fbe5f8b48575b634b58a62d77781346bdafa1e67996e6c9cc849aca399,false,Execution,none,raw Computer/IpAddress/User fields,
2021-01-19T13:25:15.568+0000,2021-01-19T13:25:15.568+0000,10,Microsoft-Windows-Sysmon/Operational,ict3214:attack_trace,PS-HOST-01,,,,,,,C:\Program Files\Mozilla Firefox\firefox.exe,C:\Program Files\Mozilla Firefox\firefox.exe,0x40,,,,,,,{E983936C-CD5C-6006-8407-00000000A301},6812,{E983936C-CD5F-6006-8607-00000000A301},4500,,T1059.001,PowerShell,Execution,TRACE-PS-01,powershell,https://raw.githubusercontent.com/splunk/attack_data/master/datasets/attack_techniques/T1059.001/encoded_powershell/windows-sysmon.log,d413d44f26fd27071cdbecacef73f5885fb1ae6efecac7e1af13d53c6a78d7a1,false,Execution,none,raw Computer/IpAddress/User fields,
2021-01-19T13:25:15.643+0000,2021-01-19T13:25:15.643+0000,10,Microsoft-Windows-Sysmon/Operational,ict3214:attack_trace,PS-HOST-01,,,,,,,C:\Program Files\Mozilla Firefox\firefox.exe,C:\Program Files\Mozilla Firefox\firefox.exe,0x40,,,,,,,{E983936C-CD5C-6006-8407-00000000A301},6812,{E983936C-CD5F-6006-8607-00000000A301},4500,,T1059.001,PowerShell,Execution,TRACE-PS-01,powershell,https://raw.githubusercontent.com/splunk/attack_data/master/datasets/attack_techniques/T1059.001/encoded_powershell/windows-sysmon.log,20abc5650913c10332a2fe4906c7bc10d2507cc71f121b81d893b6306994b193,false,Execution,none,raw Computer/IpAddress/User fields,
2021-01-19T13:25:15.643+0000,2021-01-19T13:25:15.643+0000,10,Microsoft-Windows-Sysmon/Operational,ict3214:attack_trace,PS-HOST-01,,,,,,,C:\Program Files\Mozilla Firefox\firefox.exe,C:\Program Files\Mozilla Firefox\firefox.exe,0x40,,,,,,,{E983936C-CD5C-6006-8407-00000000A301},6812,{E983936C-CD5F-6006-8607-00000000A301},4500,,T1059.001,PowerShell,Execution,TRACE-PS-01,powershell,https://raw.githubusercontent.com/splunk/attack_data/master/datasets/attack_techniques/T1059.001/encoded_powershell/windows-sysmon.log,4a490f747dfe3301ba7b7ab7d0c1ff524a4281e04b845beb49d5427cb5ad3d1f,false,Execution,none,raw Computer/IpAddress/User fields,
2021-01-19T13:25:15.676+0000,2021-01-19T13:25:15.676+0000,10,Microsoft-Windows-Sysmon/Operational,ict3214:attack_trace,PS-HOST-01,,,,,,,C:\Program Files\Mozilla Firefox\firefox.exe,C:\Program Files\Mozilla Firefox\firefox.exe,0x40,,,,,,,{E983936C-CD5C-6006-8407-00000000A301},6812,{E983936C-CD5F-6006-8607-00000000A301},4500,,T1059.001,PowerShell,Execution,TRACE-PS-01,powershell,https://raw.githubusercontent.com/splunk/attack_data/master/datasets/attack_techniques/T1059.001/encoded_powershell/windows-sysmon.log,1113031326c8ca820fdc2d60cf5373a1ff446a0fbb584aad0372617010c969d6,false,Execution,none,raw Computer/IpAddress/User fields,
2021-01-19T13:25:15.692+0000,2021-01-19T13:25:15.692+0000,10,Microsoft-Windows-Sysmon/Operational,ict3214:attack_trace,PS-HOST-01,,,,,,,C:\Program Files\Mozilla Firefox\firefox.exe,C:\Program Files\Mozilla Firefox\firefox.exe,0x40,,,,,,,{E983936C-CD5C-6006-8407-00000000A301},6812,{E983936C-CD5F-6006-8607-00000000A301},4500,,T1059.001,PowerShell,Execution,TRACE-PS-01,powershell,https://raw.githubusercontent.com/splunk/attack_data/master/datasets/attack_techniques/T1059.001/encoded_powershell/windows-sysmon.log,266122dc1347aaf06482cbb38e290df82159ab5215421fa4aec11b151ec8d4d2,false,Execution,none,raw Computer/IpAddress/User fields,
2021-01-19T13:25:15.692+0000,2021-01-19T13:25:15.692+0000,10,Microsoft-Windows-Sysmon/Operational,ict3214:attack_trace,PS-HOST-01,,,,,,,C:\Program Files\Mozilla Firefox\firefox.exe,C:\Program Files\Mozilla Firefox\firefox.exe,0x40,,,,,,,{E983936C-CD5C-6006-8407-00000000A301},6812,{E983936C-CD5F-6006-8607-00000000A301},4500,,T1059.001,PowerShell,Execution,TRACE-PS-01,powershell,https://raw.githubusercontent.com/splunk/attack_data/master/datasets/attack_techniques/T1059.001/encoded_powershell/windows-sysmon.log,dd7437f059d73d5bc3dcc76eaff7c82611a8b02e7b21e3246deb14cb3d7307d9,false,Execution,none,raw Computer/IpAddress/User fields,
2021-01-19T13:25:15.750+0000,2021-01-19T13:25:15.750+0000,10,Microsoft-Windows-Sysmon/Operational,ict3214:attack_trace,PS-HOST-01,,,,,,,C:\Program Files\Mozilla Firefox\firefox.exe,C:\Program Files\Mozilla Firefox\firefox.exe,0x40,,,,,,,{E983936C-CD5C-6006-8407-00000000A301},6812,{E983936C-CD5F-6006-8607-00000000A301},4500,,T1059.001,PowerShell,Execution,TRACE-PS-01,powershell,https://raw.githubusercontent.com/splunk/attack_data/master/datasets/attack_techniques/T1059.001/encoded_powershell/windows-sysmon.log,bd48b35a48ba439ed093313a7247e2eff981ff29588ad878aa341b8e8d0dec33,false,Execution,none,raw Computer/IpAddress/User fields,
2021-01-19T13:25:15.797+0000,2021-01-19T13:25:15.797+0000,10,Microsoft-Windows-Sysmon/Operational,ict3214:attack_trace,PS-HOST-01,,,,,,,C:\Program Files\Mozilla Firefox\firefox.exe,C:\Program Files\Mozilla Firefox\firefox.exe,0x40,,,,,,,{E983936C-CD5C-6006-8407-00000000A301},6812,{E983936C-CD5F-6006-8607-00000000A301},4500,,T1059.001,PowerShell,Execution,TRACE-PS-01,powershell,https://raw.githubusercontent.com/splunk/attack_data/master/datasets/attack_techniques/T1059.001/encoded_powershell/windows-sysmon.log,2fc438093eebe6462d046c995e43b1de12e3decaad2e71d012b03ee8d82a7e87,false,Execution,none,raw Computer/IpAddress/User fields,
2021-01-19T13:25:16.092+0000,2021-01-19T13:25:16.092+0000,10,Microsoft-Windows-Sysmon/Operational,ict3214:attack_trace,PS-HOST-01,,,,,,,C:\Program Files\Mozilla Firefox\firefox.exe,C:\Program Files\Mozilla Firefox\firefox.exe,0x40,,,,,,,{E983936C-CD5C-6006-8407-00000000A301},6812,{E983936C-CD5F-6006-8607-00000000A301},4500,,T1059.001,PowerShell,Execution,TRACE-PS-01,powershell,https://raw.githubusercontent.com/splunk/attack_data/master/datasets/attack_techniques/T1059.001/encoded_powershell/windows-sysmon.log,e4b5611719d0f566a293dee8a6976f90b0054798490a344525841c0bceee06ec,false,Execution,none,raw Computer/IpAddress/User fields,
2021-01-19T13:25:16.176+0000,2021-01-19T13:25:16.176+0000,10,Microsoft-Windows-Sysmon/Operational,ict3214:attack_trace,PS-HOST-01,,,,,,,C:\Program Files\Mozilla Firefox\firefox.exe,C:\Program Files\Mozilla Firefox\firefox.exe,0x40,,,,,,,{E983936C-CD5C-6006-8407-00000000A301},6812,{E983936C-CD5F-6006-8607-00000000A301},4500,,T1059.001,PowerShell,Execution,TRACE-PS-01,powershell,https://raw.githubusercontent.com/splunk/attack_data/master/datasets/attack_techniques/T1059.001/encoded_powershell/windows-sysmon.log,ddac14813fe92204560629d392bc03fe7b65b059cfc06a928547d6b9f9ea8eda,false,Execution,none,raw Computer/IpAddress/User fields,
2021-01-19T13:25:16.645+0000,2021-01-19T13:25:16.645+0000,22,Microsoft-Windows-Sysmon/Operational,ict3214:attack_trace,PS-HOST-01,,,,C:\Program Files\Mozilla Firefox\firefox.exe,,,,,,,,,,{E983936C-CD5C-6006-8407-00000000A301},6812,,,,,cdn.ampproject.org,T1059.001,PowerShell,Execution,TRACE-PS-01,powershell,https://raw.githubusercontent.com/splunk/attack_data/master/datasets/attack_techniques/T1059.001/encoded_powershell/windows-sysmon.log,047aa0da275d4978257c14ff8bda2bcd913c2d652db834c5f1776f07cf6b7e58,false,Execution,none,raw Computer/IpAddress/User fields,
2021-01-19T13:25:16.645+0000,2021-01-19T13:25:16.645+0000,22,Microsoft-Windows-Sysmon/Operational,ict3214:attack_trace,PS-HOST-01,,,,C:\Program Files\Mozilla Firefox\firefox.exe,,,,,,,,,,{E983936C-CD5C-6006-8407-00000000A301},6812,,,,,cdn-content.ampproject.org,T1059.001,PowerShell,Execution,TRACE-PS-01,powershell,https://raw.githubusercontent.com/splunk/attack_data/master/datasets/attack_techniques/T1059.001/encoded_powershell/windows-sysmon.log,c6e569cd4452bd34c02a190122d4750e679302bc50d754a2382695f7f72752be,false,Execution,none,raw Computer/IpAddress/User fields,
2021-01-19T13:25:16.645+0000,2021-01-19T13:25:16.645+0000,22,Microsoft-Windows-Sysmon/Operational,ict3214:attack_trace,PS-HOST-01,,,,C:\Program Files\Mozilla Firefox\firefox.exe,,,,,,,,,,{E983936C-CD5C-6006-8407-00000000A301},6812,,,,,cdn-content.ampproject.org,T1059.001,PowerShell,Execution,TRACE-PS-01,powershell,https://raw.githubusercontent.com/splunk/attack_data/master/datasets/attack_techniques/T1059.001/encoded_powershell/windows-sysmon.log,e2317d95c02460ee025a16ac1ded16005517dd31a4d7d43288b27d76d467a535,false,Execution,none,raw Computer/IpAddress/User fields,
2021-01-19T13:25:17.692+0000,2021-01-19T13:25:17.692+0000,22,Microsoft-Windows-Sysmon/Operational,ict3214:attack_trace,PS-HOST-01,,,,C:\Program Files\Mozilla Firefox\firefox.exe,,,,,,,,,,{E983936C-CD5C-6006-8407-00000000A301},6812,,,,,www.google.com,T1059.001,PowerShell,Execution,TRACE-PS-01,powershell,https://raw.githubusercontent.com/splunk/attack_data/master/datasets/attack_techniques/T1059.001/encoded_powershell/windows-sysmon.log,1ed8501af18c213ce2f7bb5d777f125038d7b1e39be7e6d6f86da21bf37e14e5,false,Execution,none,raw Computer/IpAddress/User fields,
2021-01-19T13:25:17.692+0000,2021-01-19T13:25:17.692+0000,22,Microsoft-Windows-Sysmon/Operational,ict3214:attack_trace,PS-HOST-01,,,,C:\Program Files\Mozilla Firefox\firefox.exe,,,,,,,,,,{E983936C-CD5C-6006-8407-00000000A301},6812,,,,,www.google.com,T1059.001,PowerShell,Execution,TRACE-PS-01,powershell,https://raw.githubusercontent.com/splunk/attack_data/master/datasets/attack_techniques/T1059.001/encoded_powershell/windows-sysmon.log,613dc50e7bb8854307d7968d0ccfbe79d1950f2603b4609f4ac59f022a0b72d9,false,Execution,none,raw Computer/IpAddress/User fields,
2021-01-19T13:25:17.692+0000,2021-01-19T13:25:17.692+0000,22,Microsoft-Windows-Sysmon/Operational,ict3214:attack_trace,PS-HOST-01,,,,C:\Program Files\Mozilla Firefox\firefox.exe,,,,,,,,,,{E983936C-CD5C-6006-8407-00000000A301},6812,,,,,www.google.com,T1059.001,PowerShell,Execution,TRACE-PS-01,powershell,https://raw.githubusercontent.com/splunk/attack_data/master/datasets/attack_techniques/T1059.001/encoded_powershell/windows-sysmon.log,73048062c3a2904f41d56c4e714fc0f7e05f887e48d779f946106847213d340b,false,Execution,none,raw Computer/IpAddress/User fields,
2021-01-19T13:25:17.692+0000,2021-01-19T13:25:17.692+0000,22,Microsoft-Windows-Sysmon/Operational,ict3214:attack_trace,PS-HOST-01,,,,C:\Program Files\Mozilla Firefox\firefox.exe,,,,,,,,,,{E983936C-CD5C-6006-8407-00000000A301},6812,,,,,s0-2mdn-net.l.google.com,T1059.001,PowerShell,Execution,TRACE-PS-01,powershell,https://raw.githubusercontent.com/splunk/attack_data/master/datasets/attack_techniques/T1059.001/encoded_powershell/windows-sysmon.log,b20401ca7aae32b2c6307c48147b8fc9711a5f946449c0235960e6795be7837c,false,Execution,none,raw Computer/IpAddress/User fields,
2021-01-19T13:25:19.008+0000,2021-01-19T13:25:19.008+0000,10,Microsoft-Windows-Sysmon/Operational,ict3214:attack_trace,PS-HOST-01,,,,,,,C:\Windows\sysmon64.exe,C:\Windows\system32\svchost.exe,0x1400,,,,,,,{E983936C-B38F-6006-0C00-00000000A301},592,{E983936C-B3A0-6006-3100-00000000A301},2052,,T1059.001,PowerShell,Execution,TRACE-PS-01,powershell,https://raw.githubusercontent.com/splunk/attack_data/master/datasets/attack_techniques/T1059.001/encoded_powershell/windows-sysmon.log,1575fad603567973004352a670be74160e818e2a327590c9d17c777d216b0618,false,Execution,none,raw Computer/IpAddress/User fields,
2021-01-19T13:25:19.008+0000,2021-01-19T13:25:19.008+0000,10,Microsoft-Windows-Sysmon/Operational,ict3214:attack_trace,PS-HOST-01,,,,,,,C:\Windows\sysmon64.exe,C:\Windows\system32\svchost.exe,0x1400,,,,,,,{E983936C-B38F-6006-0C00-00000000A301},592,{E983936C-B3A0-6006-3100-00000000A301},2052,,T1059.001,PowerShell,Execution,TRACE-PS-01,powershell,https://raw.githubusercontent.com/splunk/attack_data/master/datasets/attack_techniques/T1059.001/encoded_powershell/windows-sysmon.log,286f8226bea0f64d6a039360618652d191572abf7c94cd29f1911bef1083bdff,false,Execution,none,raw Computer/IpAddress/User fields,
2021-01-19T13:25:19.008+0000,2021-01-19T13:25:19.008+0000,10,Microsoft-Windows-Sysmon/Operational,ict3214:attack_trace,PS-HOST-01,,,,,,,C:\Program Files\SplunkUniversalForwarder\bin\splunk-admon.exe,C:\Windows\system32\csrss.exe,0x1fffff,,,,,,,{E983936C-B38D-6006-0500-00000000A301},636,{E983936C-DDBF-6006-8909-00000000A301},5196,,T1059.001,PowerShell,Execution,TRACE-PS-01,powershell,https://raw.githubusercontent.com/splunk/attack_data/master/datasets/attack_techniques/T1059.001/encoded_powershell/windows-sysmon.log,32741eb415d7efc60a1bd17b9db38b96bcdebf25aa32330b5114b624037b5e3a,false,Execution,none,raw Computer/IpAddress/User fields,
2021-01-19T13:25:19.008+0000,2021-01-19T13:25:19.008+0000,10,Microsoft-Windows-Sysmon/Operational,ict3214:attack_trace,PS-HOST-01,,,,,,,C:\Windows\sysmon64.exe,C:\Windows\system32\svchost.exe,0x1400,,,,,,,{E983936C-B38F-6006-0C00-00000000A301},592,{E983936C-B3A0-6006-3100-00000000A301},2052,,T1059.001,PowerShell,Execution,TRACE-PS-01,powershell,https://raw.githubusercontent.com/splunk/attack_data/master/datasets/attack_techniques/T1059.001/encoded_powershell/windows-sysmon.log,436cbadb3d3fc8dc239dd007e89bf04e44baadf7f1f60082443cd909e948a500,false,Execution,none,raw Computer/IpAddress/User fields,
2021-01-19T13:25:19.008+0000,2021-01-19T13:25:19.008+0000,1,Microsoft-Windows-Sysmon/Operational,ict3214:attack_trace,PS-HOST-01,,,NT AUTHORITY\SYSTEM,C:\Program Files\SplunkUniversalForwarder\bin\splunk-admon.exe,C:\Program Files\SplunkUniversalForwarder\bin\splunkd.exe,"""C:\Program Files\SplunkUniversalForwarder\bin\splunk-admon.exe""",,,,,,,,{E983936C-DDBF-6006-8909-00000000A301},5196,,,,,,T1059.001,PowerShell,Execution,TRACE-PS-01,powershell,https://raw.githubusercontent.com/splunk/attack_data/master/datasets/attack_techniques/T1059.001/encoded_powershell/windows-sysmon.log,856658fb0bce17e206265d6d65622745c5eda27b17b8775f13c99f22815ccd9e,false,Execution,none,raw Computer/IpAddress/User fields,{E983936C-B438-6006-B400-00000000A301}
2021-01-19T13:25:19.008+0000,2021-01-19T13:25:19.008+0000,10,Microsoft-Windows-Sysmon/Operational,ict3214:attack_trace,PS-HOST-01,,,,,,,C:\Program Files\SplunkUniversalForwarder\bin\splunk-admon.exe,C:\Program Files\SplunkUniversalForwarder\bin\splunkd.exe,0x1fffff,,,,,,,{E983936C-B438-6006-B400-00000000A301},4412,{E983936C-DDBF-6006-8909-00000000A301},5196,,T1059.001,PowerShell,Execution,TRACE-PS-01,powershell,https://raw.githubusercontent.com/splunk/attack_data/master/datasets/attack_techniques/T1059.001/encoded_powershell/windows-sysmon.log,8cc271ac3b54d02ff3982e3a975de52ef060e501667d4b6cf1de6dd5dc145a6f,false,Execution,none,raw Computer/IpAddress/User fields,
2021-01-19T13:25:19.008+0000,2021-01-19T13:25:19.008+0000,10,Microsoft-Windows-Sysmon/Operational,ict3214:attack_trace,PS-HOST-01,,,,,,,C:\Windows\sysmon64.exe,C:\Windows\system32\svchost.exe,0x1400,,,,,,,{E983936C-B38F-6006-0C00-00000000A301},592,{E983936C-B3A0-6006-3100-00000000A301},2052,,T1059.001,PowerShell,Execution,TRACE-PS-01,powershell,https://raw.githubusercontent.com/splunk/attack_data/master/datasets/attack_techniques/T1059.001/encoded_powershell/windows-sysmon.log,e9045bf29e5229d1389ec9cfe0db9061834ea745c105111cccd1a31ebee335b8,false,Execution,none,raw Computer/IpAddress/User fields,
2021-01-19T13:25:19.009+0000,2021-01-19T13:25:19.009+0000,10,Microsoft-Windows-Sysmon/Operational,ict3214:attack_trace,PS-HOST-01,,,,,,,C:\Program Files\SplunkUniversalForwarder\bin\splunk-admon.exe,C:\Windows\system32\conhost.exe,0x1fffff,,,,,,,{E983936C-B439-6006-B800-00000000A301},4284,{E983936C-DDBF-6006-8909-00000000A301},5196,,T1059.001,PowerShell,Execution,TRACE-PS-01,powershell,https://raw.githubusercontent.com/splunk/attack_data/master/datasets/attack_techniques/T1059.001/encoded_powershell/windows-sysmon.log,a381f7045e9483ed21f6915f9867043d2aa5c3f60b418207e9561f1f0c8d5dee,false,Execution,none,raw Computer/IpAddress/User fields,
2021-01-19T13:25:19.157+0000,2021-01-19T13:25:19.157+0000,10,Microsoft-Windows-Sysmon/Operational,ict3214:attack_trace,PS-HOST-01,,,,,,,C:\Program Files\SplunkUniversalForwarder\bin\splunkd.exe,C:\Program Files\SplunkUniversalForwarder\bin\splunk-admon.exe,0x101400,,,,,,,{E983936C-DDBF-6006-8909-00000000A301},5196,{E983936C-B438-6006-B400-00000000A301},4412,,T1059.001,PowerShell,Execution,TRACE-PS-01,powershell,https://raw.githubusercontent.com/splunk/attack_data/master/datasets/attack_techniques/T1059.001/encoded_powershell/windows-sysmon.log,d53145d35b19b4b6068e2a268bf3913879335752f473a2e72fa6f73e154b4b46,false,Execution,none,raw Computer/IpAddress/User fields,
2021-01-19T13:25:19.319+0000,2021-01-19T13:25:19.319+0000,10,Microsoft-Windows-Sysmon/Operational,ict3214:attack_trace,PS-HOST-01,,,,,,,System,C:\Windows\system32\lsass.exe,0x1000,,,,,,,{E983936C-B38D-6006-0B00-00000000A301},852,{E983936C-B38B-6006-0100-00000000A301},4,,T1059.001,PowerShell,Execution,TRACE-PS-01,powershell,https://raw.githubusercontent.com/splunk/attack_data/master/datasets/attack_techniques/T1059.001/encoded_powershell/windows-sysmon.log,e157e4422421e19580c7c3b03688f5c06d8e0f94721e19657a7ce8e07aa67c7c,false,Execution,none,raw Computer/IpAddress/User fields,
2021-01-19T13:25:19.694+0000,2021-01-19T13:25:19.694+0000,1,Microsoft-Windows-Sysmon/Operational,ict3214:attack_trace,PS-HOST-01,,,NT AUTHORITY\SYSTEM,C:\Program Files\SplunkUniversalForwarder\bin\splunk-powershell.exe,C:\Program Files\SplunkUniversalForwarder\bin\splunkd.exe,"""C:\Program Files\SplunkUniversalForwarder\bin\splunk-powershell.exe""",,,,,,,,{E983936C-DDBF-6006-8A09-00000000A301},5860,,,,,,T1059.001,PowerShell,Execution,TRACE-PS-01,powershell,https://raw.githubusercontent.com/splunk/attack_data/master/datasets/attack_techniques/T1059.001/encoded_powershell/windows-sysmon.log,af111ae4aadf338315f66fed10bf8fe4155ad4ecf2e86b4c4e08b0bcdf91d384,false,Execution,none,raw Computer/IpAddress/User fields,{E983936C-B438-6006-B400-00000000A301}
2021-01-19T13:25:19.694+0000,2021-01-19T13:25:19.694+0000,10,Microsoft-Windows-Sysmon/Operational,ict3214:attack_trace,PS-HOST-01,,,,,,,C:\Program Files\SplunkUniversalForwarder\bin\splunk-powershell.exe,C:\Program Files\SplunkUniversalForwarder\bin\splunkd.exe,0x1fffff,,,,,,,{E983936C-B438-6006-B400-00000000A301},4412,{E983936C-DDBF-6006-8A09-00000000A301},5860,,T1059.001,PowerShell,Execution,TRACE-PS-01,powershell,https://raw.githubusercontent.com/splunk/attack_data/master/datasets/attack_techniques/T1059.001/encoded_powershell/windows-sysmon.log,d88e94aefceede935a09a6f1ce847883524e9484fb4a33ad5863c864f9c82d88,false,Execution,none,raw Computer/IpAddress/User fields,
2021-01-19T13:25:19.695+0000,2021-01-19T13:25:19.695+0000,10,Microsoft-Windows-Sysmon/Operational,ict3214:attack_trace,PS-HOST-01,,,,,,,C:\Program Files\SplunkUniversalForwarder\bin\splunk-powershell.exe,C:\Windows\system32\csrss.exe,0x1fffff,,,,,,,{E983936C-B38D-6006-0500-00000000A301},636,{E983936C-DDBF-6006-8A09-00000000A301},5860,,T1059.001,PowerShell,Execution,TRACE-PS-01,powershell,https://raw.githubusercontent.com/splunk/attack_data/master/datasets/attack_techniques/T1059.001/encoded_powershell/windows-sysmon.log,05d46ec1d64aa3d127c91b2185a5d6143c3d6fb8baa86dc2007f0b657a869d15,false,Execution,none,raw Computer/IpAddress/User fields,
2021-01-19T13:25:19.695+0000,2021-01-19T13:25:19.695+0000,10,Microsoft-Windows-Sysmon/Operational,ict3214:attack_trace,PS-HOST-01,,,,,,,C:\Windows\sysmon64.exe,C:\Windows\system32\svchost.exe,0x1400,,,,,,,{E983936C-B38F-6006-0C00-00000000A301},592,{E983936C-B3A0-6006-3100-00000000A301},2052,,T1059.001,PowerShell,Execution,TRACE-PS-01,powershell,https://raw.githubusercontent.com/splunk/attack_data/master/datasets/attack_techniques/T1059.001/encoded_powershell/windows-sysmon.log,0a0b2807893f593444a109d162826d556ea735f313e0d73d7adbdbd29449bac2,false,Execution,none,raw Computer/IpAddress/User fields,
2021-01-19T13:25:19.695+0000,2021-01-19T13:25:19.695+0000,10,Microsoft-Windows-Sysmon/Operational,ict3214:attack_trace,PS-HOST-01,,,,,,,C:\Windows\sysmon64.exe,C:\Windows\system32\svchost.exe,0x1400,,,,,,,{E983936C-B38F-6006-0C00-00000000A301},592,{E983936C-B3A0-6006-3100-00000000A301},2052,,T1059.001,PowerShell,Execution,TRACE-PS-01,powershell,https://raw.githubusercontent.com/splunk/attack_data/master/datasets/attack_techniques/T1059.001/encoded_powershell/windows-sysmon.log,31cf31742e2a7fcff303d0e69f7500364382cf014d569a10e7dd56eacb3c5fbb,false,Execution,none,raw Computer/IpAddress/User fields,
2021-01-19T13:25:19.695+0000,2021-01-19T13:25:19.695+0000,10,Microsoft-Windows-Sysmon/Operational,ict3214:attack_trace,PS-HOST-01,,,,,,,C:\Windows\sysmon64.exe,C:\Windows\system32\svchost.exe,0x1400,,,,,,,{E983936C-B38F-6006-0C00-00000000A301},592,{E983936C-B3A0-6006-3100-00000000A301},2052,,T1059.001,PowerShell,Execution,TRACE-PS-01,powershell,https://raw.githubusercontent.com/splunk/attack_data/master/datasets/attack_techniques/T1059.001/encoded_powershell/windows-sysmon.log,d46d959f6a7c9f432d0ef959df35215de1fa2467d96e7a1c521d05b9b171e366,false,Execution,none,raw Computer/IpAddress/User fields,
2021-01-19T13:25:19.695+0000,2021-01-19T13:25:19.695+0000,10,Microsoft-Windows-Sysmon/Operational,ict3214:attack_trace,PS-HOST-01,,,,,,,C:\Windows\sysmon64.exe,C:\Windows\system32\svchost.exe,0x1400,,,,,,,{E983936C-B38F-6006-0C00-00000000A301},592,{E983936C-B3A0-6006-3100-00000000A301},2052,,T1059.001,PowerShell,Execution,TRACE-PS-01,powershell,https://raw.githubusercontent.com/splunk/attack_data/master/datasets/attack_techniques/T1059.001/encoded_powershell/windows-sysmon.log,e01732ca51d57a648c74005d4fad47b73a080bae4504382e384b162087467bf5,false,Execution,none,raw Computer/IpAddress/User fields,
2021-01-19T13:25:19.696+0000,2021-01-19T13:25:19.696+0000,10,Microsoft-Windows-Sysmon/Operational,ict3214:attack_trace,PS-HOST-01,,,,,,,C:\Program Files\SplunkUniversalForwarder\bin\splunk-powershell.exe,C:\Windows\system32\conhost.exe,0x1fffff,,,,,,,{E983936C-B439-6006-B800-00000000A301},4284,{E983936C-DDBF-6006-8A09-00000000A301},5860,,T1059.001,PowerShell,Execution,TRACE-PS-01,powershell,https://raw.githubusercontent.com/splunk/attack_data/master/datasets/attack_techniques/T1059.001/encoded_powershell/windows-sysmon.log,aa11eca5b8dc137785287216b4f042ef6ced796497b3021a7e9dd6f9bb899692,false,Execution,none,raw Computer/IpAddress/User fields,
2021-01-19T13:25:19.844+0000,2021-01-19T13:25:19.844+0000,10,Microsoft-Windows-Sysmon/Operational,ict3214:attack_trace,PS-HOST-01,,,,,,,C:\Program Files\SplunkUniversalForwarder\bin\splunkd.exe,C:\Program Files\SplunkUniversalForwarder\bin\splunk-powershell.exe,0x101400,,,,,,,{E983936C-DDBF-6006-8A09-00000000A301},5860,{E983936C-B438-6006-B400-00000000A301},4412,,T1059.001,PowerShell,Execution,TRACE-PS-01,powershell,https://raw.githubusercontent.com/splunk/attack_data/master/datasets/attack_techniques/T1059.001/encoded_powershell/windows-sysmon.log,c17365525554d7ce4113390c794c90df2f9727d0d28e553a240b1b3782428412,false,Execution,none,raw Computer/IpAddress/User fields,
2021-01-19T13:25:20.366+0000,2021-01-19T13:25:20.366+0000,10,Microsoft-Windows-Sysmon/Operational,ict3214:attack_trace,PS-HOST-01,,,,,,,C:\Program Files\SplunkUniversalForwarder\bin\splunk-powershell.exe,C:\Windows\system32\csrss.exe,0x1fffff,,,,,,,{E983936C-B38D-6006-0500-00000000A301},636,{E983936C-DDC0-6006-8B09-00000000A301},5392,,T1059.001,PowerShell,Execution,TRACE-PS-01,powershell,https://raw.githubusercontent.com/splunk/attack_data/master/datasets/attack_techniques/T1059.001/encoded_powershell/windows-sysmon.log,28879283676c1536223256744c8760cd31ab904ad97173d39b8ceb76daea210f,false,Execution,none,raw Computer/IpAddress/User fields,
2021-01-19T13:25:20.366+0000,2021-01-19T13:25:20.366+0000,10,Microsoft-Windows-Sysmon/Operational,ict3214:attack_trace,PS-HOST-01,,,,,,,C:\Program Files\SplunkUniversalForwarder\bin\splunk-powershell.exe,C:\Program Files\SplunkUniversalForwarder\bin\splunkd.exe,0x1fffff,,,,,,,{E983936C-B438-6006-B400-00000000A301},4412,{E983936C-DDC0-6006-8B09-00000000A301},5392,,T1059.001,PowerShell,Execution,TRACE-PS-01,powershell,https://raw.githubusercontent.com/splunk/attack_data/master/datasets/attack_techniques/T1059.001/encoded_powershell/windows-sysmon.log,2a2b47a8f22ea2ac2781888822d87039c49eefb281f69df4b04100fd9ac0d4bb,false,Execution,none,raw Computer/IpAddress/User fields,
2021-01-19T13:25:20.366+0000,2021-01-19T13:25:20.366+0000,1,Microsoft-Windows-Sysmon/Operational,ict3214:attack_trace,PS-HOST-01,,,NT AUTHORITY\SYSTEM,C:\Program Files\SplunkUniversalForwarder\bin\splunk-powershell.exe,C:\Program Files\SplunkUniversalForwarder\bin\splunkd.exe,"""C:\Program Files\SplunkUniversalForwarder\bin\splunk-powershell.exe"" --ps2",,,,,,,,{E983936C-DDC0-6006-8B09-00000000A301},5392,,,,,,T1059.001,PowerShell,Execution,TRACE-PS-01,powershell,https://raw.githubusercontent.com/splunk/attack_data/master/datasets/attack_techniques/T1059.001/encoded_powershell/windows-sysmon.log,3c576d3454fdbe3c41106ce11c2e6484ff13fb6a2070a89e7cb0eb16373c2316,false,Execution,none,raw Computer/IpAddress/User fields,{E983936C-B438-6006-B400-00000000A301}
2021-01-19T13:25:20.366+0000,2021-01-19T13:25:20.366+0000,10,Microsoft-Windows-Sysmon/Operational,ict3214:attack_trace,PS-HOST-01,,,,,,,C:\Windows\sysmon64.exe,C:\Windows\system32\svchost.exe,0x1400,,,,,,,{E983936C-B38F-6006-0C00-00000000A301},592,{E983936C-B3A0-6006-3100-00000000A301},2052,,T1059.001,PowerShell,Execution,TRACE-PS-01,powershell,https://raw.githubusercontent.com/splunk/attack_data/master/datasets/attack_techniques/T1059.001/encoded_powershell/windows-sysmon.log,3ccd91a28c3a491e64fc2e26b91ad7bbf9c7b542bfeec440e017193fa267d4d2,false,Execution,none,raw Computer/IpAddress/User fields,
2021-01-19T13:25:20.366+0000,2021-01-19T13:25:20.366+0000,10,Microsoft-Windows-Sysmon/Operational,ict3214:attack_trace,PS-HOST-01,,,,,,,C:\Windows\sysmon64.exe,C:\Windows\system32\svchost.exe,0x1400,,,,,,,{E983936C-B38F-6006-0C00-00000000A301},592,{E983936C-B3A0-6006-3100-00000000A301},2052,,T1059.001,PowerShell,Execution,TRACE-PS-01,powershell,https://raw.githubusercontent.com/splunk/attack_data/master/datasets/attack_techniques/T1059.001/encoded_powershell/windows-sysmon.log,6e49f48aaba65d38b6e679747164e9c47f10312a5f302da1229e5ff0a73563d4,false,Execution,none,raw Computer/IpAddress/User fields,
2021-01-19T13:25:20.366+0000,2021-01-19T13:25:20.366+0000,10,Microsoft-Windows-Sysmon/Operational,ict3214:attack_trace,PS-HOST-01,,,,,,,C:\Windows\sysmon64.exe,C:\Windows\system32\svchost.exe,0x1400,,,,,,,{E983936C-B38F-6006-0C00-00000000A301},592,{E983936C-B3A0-6006-3100-00000000A301},2052,,T1059.001,PowerShell,Execution,TRACE-PS-01,powershell,https://raw.githubusercontent.com/splunk/attack_data/master/datasets/attack_techniques/T1059.001/encoded_powershell/windows-sysmon.log,8fddb382598f78325a209b9f1196b3eb235ccc1f63b6d79f7fc02a15efb8c752,false,Execution,none,raw Computer/IpAddress/User fields,
2021-01-19T13:25:20.366+0000,2021-01-19T13:25:20.366+0000,10,Microsoft-Windows-Sysmon/Operational,ict3214:attack_trace,PS-HOST-01,,,,,,,C:\Windows\sysmon64.exe,C:\Windows\system32\svchost.exe,0x1400,,,,,,,{E983936C-B38F-6006-0C00-00000000A301},592,{E983936C-B3A0-6006-3100-00000000A301},2052,,T1059.001,PowerShell,Execution,TRACE-PS-01,powershell,https://raw.githubusercontent.com/splunk/attack_data/master/datasets/attack_techniques/T1059.001/encoded_powershell/windows-sysmon.log,bbd24f9ee88a9bf4fda5242eaa59ba3c0e892bb96e84a35a5ac609a459126375,false,Execution,none,raw Computer/IpAddress/User fields,
2021-01-19T13:25:20.367+0000,2021-01-19T13:25:20.367+0000,10,Microsoft-Windows-Sysmon/Operational,ict3214:attack_trace,PS-HOST-01,,,,,,,C:\Program Files\SplunkUniversalForwarder\bin\splunk-powershell.exe,C:\Windows\system32\conhost.exe,0x1fffff,,,,,,,{E983936C-B439-6006-B800-00000000A301},4284,{E983936C-DDC0-6006-8B09-00000000A301},5392,,T1059.001,PowerShell,Execution,TRACE-PS-01,powershell,https://raw.githubusercontent.com/splunk/attack_data/master/datasets/attack_techniques/T1059.001/encoded_powershell/windows-sysmon.log,63b4f256ff730c1be270d9ce00cab43cc7e22c6eeb2ca31b0e86363de3af2e14,false,Execution,none,raw Computer/IpAddress/User fields,
2021-01-19T13:25:20.516+0000,2021-01-19T13:25:20.516+0000,10,Microsoft-Windows-Sysmon/Operational,ict3214:attack_trace,PS-HOST-01,,,,,,,C:\Program Files\SplunkUniversalForwarder\bin\splunkd.exe,C:\Program Files\SplunkUniversalForwarder\bin\splunk-powershell.exe,0x101400,,,,,,,{E983936C-DDC0-6006-8B09-00000000A301},5392,{E983936C-B438-6006-B400-00000000A301},4412,,T1059.001,PowerShell,Execution,TRACE-PS-01,powershell,https://raw.githubusercontent.com/splunk/attack_data/master/datasets/attack_techniques/T1059.001/encoded_powershell/windows-sysmon.log,d77f10b2a1fd917f2d65c00676c402ef4ec4dc8531f4ca5e3417af6e6eba3b54,false,Execution,none,raw Computer/IpAddress/User fields,
2021-01-19T13:25:20.962+0000,2021-01-19T13:25:20.962+0000,10,Microsoft-Windows-Sysmon/Operational,ict3214:attack_trace,PS-HOST-01,,,,,,,C:\Windows\system32\DFSRs.exe,C:\Windows\system32\svchost.exe,0x1fffff,,,,,,,{E983936C-B390-6006-1600-00000000A301},1528,{E983936C-B3A0-6006-2B00-00000000A301},2256,,T1059.001,PowerShell,Execution,TRACE-PS-01,powershell,https://raw.githubusercontent.com/splunk/attack_data/master/datasets/attack_techniques/T1059.001/encoded_powershell/windows-sysmon.log,fbe53fe0e2bcb037d6f49e9ccb0bffa01b5de9dde3cdcacb6f4b4ecd385aa720,false,Execution,none,raw Computer/IpAddress/User fields,
2021-01-19T13:25:20.963+0000,2021-01-19T13:25:20.963+0000,10,Microsoft-Windows-Sysmon/Operational,ict3214:attack_trace,PS-HOST-01,,,,,,,C:\Windows\system32\DFSRs.exe,C:\Windows\system32\svchost.exe,0x1fffff,,,,,,,{E983936C-B390-6006-1600-00000000A301},1528,{E983936C-B3A0-6006-2B00-00000000A301},2256,,T1059.001,PowerShell,Execution,TRACE-PS-01,powershell,https://raw.githubusercontent.com/splunk/attack_data/master/datasets/attack_techniques/T1059.001/encoded_powershell/windows-sysmon.log,12cf6230d804b770e98fcb6449c304c86076abd70cb7350659d22aec3c32885e,false,Execution,none,raw Computer/IpAddress/User fields,
2021-01-19T13:25:21.038+0000,2021-01-19T13:25:21.038+0000,10,Microsoft-Windows-Sysmon/Operational,ict3214:attack_trace,PS-HOST-01,,,,,,,C:\Windows\sysmon64.exe,C:\Windows\system32\svchost.exe,0x1400,,,,,,,{E983936C-B38F-6006-0C00-00000000A301},592,{E983936C-B3A0-6006-3100-00000000A301},2052,,T1059.001,PowerShell,Execution,TRACE-PS-01,powershell,https://raw.githubusercontent.com/splunk/attack_data/master/datasets/attack_techniques/T1059.001/encoded_powershell/windows-sysmon.log,1bb757089ef7249aad5a53c7f847c9a217822952f3e7a14e11d9d41dc3894a87,false,Execution,none,raw Computer/IpAddress/User fields,
2021-01-19T13:25:21.038+0000,2021-01-19T13:25:21.038+0000,10,Microsoft-Windows-Sysmon/Operational,ict3214:attack_trace,PS-HOST-01,,,,,,,C:\Program Files\SplunkUniversalForwarder\bin\splunk-regmon.exe,C:\Windows\system32\csrss.exe,0x1fffff,,,,,,,{E983936C-B38D-6006-0500-00000000A301},636,{E983936C-DDC1-6006-8C09-00000000A301},4456,,T1059.001,PowerShell,Execution,TRACE-PS-01,powershell,https://raw.githubusercontent.com/splunk/attack_data/master/datasets/attack_techniques/T1059.001/encoded_powershell/windows-sysmon.log,2c0815d383f80be4c134db7c7ee0a75ca8d12279c35259f8991b2f63f3de6c2f,false,Execution,none,raw Computer/IpAddress/User fields,
2021-01-19T13:25:21.038+0000,2021-01-19T13:25:21.038+0000,1,Microsoft-Windows-Sysmon/Operational,ict3214:attack_trace,PS-HOST-01,,,NT AUTHORITY\SYSTEM,C:\Program Files\SplunkUniversalForwarder\bin\splunk-regmon.exe,C:\Program Files\SplunkUniversalForwarder\bin\splunkd.exe,"""C:\Program Files\SplunkUniversalForwarder\bin\splunk-regmon.exe""",,,,,,,,{E983936C-DDC1-6006-8C09-00000000A301},4456,,,,,,T1059.001,PowerShell,Execution,TRACE-PS-01,powershell,https://raw.githubusercontent.com/splunk/attack_data/master/datasets/attack_techniques/T1059.001/encoded_powershell/windows-sysmon.log,577eb885ff3185104a66fa7ac067ed7b4637d922c67f57e5920f92ec881cb1ce,false,Execution,none,raw Computer/IpAddress/User fields,{E983936C-B438-6006-B400-00000000A301}
2021-01-19T13:25:21.038+0000,2021-01-19T13:25:21.038+0000,10,Microsoft-Windows-Sysmon/Operational,ict3214:attack_trace,PS-HOST-01,,,,,,,C:\Program Files\SplunkUniversalForwarder\bin\splunk-regmon.exe,C:\Program Files\SplunkUniversalForwarder\bin\splunkd.exe,0x1fffff,,,,,,,{E983936C-B438-6006-B400-00000000A301},4412,{E983936C-DDC1-6006-8C09-00000000A301},4456,,T1059.001,PowerShell,Execution,TRACE-PS-01,powershell,https://raw.githubusercontent.com/splunk/attack_data/master/datasets/attack_techniques/T1059.001/encoded_powershell/windows-sysmon.log,78945164429fe394df8fea97a2bd095d97408381e99e21d25b546c45c1aa4558,false,Execution,none,raw Computer/IpAddress/User fields,
2021-01-19T13:25:21.039+0000,2021-01-19T13:25:21.039+0000,10,Microsoft-Windows-Sysmon/Operational,ict3214:attack_trace,PS-HOST-01,,,,,,,C:\Program Files\SplunkUniversalForwarder\bin\splunk-regmon.exe,C:\Windows\system32\conhost.exe,0x1fffff,,,,,,,{E983936C-B439-6006-B800-00000000A301},4284,{E983936C-DDC1-6006-8C09-00000000A301},4456,,T1059.001,PowerShell,Execution,TRACE-PS-01,powershell,https://raw.githubusercontent.com/splunk/attack_data/master/datasets/attack_techniques/T1059.001/encoded_powershell/windows-sysmon.log,77cbd66441d9fc2f24712d41e8a938fa77ab4899346d31639489c4c49c8d542d,false,Execution,none,raw Computer/IpAddress/User fields,
2021-01-19T13:25:21.039+0000,2021-01-19T13:25:21.039+0000,10,Microsoft-Windows-Sysmon/Operational,ict3214:attack_trace,PS-HOST-01,,,,,,,C:\Windows\sysmon64.exe,C:\Windows\system32\svchost.exe,0x1400,,,,,,,{E983936C-B38F-6006-0C00-00000000A301},592,{E983936C-B3A0-6006-3100-00000000A301},2052,,T1059.001,PowerShell,Execution,TRACE-PS-01,powershell,https://raw.githubusercontent.com/splunk/attack_data/master/datasets/attack_techniques/T1059.001/encoded_powershell/windows-sysmon.log,95b21114e8adaee10fafe8e929bb0b2e588420ab0eb93c2b94b26a1764230144,false,Execution,none,raw Computer/IpAddress/User fields,
2021-01-19T13:25:21.039+0000,2021-01-19T13:25:21.039+0000,10,Microsoft-Windows-Sysmon/Operational,ict3214:attack_trace,PS-HOST-01,,,,,,,C:\Windows\sysmon64.exe,C:\Windows\system32\svchost.exe,0x1400,,,,,,,{E983936C-B38F-6006-0C00-00000000A301},592,{E983936C-B3A0-6006-3100-00000000A301},2052,,T1059.001,PowerShell,Execution,TRACE-PS-01,powershell,https://raw.githubusercontent.com/splunk/attack_data/master/datasets/attack_techniques/T1059.001/encoded_powershell/windows-sysmon.log,9df5348027bc2b956e8597c4bcef45b4c84bdbafc2537bc2ea56629bb160c30c,false,Execution,none,raw Computer/IpAddress/User fields,
2021-01-19T13:25:21.039+0000,2021-01-19T13:25:21.039+0000,10,Microsoft-Windows-Sysmon/Operational,ict3214:attack_trace,PS-HOST-01,,,,,,,C:\Windows\sysmon64.exe,C:\Windows\system32\svchost.exe,0x1400,,,,,,,{E983936C-B38F-6006-0C00-00000000A301},592,{E983936C-B3A0-6006-3100-00000000A301},2052,,T1059.001,PowerShell,Execution,TRACE-PS-01,powershell,https://raw.githubusercontent.com/splunk/attack_data/master/datasets/attack_techniques/T1059.001/encoded_powershell/windows-sysmon.log,d6218f3ccc9368b21e85ff52e718d30d236d93693407094dbc2c82f4e084ee0f,false,Execution,none,raw Computer/IpAddress/User fields,
2021-01-19T13:25:21.195+0000,2021-01-19T13:25:21.195+0000,10,Microsoft-Windows-Sysmon/Operational,ict3214:attack_trace,PS-HOST-01,,,,,,,C:\Program Files\SplunkUniversalForwarder\bin\splunkd.exe,C:\Program Files\SplunkUniversalForwarder\bin\splunk-regmon.exe,0x101400,,,,,,,{E983936C-DDC1-6006-8C09-00000000A301},4456,{E983936C-B438-6006-B400-00000000A301},4412,,T1059.001,PowerShell,Execution,TRACE-PS-01,powershell,https://raw.githubusercontent.com/splunk/attack_data/master/datasets/attack_techniques/T1059.001/encoded_powershell/windows-sysmon.log,1b973b669e2d1c04b27e5336591bb1060487700acf288163235ffc192f4c21d3,false,Execution,none,raw Computer/IpAddress/User fields,
2021-01-19T13:25:21.255+0000,2021-01-19T13:25:21.255+0000,13,Microsoft-Windows-Sysmon/Operational,ict3214:attack_trace,PS-HOST-01,,,,C:\Windows\System32\svchost.exe,,,,,,,,HKLM\System\CurrentControlSet\Services\Tcpip\Parameters\Interfaces\{90869922-2fcf-4d43-859e-b22588a4ffef}\DhcpInterfaceOptions,Binary Data,{E983936C-B390-6006-1100-00000000A301},1168,,,,,,T1059.001,PowerShell,Execution,TRACE-PS-01,powershell,https://raw.githubusercontent.com/splunk/attack_data/master/datasets/attack_techniques/T1059.001/encoded_powershell/windows-sysmon.log,a617d11d97d1df11c800de15957a87eee7758fff04c51fa85904f866a606acd8,false,Execution,none,raw Computer/IpAddress/User fields,
2021-01-19T13:25:21.256+0000,2021-01-19T13:25:21.256+0000,13,Microsoft-Windows-Sysmon/Operational,ict3214:attack_trace,PS-HOST-01,,,,C:\Windows\System32\svchost.exe,,,,,,,,HKLM\System\CurrentControlSet\Services\Tcpip\Parameters\Interfaces\{90869922-2fcf-4d43-859e-b22588a4ffef}\DhcpIPAddress,10.0.1.14,{E983936C-B390-6006-1100-00000000A301},1168,,,,,,T1059.001,PowerShell,Execution,TRACE-PS-01,powershell,https://raw.githubusercontent.com/splunk/attack_data/master/datasets/attack_techniques/T1059.001/encoded_powershell/windows-sysmon.log,81469571bd9d88b42effc642526af2c9f860dfd8aa72f825fa93222ba8c6c793,false,Execution,none,raw Computer/IpAddress/User fields,
2021-01-19T13:25:21.257+0000,2021-01-19T13:25:21.257+0000,13,Microsoft-Windows-Sysmon/Operational,ict3214:attack_trace,PS-HOST-01,,,,C:\Windows\System32\svchost.exe,,,,,,,,HKLM\System\CurrentControlSet\Services\Tcpip\Parameters\Interfaces\{90869922-2fcf-4d43-859e-b22588a4ffef}\DhcpServer,10.0.1.1,{E983936C-B390-6006-1100-00000000A301},1168,,,,,,T1059.001,PowerShell,Execution,TRACE-PS-01,powershell,https://raw.githubusercontent.com/splunk/attack_data/master/datasets/attack_techniques/T1059.001/encoded_powershell/windows-sysmon.log,823648652476c2f89e46517b53284208e4397426435c4da6a758a494600004b2,false,Execution,none,raw Computer/IpAddress/User fields,
2021-01-19T13:25:21.257+0000,2021-01-19T13:25:21.257+0000,13,Microsoft-Windows-Sysmon/Operational,ict3214:attack_trace,PS-HOST-01,,,,C:\Windows\System32\svchost.exe,,,,,,,,HKLM\System\CurrentControlSet\Services\Tcpip\Parameters\Interfaces\{90869922-2fcf-4d43-859e-b22588a4ffef}\Lease,DWORD (0x00000e10),{E983936C-B390-6006-1100-00000000A301},1168,,,,,,T1059.001,PowerShell,Execution,TRACE-PS-01,powershell,https://raw.githubusercontent.com/splunk/attack_data/master/datasets/attack_techniques/T1059.001/encoded_powershell/windows-sysmon.log,9692b6b3a08e683255865cca5468a655ff5776c5450447ff2eedaedd13cb2b5e,false,Execution,none,raw Computer/IpAddress/User fields,
2021-01-19T13:25:21.257+0000,2021-01-19T13:25:21.257+0000,13,Microsoft-Windows-Sysmon/Operational,ict3214:attack_trace,PS-HOST-01,,,,C:\Windows\System32\svchost.exe,,,,,,,,HKLM\System\CurrentControlSet\Services\Tcpip\Parameters\Interfaces\{90869922-2fcf-4d43-859e-b22588a4ffef}\DhcpSubnetMask,255.255.255.0,{E983936C-B390-6006-1100-00000000A301},1168,,,,,,T1059.001,PowerShell,Execution,TRACE-PS-01,powershell,https://raw.githubusercontent.com/splunk/attack_data/master/datasets/attack_techniques/T1059.001/encoded_powershell/windows-sysmon.log,aa0e105bbfefd34e5b38ede5be6cc13e47620fde181d6d3b696555b6d1dc1de5,false,Execution,none,raw Computer/IpAddress/User fields,
2021-01-19T13:25:21.257+0000,2021-01-19T13:25:21.257+0000,13,Microsoft-Windows-Sysmon/Operational,ict3214:attack_trace,PS-HOST-01,,,,C:\Windows\System32\svchost.exe,,,,,,,,HKLM\System\CurrentControlSet\Services\Tcpip\Parameters\Interfaces\{90869922-2fcf-4d43-859e-b22588a4ffef}\LeaseObtainedTime,DWORD (0x6006ddc1),{E983936C-B390-6006-1100-00000000A301},1168,,,,,,T1059.001,PowerShell,Execution,TRACE-PS-01,powershell,https://raw.githubusercontent.com/splunk/attack_data/master/datasets/attack_techniques/T1059.001/encoded_powershell/windows-sysmon.log,b10df761d169be2e2d1246ef55ad1cd0c86deb3163d798e1bd792c26ac9dc6a9,false,Execution,none,raw Computer/IpAddress/User fields,
2021-01-19T13:25:21.257+0000,2021-01-19T13:25:21.257+0000,13,Microsoft-Windows-Sysmon/Operational,ict3214:attack_trace,PS-HOST-01,,,,C:\Windows\System32\svchost.exe,,,,,,,,HKLM\System\CurrentControlSet\Services\Tcpip\Parameters\Interfaces\{90869922-2fcf-4d43-859e-b22588a4ffef}\T1,DWORD (0x6006e4c9),{E983936C-B390-6006-1100-00000000A301},1168,,,,,,T1059.001,PowerShell,Execution,TRACE-PS-01,powershell,https://raw.githubusercontent.com/splunk/attack_data/master/datasets/attack_techniques/T1059.001/encoded_powershell/windows-sysmon.log,decac750baf1af7281a88cf9bf33901e33521be07de0f521137946dada169059,false,Execution,none,raw Computer/IpAddress/User fields,
2021-01-19T13:25:21.258+0000,2021-01-19T13:25:21.258+0000,13,Microsoft-Windows-Sysmon/Operational,ict3214:attack_trace,PS-HOST-01,,,,C:\Windows\System32\svchost.exe,,,,,,,,HKLM\System\CurrentControlSet\Services\Tcpip\Parameters\Interfaces\{90869922-2fcf-4d43-859e-b22588a4ffef}\LeaseTerminatesTime,DWORD (0x6006ebd1),{E983936C-B390-6006-1100-00000000A301},1168,,,,,,T1059.001,PowerShell,Execution,TRACE-PS-01,powershell,https://raw.githubusercontent.com/splunk/attack_data/master/datasets/attack_techniques/T1059.001/encoded_powershell/windows-sysmon.log,1b086db1c5df2878be22cba047e2c870f58ccc91cfcb213a77a43246eb46f994,false,Execution,none,raw Computer/IpAddress/User fields,
2021-01-19T13:25:21.258+0000,2021-01-19T13:25:21.258+0000,13,Microsoft-Windows-Sysmon/Operational,ict3214:attack_trace,PS-HOST-01,,,,C:\Windows\System32\svchost.exe,,,,,,,,HKLM\System\CurrentControlSet\Services\Tcpip\Parameters\Interfaces\{90869922-2fcf-4d43-859e-b22588a4ffef}\IsServerNapAware,DWORD (0x00000000),{E983936C-B390-6006-1100-00000000A301},1168,,,,,,T1059.001,PowerShell,Execution,TRACE-PS-01,powershell,https://raw.githubusercontent.com/splunk/attack_data/master/datasets/attack_techniques/T1059.001/encoded_powershell/windows-sysmon.log,2051aae25ac81052593010c41b1587b1f21a9073c04d166a142101d3401af17e,false,Execution,none,raw Computer/IpAddress/User fields,
2021-01-19T13:25:21.258+0000,2021-01-19T13:25:21.258+0000,13,Microsoft-Windows-Sysmon/Operational,ict3214:attack_trace,PS-HOST-01,,,,C:\Windows\System32\svchost.exe,,,,,,,,HKLM\System\CurrentControlSet\Services\Tcpip\Parameters\Interfaces\{90869922-2fcf-4d43-859e-b22588a4ffef}\AddressType,DWORD (0x00000000),{E983936C-B390-6006-1100-00000000A301},1168,,,,,,T1059.001,PowerShell,Execution,TRACE-PS-01,powershell,https://raw.githubusercontent.com/splunk/attack_data/master/datasets/attack_techniques/T1059.001/encoded_powershell/windows-sysmon.log,b4400f1880c958a4f9f663cb1f5e00f2e81b3fe9855acf479cde3485d2f0edad,false,Execution,none,raw Computer/IpAddress/User fields,
2021-01-19T13:25:21.258+0000,2021-01-19T13:25:21.258+0000,13,Microsoft-Windows-Sysmon/Operational,ict3214:attack_trace,PS-HOST-01,,,,C:\Windows\System32\svchost.exe,,,,,,,,HKLM\System\CurrentControlSet\Services\Tcpip\Parameters\Interfaces\{90869922-2fcf-4d43-859e-b22588a4ffef}\T2,DWORD (0x6006ea0f),{E983936C-B390-6006-1100-00000000A301},1168,,,,,,T1059.001,PowerShell,Execution,TRACE-PS-01,powershell,https://raw.githubusercontent.com/splunk/attack_data/master/datasets/attack_techniques/T1059.001/encoded_powershell/windows-sysmon.log,d2e8dd53275c732ad5c0e2ef6631cd2e02192c198499ab65302d0389fdfd8adf,false,Execution,none,raw Computer/IpAddress/User fields,
2021-01-19T13:25:21.259+0000,2021-01-19T13:25:21.259+0000,13,Microsoft-Windows-Sysmon/Operational,ict3214:attack_trace,PS-HOST-01,,,,C:\Windows\System32\svchost.exe,,,,,,,,HKLM\System\CurrentControlSet\Services\Tcpip\Parameters\Interfaces\{90869922-2fcf-4d43-859e-b22588a4ffef}\DhcpConnForceBroadcastFlag,DWORD (0x00000000),{E983936C-B390-6006-1100-00000000A301},1168,,,,,,T1059.001,PowerShell,Execution,TRACE-PS-01,powershell,https://raw.githubusercontent.com/splunk/attack_data/master/datasets/attack_techniques/T1059.001/encoded_powershell/windows-sysmon.log,6f79e5bd8b9e52419ab953149f541b6bef43330973c8f8fd255572400e395a25,false,Execution,none,raw Computer/IpAddress/User fields,
2021-01-19T13:25:21.602+0000,2021-01-19T13:25:21.602+0000,10,Microsoft-Windows-Sysmon/Operational,ict3214:attack_trace,PS-HOST-01,,,,,,,C:\Windows\sysmon64.exe,C:\Windows\system32\svchost.exe,0x1400,,,,,,,{E983936C-B38F-6006-0C00-00000000A301},592,{E983936C-B3A0-6006-3100-00000000A301},2052,,T1059.001,PowerShell,Execution,TRACE-PS-01,powershell,https://raw.githubusercontent.com/splunk/attack_data/master/datasets/attack_techniques/T1059.001/encoded_powershell/windows-sysmon.log,2fb883a2ac63a692aa410482fd7046a033e0a87f1f6afd02356c8e813849e2fd,false,Execution,none,raw Computer/IpAddress/User fields,
2021-01-19T13:25:21.602+0000,2021-01-19T13:25:21.602+0000,10,Microsoft-Windows-Sysmon/Operational,ict3214:attack_trace,PS-HOST-01,,,,,,,C:\Windows\sysmon64.exe,C:\Windows\system32\svchost.exe,0x1400,,,,,,,{E983936C-B38F-6006-0C00-00000000A301},592,{E983936C-B3A0-6006-3100-00000000A301},2052,,T1059.001,PowerShell,Execution,TRACE-PS-01,powershell,https://raw.githubusercontent.com/splunk/attack_data/master/datasets/attack_techniques/T1059.001/encoded_powershell/windows-sysmon.log,499376b983d71942534ac8f17ed2bf03fc33b9198f35bfe11bc72b2635f3b6a4,false,Execution,none,raw Computer/IpAddress/User fields,
2021-01-19T13:25:21.602+0000,2021-01-19T13:25:21.602+0000,1,Microsoft-Windows-Sysmon/Operational,ict3214:attack_trace,PS-HOST-01,,,NT AUTHORITY\SYSTEM,C:\Program Files\SplunkUniversalForwarder\bin\splunk-netmon.exe,C:\Program Files\SplunkUniversalForwarder\bin\splunkd.exe,"""C:\Program Files\SplunkUniversalForwarder\bin\splunk-netmon.exe""",,,,,,,,{E983936C-DDC1-6006-8D09-00000000A301},6888,,,,,,T1059.001,PowerShell,Execution,TRACE-PS-01,powershell,https://raw.githubusercontent.com/splunk/attack_data/master/datasets/attack_techniques/T1059.001/encoded_powershell/windows-sysmon.log,591a21e2cce7be6744c07b1285171e05f1189483dcab08121f599fd64c356dc5,false,Execution,none,raw Computer/IpAddress/User fields,{E983936C-B438-6006-B400-00000000A301}
2021-01-19T13:25:21.602+0000,2021-01-19T13:25:21.602+0000,10,Microsoft-Windows-Sysmon/Operational,ict3214:attack_trace,PS-HOST-01,,,,,,,C:\Windows\sysmon64.exe,C:\Windows\system32\svchost.exe,0x1400,,,,,,,{E983936C-B38F-6006-0C00-00000000A301},592,{E983936C-B3A0-6006-3100-00000000A301},2052,,T1059.001,PowerShell,Execution,TRACE-PS-01,powershell,https://raw.githubusercontent.com/splunk/attack_data/master/datasets/attack_techniques/T1059.001/encoded_powershell/windows-sysmon.log,5c927c234f18885474f10aa747c66c70785d253039acef79f8e0090a32fbe201,false,Execution,none,raw Computer/IpAddress/User fields,
2021-01-19T13:25:21.602+0000,2021-01-19T13:25:21.602+0000,10,Microsoft-Windows-Sysmon/Operational,ict3214:attack_trace,PS-HOST-01,,,,,,,C:\Program Files\SplunkUniversalForwarder\bin\splunk-netmon.exe,C:\Windows\system32\csrss.exe,0x1fffff,,,,,,,{E983936C-B38D-6006-0500-00000000A301},636,{E983936C-DDC1-6006-8D09-00000000A301},6888,,T1059.001,PowerShell,Execution,TRACE-PS-01,powershell,https://raw.githubusercontent.com/splunk/attack_data/master/datasets/attack_techniques/T1059.001/encoded_powershell/windows-sysmon.log,63ce9adf4db3494e3f468cebe7498a2afeb6006525c4de4252f1211e23b93127,false,Execution,none,raw Computer/IpAddress/User fields,
2021-01-19T13:25:21.602+0000,2021-01-19T13:25:21.602+0000,10,Microsoft-Windows-Sysmon/Operational,ict3214:attack_trace,PS-HOST-01,,,,,,,C:\Program Files\SplunkUniversalForwarder\bin\splunk-netmon.exe,C:\Program Files\SplunkUniversalForwarder\bin\splunkd.exe,0x1fffff,,,,,,,{E983936C-B438-6006-B400-00000000A301},4412,{E983936C-DDC1-6006-8D09-00000000A301},6888,,T1059.001,PowerShell,Execution,TRACE-PS-01,powershell,https://raw.githubusercontent.com/splunk/attack_data/master/datasets/attack_techniques/T1059.001/encoded_powershell/windows-sysmon.log,c12d45a9b300455d425f16e7bc02bb9828e5c663ce6d3f7a2ba941203a658242,false,Execution,none,raw Computer/IpAddress/User fields,
2021-01-19T13:25:21.602+0000,2021-01-19T13:25:21.602+0000,10,Microsoft-Windows-Sysmon/Operational,ict3214:attack_trace,PS-HOST-01,,,,,,,C:\Windows\sysmon64.exe,C:\Windows\system32\svchost.exe,0x1400,,,,,,,{E983936C-B38F-6006-0C00-00000000A301},592,{E983936C-B3A0-6006-3100-00000000A301},2052,,T1059.001,PowerShell,Execution,TRACE-PS-01,powershell,https://raw.githubusercontent.com/splunk/attack_data/master/datasets/attack_techniques/T1059.001/encoded_powershell/windows-sysmon.log,e27b38c942bc98af0d6fb836f6cbaad699c5d8f1f141ced8f6818174af0f1f43,false,Execution,none,raw Computer/IpAddress/User fields,
2021-01-19T13:25:21.603+0000,2021-01-19T13:25:21.603+0000,10,Microsoft-Windows-Sysmon/Operational,ict3214:attack_trace,PS-HOST-01,,,,,,,C:\Program Files\SplunkUniversalForwarder\bin\splunk-netmon.exe,C:\Windows\system32\conhost.exe,0x1fffff,,,,,,,{E983936C-B439-6006-B800-00000000A301},4284,{E983936C-DDC1-6006-8D09-00000000A301},6888,,T1059.001,PowerShell,Execution,TRACE-PS-01,powershell,https://raw.githubusercontent.com/splunk/attack_data/master/datasets/attack_techniques/T1059.001/encoded_powershell/windows-sysmon.log,d80ce3e1e612b98e71c5bc93b86b295ea1b3d2eff0cefa34330526339a7a8afe,false,Execution,none,raw Computer/IpAddress/User fields,
2021-01-19T13:25:22.285+0000,2021-01-19T13:25:22.285+0000,13,Microsoft-Windows-Sysmon/Operational,ict3214:attack_trace,PS-HOST-01,,,,C:\Windows\system32\lsass.exe,,,,,,,,HKLM\System\CurrentControlSet\Services\W32Time\SecureTimeLimits\SecureTimeHigh,QWORD (0x01d6ee6e-0xeb2f5c9d),{E983936C-B38D-6006-0B00-00000000A301},852,,,,,,T1059.001,PowerShell,Execution,TRACE-PS-01,powershell,https://raw.githubusercontent.com/splunk/attack_data/master/datasets/attack_techniques/T1059.001/encoded_powershell/windows-sysmon.log,75e78353fc253b32bca18a194a8e0d52dcd734e95682f940a3ab54b0665768bf,false,Execution,none,raw Computer/IpAddress/User fields,
2021-01-19T13:25:22.286+0000,2021-01-19T13:25:22.286+0000,13,Microsoft-Windows-Sysmon/Operational,ict3214:attack_trace,PS-HOST-01,,,,C:\Windows\system32\lsass.exe,,,,,,,,HKLM\System\CurrentControlSet\Services\W32Time\SecureTimeLimits\SecureTimeEstimated,QWORD (0x01d6ee66-0x896af49d),{E983936C-B38D-6006-0B00-00000000A301},852,,,,,,T1059.001,PowerShell,Execution,TRACE-PS-01,powershell,https://raw.githubusercontent.com/splunk/attack_data/master/datasets/attack_techniques/T1059.001/encoded_powershell/windows-sysmon.log,3dbc8567e8e60d4c189cde50c4c858759e2805f2d4dcbe4a3f471628dbf115bb,false,Execution,none,raw Computer/IpAddress/User fields,
2021-01-19T13:25:22.286+0000,2021-01-19T13:25:22.286+0000,13,Microsoft-Windows-Sysmon/Operational,ict3214:attack_trace,PS-HOST-01,,,,C:\Windows\system32\lsass.exe,,,,,,,,HKLM\System\CurrentControlSet\Services\W32Time\SecureTimeLimits\RunTime\SecureTimeConfidence,DWORD (0x00000008),{E983936C-B38D-6006-0B00-00000000A301},852,,,,,,T1059.001,PowerShell,Execution,TRACE-PS-01,powershell,https://raw.githubusercontent.com/splunk/attack_data/master/datasets/attack_techniques/T1059.001/encoded_powershell/windows-sysmon.log,6509350dd5f6237d2a469ddf53601baa952fff72e92a630062a8bb53f74cfa3a,false,Execution,none,raw Computer/IpAddress/User fields,
2021-01-19T13:25:22.286+0000,2021-01-19T13:25:22.286+0000,13,Microsoft-Windows-Sysmon/Operational,ict3214:attack_trace,PS-HOST-01,,,,C:\Windows\system32\lsass.exe,,,,,,,,HKLM\System\CurrentControlSet\Services\W32Time\SecureTimeLimits\RunTime\SecureTimeTickCount,QWORD (0x00000000-0x00a4f416),{E983936C-B38D-6006-0B00-00000000A301},852,,,,,,T1059.001,PowerShell,Execution,TRACE-PS-01,powershell,https://raw.githubusercontent.com/splunk/attack_data/master/datasets/attack_techniques/T1059.001/encoded_powershell/windows-sysmon.log,c301f65108c0f9baf307f99190ea9525ea69e36180c3c24a2357bd8e46b944bd,false,Execution,none,raw Computer/IpAddress/User fields,
2021-01-19T13:25:22.286+0000,2021-01-19T13:25:22.286+0000,13,Microsoft-Windows-Sysmon/Operational,ict3214:attack_trace,PS-HOST-01,,,,C:\Windows\system32\lsass.exe,,,,,,,,HKLM\System\CurrentControlSet\Services\W32Time\SecureTimeLimits\SecureTimeLow,QWORD (0x01d6ee5e-0x27a68c9d),{E983936C-B38D-6006-0B00-00000000A301},852,,,,,,T1059.001,PowerShell,Execution,TRACE-PS-01,powershell,https://raw.githubusercontent.com/splunk/attack_data/master/datasets/attack_techniques/T1059.001/encoded_powershell/windows-sysmon.log,ca728b94ba41722a9c20d55f0a9917fbdf8d3643c4eacfa760277852f92a9433,false,Execution,none,raw Computer/IpAddress/User fields,
2021-01-19T13:25:22.286+0000,2021-01-19T13:25:22.286+0000,13,Microsoft-Windows-Sysmon/Operational,ict3214:attack_trace,PS-HOST-01,,,,C:\Windows\system32\lsass.exe,,,,,,,,HKLM\System\CurrentControlSet\Services\W32Time\SecureTimeLimits\SecureTimeHigh,QWORD (0x01d6ee6e-0xeb2f5c9d),{E983936C-B38D-6006-0B00-00000000A301},852,,,,,,T1059.001,PowerShell,Execution,TRACE-PS-01,powershell,https://raw.githubusercontent.com/splunk/attack_data/master/datasets/attack_techniques/T1059.001/encoded_powershell/windows-sysmon.log,fca8fa87b714ca0dbaf89f2ab288eeb3e5469a9f1ee54b457ab9dcc1f399269e,false,Execution,none,raw Computer/IpAddress/User fields,
2021-01-19T13:25:22.287+0000,2021-01-19T13:25:22.287+0000,13,Microsoft-Windows-Sysmon/Operational,ict3214:attack_trace,PS-HOST-01,,,,C:\Windows\system32\lsass.exe,,,,,,,,HKLM\System\CurrentControlSet\Services\W32Time\SecureTimeLimits\RunTime\SecureTimeTickCount,QWORD (0x00000000-0x00a4f416),{E983936C-B38D-6006-0B00-00000000A301},852,,,,,,T1059.001,PowerShell,Execution,TRACE-PS-01,powershell,https://raw.githubusercontent.com/splunk/attack_data/master/datasets/attack_techniques/T1059.001/encoded_powershell/windows-sysmon.log,16f7ecf02b1e1bdb3b3b296bf83bf4eb9bf10bd59fc8a63ccd7c9587ce13789d,false,Execution,none,raw Computer/IpAddress/User fields,
2021-01-19T13:25:22.287+0000,2021-01-19T13:25:22.287+0000,13,Microsoft-Windows-Sysmon/Operational,ict3214:attack_trace,PS-HOST-01,,,,C:\Windows\system32\lsass.exe,,,,,,,,HKLM\System\CurrentControlSet\Services\W32Time\SecureTimeLimits\SecureTimeEstimated,QWORD (0x01d6ee66-0x896af49d),{E983936C-B38D-6006-0B00-00000000A301},852,,,,,,T1059.001,PowerShell,Execution,TRACE-PS-01,powershell,https://raw.githubusercontent.com/splunk/attack_data/master/datasets/attack_techniques/T1059.001/encoded_powershell/windows-sysmon.log,66f130a53e6454fcbdb3b1752630a42776a9078afe1e969058beca26216f015b,false,Execution,none,raw Computer/IpAddress/User fields,
2021-01-19T13:25:22.287+0000,2021-01-19T13:25:22.287+0000,13,Microsoft-Windows-Sysmon/Operational,ict3214:attack_trace,PS-HOST-01,,,,C:\Windows\system32\lsass.exe,,,,,,,,HKLM\System\CurrentControlSet\Services\W32Time\SecureTimeLimits\SecureTimeLow,QWORD (0x01d6ee5e-0x27a68c9d),{E983936C-B38D-6006-0B00-00000000A301},852,,,,,,T1059.001,PowerShell,Execution,TRACE-PS-01,powershell,https://raw.githubusercontent.com/splunk/attack_data/master/datasets/attack_techniques/T1059.001/encoded_powershell/windows-sysmon.log,6d9fc7565acef69bd9e72658c4abe3b357def00fa66ae933a6747c6f82c6c73f,false,Execution,none,raw Computer/IpAddress/User fields,
2021-01-19T13:25:22.287+0000,2021-01-19T13:25:22.287+0000,13,Microsoft-Windows-Sysmon/Operational,ict3214:attack_trace,PS-HOST-01,,,,C:\Windows\system32\lsass.exe,,,,,,,,HKLM\System\CurrentControlSet\Services\W32Time\SecureTimeLimits\RunTime\SecureTimeConfidence,DWORD (0x00000008),{E983936C-B38D-6006-0B00-00000000A301},852,,,,,,T1059.001,PowerShell,Execution,TRACE-PS-01,powershell,https://raw.githubusercontent.com/splunk/attack_data/master/datasets/attack_techniques/T1059.001/encoded_powershell/windows-sysmon.log,9726ec4ed09896c7c270e667d9700c9db94dc871381ed22d6ffbf4642f7536f4,false,Execution,none,raw Computer/IpAddress/User fields,
2021-01-19T13:25:22.289+0000,2021-01-19T13:25:22.289+0000,1,Microsoft-Windows-Sysmon/Operational,ict3214:attack_trace,PS-HOST-01,,,NT AUTHORITY\SYSTEM,C:\Program Files\SplunkUniversalForwarder\bin\splunk-MonitorNoHandle.exe,C:\Program Files\SplunkUniversalForwarder\bin\splunkd.exe,"""C:\Program Files\SplunkUniversalForwarder\bin\splunk-MonitorNoHandle.exe""",,,,,,,,{E983936C-DDC2-6006-8E09-00000000A301},3732,,,,,,T1059.001,PowerShell,Execution,TRACE-PS-01,powershell,https://raw.githubusercontent.com/splunk/attack_data/master/datasets/attack_techniques/T1059.001/encoded_powershell/windows-sysmon.log,14ae73058907ebc4c0ef2ecc22c5a2bf663a07393437cdb51acbf4fb5d1d550a,false,Execution,none,raw Computer/IpAddress/User fields,{E983936C-B438-6006-B400-00000000A301}
2021-01-19T13:25:22.289+0000,2021-01-19T13:25:22.289+0000,10,Microsoft-Windows-Sysmon/Operational,ict3214:attack_trace,PS-HOST-01,,,,,,,C:\Program Files\SplunkUniversalForwarder\bin\splunk-MonitorNoHandle.exe,C:\Windows\system32\csrss.exe,0x1fffff,,,,,,,{E983936C-B38D-6006-0500-00000000A301},636,{E983936C-DDC2-6006-8E09-00000000A301},3732,,T1059.001,PowerShell,Execution,TRACE-PS-01,powershell,https://raw.githubusercontent.com/splunk/attack_data/master/datasets/attack_techniques/T1059.001/encoded_powershell/windows-sysmon.log,635cfbacb3c0b5bc43890eda371e077ee9e013f85ee273aaaeb6d84d881a917b,false,Execution,none,raw Computer/IpAddress/User fields,
2021-01-19T13:25:22.289+0000,2021-01-19T13:25:22.289+0000,10,Microsoft-Windows-Sysmon/Operational,ict3214:attack_trace,PS-HOST-01,,,,,,,C:\Program Files\SplunkUniversalForwarder\bin\splunk-MonitorNoHandle.exe,C:\Program Files\SplunkUniversalForwarder\bin\splunkd.exe,0x1fffff,,,,,,,{E983936C-B438-6006-B400-00000000A301},4412,{E983936C-DDC2-6006-8E09-00000000A301},3732,,T1059.001,PowerShell,Execution,TRACE-PS-01,powershell,https://raw.githubusercontent.com/splunk/attack_data/master/datasets/attack_techniques/T1059.001/encoded_powershell/windows-sysmon.log,fb4910cb6f818ec110f6010c4879d7c9ab590ec19bd9804b96fea141cb6bda00,false,Execution,none,raw Computer/IpAddress/User fields,
2021-01-19T13:25:22.290+0000,2021-01-19T13:25:22.290+0000,10,Microsoft-Windows-Sysmon/Operational,ict3214:attack_trace,PS-HOST-01,,,,,,,C:\Windows\sysmon64.exe,C:\Windows\system32\svchost.exe,0x1400,,,,,,,{E983936C-B38F-6006-0C00-00000000A301},592,{E983936C-B3A0-6006-3100-00000000A301},2052,,T1059.001,PowerShell,Execution,TRACE-PS-01,powershell,https://raw.githubusercontent.com/splunk/attack_data/master/datasets/attack_techniques/T1059.001/encoded_powershell/windows-sysmon.log,84098805e576497a2454dc41851addb4326134905472d2bda2f5eba68994b594,false,Execution,none,raw Computer/IpAddress/User fields,
2021-01-19T13:25:22.290+0000,2021-01-19T13:25:22.290+0000,10,Microsoft-Windows-Sysmon/Operational,ict3214:attack_trace,PS-HOST-01,,,,,,,C:\Windows\sysmon64.exe,C:\Windows\system32\svchost.exe,0x1400,,,,,,,{E983936C-B38F-6006-0C00-00000000A301},592,{E983936C-B3A0-6006-3100-00000000A301},2052,,T1059.001,PowerShell,Execution,TRACE-PS-01,powershell,https://raw.githubusercontent.com/splunk/attack_data/master/datasets/attack_techniques/T1059.001/encoded_powershell/windows-sysmon.log,a4865d86b2c0e9c40ae5a3038f0f480a3a6ba2c71dff2047e6bc9550a770283b,false,Execution,none,raw Computer/IpAddress/User fields,
2021-01-19T13:25:22.290+0000,2021-01-19T13:25:22.290+0000,10,Microsoft-Windows-Sysmon/Operational,ict3214:attack_trace,PS-HOST-01,,,,,,,C:\Windows\sysmon64.exe,C:\Windows\system32\svchost.exe,0x1400,,,,,,,{E983936C-B38F-6006-0C00-00000000A301},592,{E983936C-B3A0-6006-3100-00000000A301},2052,,T1059.001,PowerShell,Execution,TRACE-PS-01,powershell,https://raw.githubusercontent.com/splunk/attack_data/master/datasets/attack_techniques/T1059.001/encoded_powershell/windows-sysmon.log,fee2acd6a432c758fc5940873ce45a2c56486d92ef09a19dac51318c45e49a0e,false,Execution,none,raw Computer/IpAddress/User fields,
2021-01-19T13:25:22.291+0000,2021-01-19T13:25:22.291+0000,10,Microsoft-Windows-Sysmon/Operational,ict3214:attack_trace,PS-HOST-01,,,,,,,C:\Windows\sysmon64.exe,C:\Windows\system32\svchost.exe,0x1400,,,,,,,{E983936C-B38F-6006-0C00-00000000A301},592,{E983936C-B3A0-6006-3100-00000000A301},2052,,T1059.001,PowerShell,Execution,TRACE-PS-01,powershell,https://raw.githubusercontent.com/splunk/attack_data/master/datasets/attack_techniques/T1059.001/encoded_powershell/windows-sysmon.log,9067fb5c494a263a8442c2eaf69b52b49ff3d0965204e4f682aa5283ffa35b90,false,Execution,none,raw Computer/IpAddress/User fields,
2021-01-19T13:25:22.292+0000,2021-01-19T13:25:22.292+0000,10,Microsoft-Windows-Sysmon/Operational,ict3214:attack_trace,PS-HOST-01,,,,,,,C:\Program Files\SplunkUniversalForwarder\bin\splunk-MonitorNoHandle.exe,C:\Windows\system32\conhost.exe,0x1fffff,,,,,,,{E983936C-B439-6006-B800-00000000A301},4284,{E983936C-DDC2-6006-8E09-00000000A301},3732,,T1059.001,PowerShell,Execution,TRACE-PS-01,powershell,https://raw.githubusercontent.com/splunk/attack_data/master/datasets/attack_techniques/T1059.001/encoded_powershell/windows-sysmon.log,e06a95f162e5895e0649ab7ed8096ff89ecd3340d8271aa2b146deb63d051aa6,false,Execution,none,raw Computer/IpAddress/User fields,
2021-01-19T13:25:23.303+0000,2021-01-19T13:25:23.303+0000,13,Microsoft-Windows-Sysmon/Operational,ict3214:attack_trace,PS-HOST-01,,,,C:\Windows\system32\svchost.exe,,,,,,,,HKLM\System\CurrentControlSet\Services\Tcpip\Parameters\DNSRegisteredAdapters\{90869922-2FCF-4D43-859E-B22588A4FFEF}\RegisteredSinceBoot,DWORD (0x00000001),{E983936C-B390-6006-1400-00000000A301},1296,,,,,,T1059.001,PowerShell,Execution,TRACE-PS-01,powershell,https://raw.githubusercontent.com/splunk/attack_data/master/datasets/attack_techniques/T1059.001/encoded_powershell/windows-sysmon.log,610d0fc306986553fab55c899446be863cf4e3c1afe283f77582e2429b9291c6,false,Execution,none,raw Computer/IpAddress/User fields,
2021-01-19T13:25:23.306+0000,2021-01-19T13:25:23.306+0000,10,Microsoft-Windows-Sysmon/Operational,ict3214:attack_trace,PS-HOST-01,,,,,,,C:\Windows\system32\svchost.exe,C:\Windows\system32\lsass.exe,0x1000,,,,,,,{E983936C-B38D-6006-0B00-00000000A301},852,{E983936C-B390-6006-1400-00000000A301},1296,,T1059.001,PowerShell,Execution,TRACE-PS-01,powershell,https://raw.githubusercontent.com/splunk/attack_data/master/datasets/attack_techniques/T1059.001/encoded_powershell/windows-sysmon.log,da2cdce6bef24c92b19212e5db4d6bb8c75e61d84d6d8c79dbf0b39de53587d5,false,Execution,none,raw Computer/IpAddress/User fields,
2021-01-19T13:25:23.313+0000,2021-01-19T13:25:23.313+0000,13,Microsoft-Windows-Sysmon/Operational,ict3214:attack_trace,PS-HOST-01,,,,C:\Windows\system32\svchost.exe,,,,,,,,HKLM\System\CurrentControlSet\Services\Tcpip\Parameters\DNSRegisteredAdapters\{90869922-2FCF-4D43-859E-B22588A4FFEF}\AdapterDomainName,(Empty),{E983936C-B390-6006-1400-00000000A301},1296,,,,,,T1059.001,PowerShell,Execution,TRACE-PS-01,powershell,https://raw.githubusercontent.com/splunk/attack_data/master/datasets/attack_techniques/T1059.001/encoded_powershell/windows-sysmon.log,3c3a50c73d37f634a2901dc520c38f5c11793dabde5fb032a65f3087f00f5efd,false,Execution,none,raw Computer/IpAddress/User fields,
2021-01-19T13:25:23.313+0000,2021-01-19T13:25:23.313+0000,13,Microsoft-Windows-Sysmon/Operational,ict3214:attack_trace,PS-HOST-01,,,,C:\Windows\system32\svchost.exe,,,,,,,,HKLM\System\CurrentControlSet\Services\Tcpip\Parameters\DNSRegisteredAdapters\{90869922-2FCF-4D43-859E-B22588A4FFEF}\PrimaryDomainName,lab.example,{E983936C-B390-6006-1400-00000000A301},1296,,,,,,T1059.001,PowerShell,Execution,TRACE-PS-01,powershell,https://raw.githubusercontent.com/splunk/attack_data/master/datasets/attack_techniques/T1059.001/encoded_powershell/windows-sysmon.log,d57753c392d967e3b6fca0c48ceca2d8d112a697471e37e62b5972cc19751b9b,false,Execution,none,raw Computer/IpAddress/User fields,
2021-01-19T13:25:23.313+0000,2021-01-19T13:25:23.313+0000,13,Microsoft-Windows-Sysmon/Operational,ict3214:attack_trace,PS-HOST-01,,,,C:\Windows\system32\svchost.exe,,,,,,,,HKLM\System\CurrentControlSet\Services\Tcpip\Parameters\DNSRegisteredAdapters\{90869922-2FCF-4D43-859E-B22588A4FFEF}\Hostname,PS-HOST-01,{E983936C-B390-6006-1400-00000000A301},1296,,,,,,T1059.001,PowerShell,Execution,TRACE-PS-01,powershell,https://raw.githubusercontent.com/splunk/attack_data/master/datasets/attack_techniques/T1059.001/encoded_powershell/windows-sysmon.log,db1fc6378b57321e31a85922be7f152b794f2da8fe179ff5bb1051f27492a463,false,Execution,none,raw Computer/IpAddress/User fields,
2021-01-19T13:25:23.314+0000,2021-01-19T13:25:23.314+0000,13,Microsoft-Windows-Sysmon/Operational,ict3214:attack_trace,PS-HOST-01,,,,C:\Windows\system32\svchost.exe,,,,,,,,HKLM\System\CurrentControlSet\Services\Tcpip\Parameters\DNSRegisteredAdapters\{90869922-2FCF-4D43-859E-B22588A4FFEF}\DnsServers,Binary Data,{E983936C-B390-6006-1400-00000000A301},1296,,,,,,T1059.001,PowerShell,Execution,TRACE-PS-01,powershell,https://raw.githubusercontent.com/splunk/attack_data/master/datasets/attack_techniques/T1059.001/encoded_powershell/windows-sysmon.log,0449fa3da5a7d5b7c4c3ed7cd23b7c741e6f12cc09d0652cf7efe090bc8dc32b,false,Execution,none,raw Computer/IpAddress/User fields,
2021-01-19T13:25:23.314+0000,2021-01-19T13:25:23.314+0000,13,Microsoft-Windows-Sysmon/Operational,ict3214:attack_trace,PS-HOST-01,,,,C:\Windows\system32\svchost.exe,,,,,,,,HKLM\System\CurrentControlSet\Services\Tcpip\Parameters\DNSRegisteredAdapters\{90869922-2FCF-4D43-859E-B22588A4FFEF}\Ttl,DWORD (0x000004b0),{E983936C-B390-6006-1400-00000000A301},1296,,,,,,T1059.001,PowerShell,Execution,TRACE-PS-01,powershell,https://raw.githubusercontent.com/splunk/attack_data/master/datasets/attack_techniques/T1059.001/encoded_powershell/windows-sysmon.log,2ad201da72c8763ad052b0110de3c109d9be826557f1c7a7c2ca1868ee7065e5,false,Execution,none,raw Computer/IpAddress/User fields,
2021-01-19T13:25:23.314+0000,2021-01-19T13:25:23.314+0000,13,Microsoft-Windows-Sysmon/Operational,ict3214:attack_trace,PS-HOST-01,,,,C:\Windows\system32\svchost.exe,,,,,,,,HKLM\System\CurrentControlSet\Services\Tcpip\Parameters\DNSRegisteredAdapters\{90869922-2FCF-4D43-859E-B22588A4FFEF}\HostAddrs,Binary Data,{E983936C-B390-6006-1400-00000000A301},1296,,,,,,T1059.001,PowerShell,Execution,TRACE-PS-01,powershell,https://raw.githubusercontent.com/splunk/attack_data/master/datasets/attack_techniques/T1059.001/encoded_powershell/windows-sysmon.log,4918a4ec27dedbba5f312606d50b304e27a40da55875dc381213fbbe902af9ae,false,Execution,none,raw Computer/IpAddress/User fields,
2021-01-19T13:25:23.314+0000,2021-01-19T13:25:23.314+0000,13,Microsoft-Windows-Sysmon/Operational,ict3214:attack_trace,PS-HOST-01,,,,C:\Windows\system32\svchost.exe,,,,,,,,HKLM\System\CurrentControlSet\Services\Tcpip\Parameters\DNSRegisteredAdapters\{90869922-2FCF-4D43-859E-B22588A4FFEF}\SentPriUpdateToIp,Binary Data,{E983936C-B390-6006-1400-00000000A301},1296,,,,,,T1059.001,PowerShell,Execution,TRACE-PS-01,powershell,https://raw.githubusercontent.com/splunk/attack_data/master/datasets/attack_techniques/T1059.001/encoded_powershell/windows-sysmon.log,82bcfefc0ff58f3f9a45c6ee73a0353619f11b0bd844374d328285e132bfcb4b,false,Execution,none,raw Computer/IpAddress/User fields,
2021-01-19T13:25:23.314+0000,2021-01-19T13:25:23.314+0000,13,Microsoft-Windows-Sysmon/Operational,ict3214:attack_trace,PS-HOST-01,,,,C:\Windows\system32\svchost.exe,,,,,,,,HKLM\System\CurrentControlSet\Services\Tcpip\Parameters\DNSRegisteredAdapters\{90869922-2FCF-4D43-859E-B22588A4FFEF}\SentUpdateToIp,Binary Data,{E983936C-B390-6006-1400-00000000A301},1296,,,,,,T1059.001,PowerShell,Execution,TRACE-PS-01,powershell,https://raw.githubusercontent.com/splunk/attack_data/master/datasets/attack_techniques/T1059.001/encoded_powershell/windows-sysmon.log,915814c5c49b6ce53ab909adf41bbfd043822957d8cb129ce9b534f708c9af90,false,Execution,none,raw Computer/IpAddress/User fields,
2021-01-19T13:25:23.315+0000,2021-01-19T13:25:23.315+0000,13,Microsoft-Windows-Sysmon/Operational,ict3214:attack_trace,PS-HOST-01,,,,C:\Windows\system32\svchost.exe,,,,,,,,HKLM\System\CurrentControlSet\Services\Tcpip\Parameters\DNSRegisteredAdapters\{90869922-2FCF-4D43-859E-B22588A4FFEF}\CompartmentId,DWORD (0x00000001),{E983936C-B390-6006-1400-00000000A301},1296,,,,,,T1059.001,PowerShell,Execution,TRACE-PS-01,powershell,https://raw.githubusercontent.com/splunk/attack_data/master/datasets/attack_techniques/T1059.001/encoded_powershell/windows-sysmon.log,30949666a475b853d8264dbde4b686f7f509bb3ade1dd504f35b257f5d7f9818,false,Execution,none,raw Computer/IpAddress/User fields,
2021-01-19T13:25:23.315+0000,2021-01-19T13:25:23.315+0000,13,Microsoft-Windows-Sysmon/Operational,ict3214:attack_trace,PS-HOST-01,,,,C:\Windows\system32\svchost.exe,,,,,,,,HKLM\System\CurrentControlSet\Services\Tcpip\Parameters\DNSRegisteredAdapters\{90869922-2FCF-4D43-859E-B22588A4FFEF}\Flags,DWORD (0x00000002),{E983936C-B390-6006-1400-00000000A301},1296,,,,,,T1059.001,PowerShell,Execution,TRACE-PS-01,powershell,https://raw.githubusercontent.com/splunk/attack_data/master/datasets/attack_techniques/T1059.001/encoded_powershell/windows-sysmon.log,4f5eba72da9cd4dc2c26f4e0da910ad3fe8de7d101e4b17ddbfd99c3973dea80,false,Execution,none,raw Computer/IpAddress/User fields,
2021-01-19T13:25:23.315+0000,2021-01-19T13:25:23.315+0000,13,Microsoft-Windows-Sysmon/Operational,ict3214:attack_trace,PS-HOST-01,,,,C:\Windows\system32\svchost.exe,,,,,,,,HKLM\System\CurrentControlSet\Services\Tcpip\Parameters\DNSRegisteredAdapters\{90869922-2FCF-4D43-859E-B22588A4FFEF}\RegisteredSinceBoot,DWORD (0x00000001),{E983936C-B390-6006-1400-00000000A301},1296,,,,,,T1059.001,PowerShell,Execution,TRACE-PS-01,powershell,https://raw.githubusercontent.com/splunk/attack_data/master/datasets/attack_techniques/T1059.001/encoded_powershell/windows-sysmon.log,92260a89030e0c69826bce0903645074dfb97d34d494ce164339455d03c83489,false,Execution,none,raw Computer/IpAddress/User fields,
2021-01-19T13:25:23.315+0000,2021-01-19T13:25:23.315+0000,13,Microsoft-Windows-Sysmon/Operational,ict3214:attack_trace,PS-HOST-01,,,,C:\Windows\system32\svchost.exe,,,,,,,,HKLM\System\CurrentControlSet\Services\Tcpip\Parameters\DNSRegisteredAdapters\{90869922-2FCF-4D43-859E-B22588A4FFEF}\StaleAdapter,DWORD (0x00000000),{E983936C-B390-6006-1400-00000000A301},1296,,,,,,T1059.001,PowerShell,Execution,TRACE-PS-01,powershell,https://raw.githubusercontent.com/splunk/attack_data/master/datasets/attack_techniques/T1059.001/encoded_powershell/windows-sysmon.log,cae9587d9e43362fb4bc8383585e151fef968d1109601b508714335e4d5f852a,false,Execution,none,raw Computer/IpAddress/User fields,
2021-01-19T13:25:23.489+0000,2021-01-19T13:25:23.489+0000,10,Microsoft-Windows-Sysmon/Operational,ict3214:attack_trace,PS-HOST-01,,,,,,,C:\Windows\Explorer.EXE,C:\Windows\system32\svchost.exe,0x1000,,,,,,,{E983936C-B38F-6006-0D00-00000000A301},992,{E983936C-CCDD-6006-4607-00000000A301},5080,,T1059.001,PowerShell,Execution,TRACE-PS-01,powershell,https://raw.githubusercontent.com/splunk/attack_data/master/datasets/attack_techniques/T1059.001/encoded_powershell/windows-sysmon.log,04e6afedba980b22c886454bbff5f72ac330264ac8255ea78e62153d1b9dfddc,false,Execution,none,raw Computer/IpAddress/User fields,
2021-01-19T13:25:23.489+0000,2021-01-19T13:25:23.489+0000,10,Microsoft-Windows-Sysmon/Operational,ict3214:attack_trace,PS-HOST-01,,,,,,,C:\Windows\Explorer.EXE,C:\Windows\system32\svchost.exe,0x1000,,,,,,,{E983936C-B38F-6006-0D00-00000000A301},992,{E983936C-CCDD-6006-4607-00000000A301},5080,,T1059.001,PowerShell,Execution,TRACE-PS-01,powershell,https://raw.githubusercontent.com/splunk/attack_data/master/datasets/attack_techniques/T1059.001/encoded_powershell/windows-sysmon.log,13a9aa3e2bf1e9299df4c6f48ea0a5717b63782fa273ba1e8c6ac7c89a36cc68,false,Execution,none,raw Computer/IpAddress/User fields,
2021-01-19T13:25:23.489+0000,2021-01-19T13:25:23.489+0000,10,Microsoft-Windows-Sysmon/Operational,ict3214:attack_trace,PS-HOST-01,,,,,,,C:\Windows\Explorer.EXE,C:\Windows\system32\svchost.exe,0x1000,,,,,,,{E983936C-B38F-6006-0D00-00000000A301},992,{E983936C-CCDD-6006-4607-00000000A301},5080,,T1059.001,PowerShell,Execution,TRACE-PS-01,powershell,https://raw.githubusercontent.com/splunk/attack_data/master/datasets/attack_techniques/T1059.001/encoded_powershell/windows-sysmon.log,1435c17edcfa6e882aea271f270dd776e5d6de2743b8cd9c2adebe7db112e417,false,Execution,none,raw Computer/IpAddress/User fields,
2021-01-19T13:25:23.489+0000,2021-01-19T13:25:23.489+0000,10,Microsoft-Windows-Sysmon/Operational,ict3214:attack_trace,PS-HOST-01,,,,,,,C:\Windows\system32\svchost.exe,C:\Windows\system32\svchost.exe,0x1000,,,,,,,{E983936C-B38F-6006-0D00-00000000A301},992,{E983936C-B390-6006-1000-00000000A301},1160,,T1059.001,PowerShell,Execution,TRACE-PS-01,powershell,https://raw.githubusercontent.com/splunk/attack_data/master/datasets/attack_techniques/T1059.001/encoded_powershell/windows-sysmon.log,14812f36446fe204372e73f672c506b174be5c5711b095392b61b21b91a17abc,false,Execution,none,raw Computer/IpAddress/User fields,
2021-01-19T13:25:23.489+0000,2021-01-19T13:25:23.489+0000,10,Microsoft-Windows-Sysmon/Operational,ict3214:attack_trace,PS-HOST-01,,,,,,,C:\Windows\Explorer.EXE,C:\Windows\system32\svchost.exe,0x1000,,,,,,,{E983936C-B38F-6006-0D00-00000000A301},992,{E983936C-CCDD-6006-4607-00000000A301},5080,,T1059.001,PowerShell,Execution,TRACE-PS-01,powershell,https://raw.githubusercontent.com/splunk/attack_data/master/datasets/attack_techniques/T1059.001/encoded_powershell/windows-sysmon.log,23850df4ae141ef2d04daf4531a42020a8a9487b9ec479460f634cd293f4c26a,false,Execution,none,raw Computer/IpAddress/User fields,
2021-01-19T13:25:23.489+0000,2021-01-19T13:25:23.489+0000,10,Microsoft-Windows-Sysmon/Operational,ict3214:attack_trace,PS-HOST-01,,,,,,,C:\Windows\system32\svchost.exe,C:\Windows\system32\svchost.exe,0x1000,,,,,,,{E983936C-B38F-6006-0D00-00000000A301},992,{E983936C-B390-6006-1000-00000000A301},1160,,T1059.001,PowerShell,Execution,TRACE-PS-01,powershell,https://raw.githubusercontent.com/splunk/attack_data/master/datasets/attack_techniques/T1059.001/encoded_powershell/windows-sysmon.log,56ca4716b9c99c59aa02772d4b38d500a79eec07b826be88df1e3c4f69982379,false,Execution,none,raw Computer/IpAddress/User fields,
2021-01-19T13:25:23.489+0000,2021-01-19T13:25:23.489+0000,10,Microsoft-Windows-Sysmon/Operational,ict3214:attack_trace,PS-HOST-01,,,,,,,C:\Windows\Explorer.EXE,C:\Windows\system32\svchost.exe,0x1000,,,,,,,{E983936C-B38F-6006-0D00-00000000A301},992,{E983936C-CCDD-6006-4607-00000000A301},5080,,T1059.001,PowerShell,Execution,TRACE-PS-01,powershell,https://raw.githubusercontent.com/splunk/attack_data/master/datasets/attack_techniques/T1059.001/encoded_powershell/windows-sysmon.log,7f326f6fe44a952ca5d9b7ea1c20fae9a6bbc692d8bba0cd6b266761c119d2e4,false,Execution,none,raw Computer/IpAddress/User fields,
2021-01-19T13:25:23.489+0000,2021-01-19T13:25:23.489+0000,10,Microsoft-Windows-Sysmon/Operational,ict3214:attack_trace,PS-HOST-01,,,,,,,C:\Windows\Explorer.EXE,C:\Windows\system32\svchost.exe,0x1000,,,,,,,{E983936C-B38F-6006-0D00-00000000A301},992,{E983936C-CCDD-6006-4607-00000000A301},5080,,T1059.001,PowerShell,Execution,TRACE-PS-01,powershell,https://raw.githubusercontent.com/splunk/attack_data/master/datasets/attack_techniques/T1059.001/encoded_powershell/windows-sysmon.log,92e5a944493fbcb813f9d1f0c8f0935e894594fc0eaec8807a38b866d8727ea0,false,Execution,none,raw Computer/IpAddress/User fields,
2021-01-19T13:25:23.489+0000,2021-01-19T13:25:23.489+0000,10,Microsoft-Windows-Sysmon/Operational,ict3214:attack_trace,PS-HOST-01,,,,,,,C:\Windows\Explorer.EXE,C:\Windows\system32\svchost.exe,0x1000,,,,,,,{E983936C-B38F-6006-0D00-00000000A301},992,{E983936C-CCDD-6006-4607-00000000A301},5080,,T1059.001,PowerShell,Execution,TRACE-PS-01,powershell,https://raw.githubusercontent.com/splunk/attack_data/master/datasets/attack_techniques/T1059.001/encoded_powershell/windows-sysmon.log,94ea01906b7105cc066b900314ce5841a756a6c3440e42ccab969b1722e69b4a,false,Execution,none,raw Computer/IpAddress/User fields,
2021-01-19T13:25:23.489+0000,2021-01-19T13:25:23.489+0000,10,Microsoft-Windows-Sysmon/Operational,ict3214:attack_trace,PS-HOST-01,,,,,,,C:\Windows\Explorer.EXE,C:\Windows\system32\svchost.exe,0x1000,,,,,,,{E983936C-B38F-6006-0D00-00000000A301},992,{E983936C-CCDD-6006-4607-00000000A301},5080,,T1059.001,PowerShell,Execution,TRACE-PS-01,powershell,https://raw.githubusercontent.com/splunk/attack_data/master/datasets/attack_techniques/T1059.001/encoded_powershell/windows-sysmon.log,9feef683c4f5e8c75c50595c60b10fcb8d6b3911a2eae6adb033e4f76c46bc24,false,Execution,none,raw Computer/IpAddress/User fields,
2021-01-19T13:25:23.489+0000,2021-01-19T13:25:23.489+0000,10,Microsoft-Windows-Sysmon/Operational,ict3214:attack_trace,PS-HOST-01,,,,,,,C:\Windows\Explorer.EXE,C:\Windows\system32\svchost.exe,0x1000,,,,,,,{E983936C-B38F-6006-0D00-00000000A301},992,{E983936C-CCDD-6006-4607-00000000A301},5080,,T1059.001,PowerShell,Execution,TRACE-PS-01,powershell,https://raw.githubusercontent.com/splunk/attack_data/master/datasets/attack_techniques/T1059.001/encoded_powershell/windows-sysmon.log,ac5cd0104e4eb42019abd417b202d86aecc0319fc71825db23f5c5efee7712a7,false,Execution,none,raw Computer/IpAddress/User fields,
2021-01-19T13:25:23.489+0000,2021-01-19T13:25:23.489+0000,10,Microsoft-Windows-Sysmon/Operational,ict3214:attack_trace,PS-HOST-01,,,,,,,C:\Windows\Explorer.EXE,C:\Windows\system32\svchost.exe,0x1000,,,,,,,{E983936C-B38F-6006-0D00-00000000A301},992,{E983936C-CCDD-6006-4607-00000000A301},5080,,T1059.001,PowerShell,Execution,TRACE-PS-01,powershell,https://raw.githubusercontent.com/splunk/attack_data/master/datasets/attack_techniques/T1059.001/encoded_powershell/windows-sysmon.log,bc409bd15011d1f37816f0154699a49f435e30804af602d4b556fe4f30a28f36,false,Execution,none,raw Computer/IpAddress/User fields,
2021-01-19T13:25:23.489+0000,2021-01-19T13:25:23.489+0000,10,Microsoft-Windows-Sysmon/Operational,ict3214:attack_trace,PS-HOST-01,,,,,,,C:\Windows\Explorer.EXE,C:\Windows\system32\svchost.exe,0x1000,,,,,,,{E983936C-B38F-6006-0D00-00000000A301},992,{E983936C-CCDD-6006-4607-00000000A301},5080,,T1059.001,PowerShell,Execution,TRACE-PS-01,powershell,https://raw.githubusercontent.com/splunk/attack_data/master/datasets/attack_techniques/T1059.001/encoded_powershell/windows-sysmon.log,e96d9bb6c5764fd390ec06af72120a2da3a3e0b2344e6194d67cff764be9f8b1,false,Execution,none,raw Computer/IpAddress/User fields,
2021-01-19T13:25:23.490+0000,2021-01-19T13:25:23.490+0000,10,Microsoft-Windows-Sysmon/Operational,ict3214:attack_trace,PS-HOST-01,,,,,,,C:\Windows\Explorer.EXE,C:\Windows\system32\svchost.exe,0x1000,,,,,,,{E983936C-B38F-6006-0D00-00000000A301},992,{E983936C-CCDD-6006-4607-00000000A301},5080,,T1059.001,PowerShell,Execution,TRACE-PS-01,powershell,https://raw.githubusercontent.com/splunk/attack_data/master/datasets/attack_techniques/T1059.001/encoded_powershell/windows-sysmon.log,048c89a8f8c7ecf586515fc4cf7251794518eb208df462dcb9890f36ca9555b5,false,Execution,none,raw Computer/IpAddress/User fields,
2021-01-19T13:25:23.490+0000,2021-01-19T13:25:23.490+0000,10,Microsoft-Windows-Sysmon/Operational,ict3214:attack_trace,PS-HOST-01,,,,,,,C:\Windows\SystemApps\ShellExperienceHost_cw5n1h2txyewy\ShellExperienceHost.exe,C:\Windows\system32\svchost.exe,0x1000,,,,,,,{E983936C-B38F-6006-0D00-00000000A301},992,{E983936C-CCEA-6006-5B07-00000000A301},5624,,T1059.001,PowerShell,Execution,TRACE-PS-01,powershell,https://raw.githubusercontent.com/splunk/attack_data/master/datasets/attack_techniques/T1059.001/encoded_powershell/windows-sysmon.log,1c684786c05d188773a569d3ed52dd2308fba85e3d1db75647e5250669a279ad,false,Execution,none,raw Computer/IpAddress/User fields,
2021-01-19T13:25:23.490+0000,2021-01-19T13:25:23.490+0000,10,Microsoft-Windows-Sysmon/Operational,ict3214:attack_trace,PS-HOST-01,,,,,,,C:\Windows\system32\svchost.exe,C:\Windows\system32\svchost.exe,0x1000,,,,,,,{E983936C-B38F-6006-0D00-00000000A301},992,{E983936C-B3A0-6006-3000-00000000A301},2668,,T1059.001,PowerShell,Execution,TRACE-PS-01,powershell,https://raw.githubusercontent.com/splunk/attack_data/master/datasets/attack_techniques/T1059.001/encoded_powershell/windows-sysmon.log,33e181ad242d5914cc13cdef042699a2d03138a12b992fcd6c86d2140431f27f,false,Execution,none,raw Computer/IpAddress/User fields,
2021-01-19T13:25:23.490+0000,2021-01-19T13:25:23.490+0000,10,Microsoft-Windows-Sysmon/Operational,ict3214:attack_trace,PS-HOST-01,,,,,,,C:\Windows\SystemApps\ShellExperienceHost_cw5n1h2txyewy\ShellExperienceHost.exe,C:\Windows\system32\svchost.exe,0x1000,,,,,,,{E983936C-B38F-6006-0D00-00000000A301},992,{E983936C-CCEA-6006-5B07-00000000A301},5624,,T1059.001,PowerShell,Execution,TRACE-PS-01,powershell,https://raw.githubusercontent.com/splunk/attack_data/master/datasets/attack_techniques/T1059.001/encoded_powershell/windows-sysmon.log,37972f527f1eb068968ef3f7059a06499f89f6a099c834d6d74fe43d6204fe93,false,Execution,none,raw Computer/IpAddress/User fields,
2021-01-19T13:25:23.490+0000,2021-01-19T13:25:23.490+0000,10,Microsoft-Windows-Sysmon/Operational,ict3214:attack_trace,PS-HOST-01,,,,,,,C:\Windows\Explorer.EXE,C:\Windows\system32\svchost.exe,0x1000,,,,,,,{E983936C-B38F-6006-0D00-00000000A301},992,{E983936C-CCDD-6006-4607-00000000A301},5080,,T1059.001,PowerShell,Execution,TRACE-PS-01,powershell,https://raw.githubusercontent.com/splunk/attack_data/master/datasets/attack_techniques/T1059.001/encoded_powershell/windows-sysmon.log,41d952623e1091f3ab9969ab07167a5a1de95f447aea63ffa40e02f4d44ccb11,false,Execution,none,raw Computer/IpAddress/User fields,
2021-01-19T13:25:23.490+0000,2021-01-19T13:25:23.490+0000,10,Microsoft-Windows-Sysmon/Operational,ict3214:attack_trace,PS-HOST-01,,,,,,,C:\Windows\SystemApps\ShellExperienceHost_cw5n1h2txyewy\ShellExperienceHost.exe,C:\Windows\system32\svchost.exe,0x1000,,,,,,,{E983936C-B38F-6006-0D00-00000000A301},992,{E983936C-CCEA-6006-5B07-00000000A301},5624,,T1059.001,PowerShell,Execution,TRACE-PS-01,powershell,https://raw.githubusercontent.com/splunk/attack_data/master/datasets/attack_techniques/T1059.001/encoded_powershell/windows-sysmon.log,6dbb7d6bccb80669c44c66b225e72a05d25f2ad7e2fa6ad05f0201664336a4a9,false,Execution,none,raw Computer/IpAddress/User fields,
2021-01-19T13:25:23.490+0000,2021-01-19T13:25:23.490+0000,10,Microsoft-Windows-Sysmon/Operational,ict3214:attack_trace,PS-HOST-01,,,,,,,C:\Windows\SystemApps\Microsoft.Windows.Cortana_cw5n1h2txyewy\SearchUI.exe,C:\Windows\system32\svchost.exe,0x1000,,,,,,,{E983936C-B38F-6006-0D00-00000000A301},992,{E983936C-CCEC-6006-5C07-00000000A301},5768,,T1059.001,PowerShell,Execution,TRACE-PS-01,powershell,https://raw.githubusercontent.com/splunk/attack_data/master/datasets/attack_techniques/T1059.001/encoded_powershell/windows-sysmon.log,6e0d363a9fe766ea95ef58a697d6602edd80f93fc09acdef2c30168043f1f5d3,false,Execution,none,raw Computer/IpAddress/User fields,
2021-01-19T13:25:23.490+0000,2021-01-19T13:25:23.490+0000,10,Microsoft-Windows-Sysmon/Operational,ict3214:attack_trace,PS-HOST-01,,,,,,,C:\Windows\SystemApps\ShellExperienceHost_cw5n1h2txyewy\ShellExperienceHost.exe,C:\Windows\system32\svchost.exe,0x1000,,,,,,,{E983936C-B38F-6006-0D00-00000000A301},992,{E983936C-CCEA-6006-5B07-00000000A301},5624,,T1059.001,PowerShell,Execution,TRACE-PS-01,powershell,https://raw.githubusercontent.com/splunk/attack_data/master/datasets/attack_techniques/T1059.001/encoded_powershell/windows-sysmon.log,79d5003e29d717b6e34e504af5aeee1cabe8b44d9ce6ffeb3d499c9174a56527,false,Execution,none,raw Computer/IpAddress/User fields,
2021-01-19T13:25:23.490+0000,2021-01-19T13:25:23.490+0000,10,Microsoft-Windows-Sysmon/Operational,ict3214:attack_trace,PS-HOST-01,,,,,,,C:\Windows\SystemApps\ShellExperienceHost_cw5n1h2txyewy\ShellExperienceHost.exe,C:\Windows\system32\svchost.exe,0x1000,,,,,,,{E983936C-B38F-6006-0D00-00000000A301},992,{E983936C-CCEA-6006-5B07-00000000A301},5624,,T1059.001,PowerShell,Execution,TRACE-PS-01,powershell,https://raw.githubusercontent.com/splunk/attack_data/master/datasets/attack_techniques/T1059.001/encoded_powershell/windows-sysmon.log,91cb2f62828e2830fc2b6ef0dfb755e5cebd57e79d3999febfaa290bbd8b52a0,false,Execution,none,raw Computer/IpAddress/User fields,
2021-01-19T13:25:23.490+0000,2021-01-19T13:25:23.490+0000,10,Microsoft-Windows-Sysmon/Operational,ict3214:attack_trace,PS-HOST-01,,,,,,,C:\Windows\Explorer.EXE,C:\Windows\system32\svchost.exe,0x1000,,,,,,,{E983936C-B38F-6006-0D00-00000000A301},992,{E983936C-CCDD-6006-4607-00000000A301},5080,,T1059.001,PowerShell,Execution,TRACE-PS-01,powershell,https://raw.githubusercontent.com/splunk/attack_data/master/datasets/attack_techniques/T1059.001/encoded_powershell/windows-sysmon.log,9d4c7d84986f3e3d96b0e0423d35868230e0a6bbc6f5684e1cd3f14f15150223,false,Execution,none,raw Computer/IpAddress/User fields,
2021-01-19T13:25:23.490+0000,2021-01-19T13:25:23.490+0000,10,Microsoft-Windows-Sysmon/Operational,ict3214:attack_trace,PS-HOST-01,,,,,,,C:\Windows\SystemApps\Microsoft.Windows.Cortana_cw5n1h2txyewy\SearchUI.exe,C:\Windows\system32\svchost.exe,0x1000,,,,,,,{E983936C-B38F-6006-0D00-00000000A301},992,{E983936C-CCEC-6006-5C07-00000000A301},5768,,T1059.001,PowerShell,Execution,TRACE-PS-01,powershell,https://raw.githubusercontent.com/splunk/attack_data/master/datasets/attack_techniques/T1059.001/encoded_powershell/windows-sysmon.log,bdbe04f7ce1f53794b0a8045bf435b6e197a468b7e07db473beb244ed16dc8b0,false,Execution,none,raw Computer/IpAddress/User fields,
2021-01-19T13:25:23.490+0000,2021-01-19T13:25:23.490+0000,10,Microsoft-Windows-Sysmon/Operational,ict3214:attack_trace,PS-HOST-01,,,,,,,C:\Windows\SystemApps\ShellExperienceHost_cw5n1h2txyewy\ShellExperienceHost.exe,C:\Windows\system32\svchost.exe,0x1000,,,,,,,{E983936C-B38F-6006-0D00-00000000A301},992,{E983936C-CCEA-6006-5B07-00000000A301},5624,,T1059.001,PowerShell,Execution,TRACE-PS-01,powershell,https://raw.githubusercontent.com/splunk/attack_data/master/datasets/attack_techniques/T1059.001/encoded_powershell/windows-sysmon.log,c907245f50ead3a8bb373beff12ed573d5387b06cbb679c1f43008cf2aa7e8cc,false,Execution,none,raw Computer/IpAddress/User fields,
2021-01-19T13:25:23.490+0000,2021-01-19T13:25:23.490+0000,10,Microsoft-Windows-Sysmon/Operational,ict3214:attack_trace,PS-HOST-01,,,,,,,C:\Windows\SystemApps\ShellExperienceHost_cw5n1h2txyewy\ShellExperienceHost.exe,C:\Windows\system32\svchost.exe,0x1000,,,,,,,{E983936C-B38F-6006-0D00-00000000A301},992,{E983936C-CCEA-6006-5B07-00000000A301},5624,,T1059.001,PowerShell,Execution,TRACE-PS-01,powershell,https://raw.githubusercontent.com/splunk/attack_data/master/datasets/attack_techniques/T1059.001/encoded_powershell/windows-sysmon.log,db8be85149bfc9fd5f73ed9973249c8e9d6e91213fd98f485c0a5f34d058416d,false,Execution,none,raw Computer/IpAddress/User fields,
2021-01-19T13:25:23.490+0000,2021-01-19T13:25:23.490+0000,10,Microsoft-Windows-Sysmon/Operational,ict3214:attack_trace,PS-HOST-01,,,,,,,C:\Windows\SystemApps\ShellExperienceHost_cw5n1h2txyewy\ShellExperienceHost.exe,C:\Windows\system32\svchost.exe,0x1000,,,,,,,{E983936C-B38F-6006-0D00-00000000A301},992,{E983936C-CCEA-6006-5B07-00000000A301},5624,,T1059.001,PowerShell,Execution,TRACE-PS-01,powershell,https://raw.githubusercontent.com/splunk/attack_data/master/datasets/attack_techniques/T1059.001/encoded_powershell/windows-sysmon.log,fcde5b54af33f444bed8898f4ef685392eb085750c028557fb26d299c7fa9c9b,false,Execution,none,raw Computer/IpAddress/User fields,
2021-01-19T13:25:23.490+0000,2021-01-19T13:25:23.490+0000,10,Microsoft-Windows-Sysmon/Operational,ict3214:attack_trace,PS-HOST-01,,,,,,,C:\Windows\SystemApps\Microsoft.Windows.Cortana_cw5n1h2txyewy\SearchUI.exe,C:\Windows\system32\svchost.exe,0x1000,,,,,,,{E983936C-B38F-6006-0D00-00000000A301},992,{E983936C-CCEC-6006-5C07-00000000A301},5768,,T1059.001,PowerShell,Execution,TRACE-PS-01,powershell,https://raw.githubusercontent.com/splunk/attack_data/master/datasets/attack_techniques/T1059.001/encoded_powershell/windows-sysmon.log,fead48cc23e6465dbbcb616dbe617fe57acc69b29fa2644d923cd62ebf7c5baa,false,Execution,none,raw Computer/IpAddress/User fields,
2021-01-19T13:25:23.491+0000,2021-01-19T13:25:23.491+0000,10,Microsoft-Windows-Sysmon/Operational,ict3214:attack_trace,PS-HOST-01,,,,,,,C:\Windows\system32\svchost.exe,C:\Windows\system32\svchost.exe,0x1000,,,,,,,{E983936C-B38F-6006-0D00-00000000A301},992,{E983936C-B3A0-6006-3000-00000000A301},2668,,T1059.001,PowerShell,Execution,TRACE-PS-01,powershell,https://raw.githubusercontent.com/splunk/attack_data/master/datasets/attack_techniques/T1059.001/encoded_powershell/windows-sysmon.log,d07b756c8a5bba9faec71574375c100af9c09addf6a9dcaf81a541a1769af9f0,false,Execution,none,raw Computer/IpAddress/User fields,
2021-01-19T13:25:25.835+0000,2021-01-19T13:25:25.835+0000,10,Microsoft-Windows-Sysmon/Operational,ict3214:attack_trace,PS-HOST-01,,,,,,,C:\Program Files\SplunkUniversalForwarder\bin\splunk-winprintmon.exe,C:\Program Files\SplunkUniversalForwarder\bin\splunkd.exe,0x1fffff,,,,,,,{E983936C-B438-6006-B400-00000000A301},4412,{E983936C-DDC5-6006-8F09-00000000A301},7524,,T1059.001,PowerShell,Execution,TRACE-PS-01,powershell,https://raw.githubusercontent.com/splunk/attack_data/master/datasets/attack_techniques/T1059.001/encoded_powershell/windows-sysmon.log,818bfdd62d287fc00886e91d3fadd6048a36c80bda40d9a763bd88cd18711bc0,false,Execution,none,raw Computer/IpAddress/User fields,
2021-01-19T13:25:25.835+0000,2021-01-19T13:25:25.835+0000,1,Microsoft-Windows-Sysmon/Operational,ict3214:attack_trace,PS-HOST-01,,,NT AUTHORITY\SYSTEM,C:\Program Files\SplunkUniversalForwarder\bin\splunk-winprintmon.exe,C:\Program Files\SplunkUniversalForwarder\bin\splunkd.exe,"""C:\Program Files\SplunkUniversalForwarder\bin\splunk-winprintmon.exe""",,,,,,,,{E983936C-DDC5-6006-8F09-00000000A301},7524,,,,,,T1059.001,PowerShell,Execution,TRACE-PS-01,powershell,https://raw.githubusercontent.com/splunk/attack_data/master/datasets/attack_techniques/T1059.001/encoded_powershell/windows-sysmon.log,c76d2bad60f8b886f836b545ef8eea54a71bf16c403daec24a924656e0dfffe6,false,Execution,none,raw Computer/IpAddress/User fields,{E983936C-B438-6006-B400-00000000A301}
2021-01-19T13:25:25.836+0000,2021-01-19T13:25:25.836+0000,10,Microsoft-Windows-Sysmon/Operational,ict3214:attack_trace,PS-HOST-01,,,,,,,C:\Windows\sysmon64.exe,C:\Windows\system32\svchost.exe,0x1400,,,,,,,{E983936C-B38F-6006-0C00-00000000A301},592,{E983936C-B3A0-6006-3100-00000000A301},2052,,T1059.001,PowerShell,Execution,TRACE-PS-01,powershell,https://raw.githubusercontent.com/splunk/attack_data/master/datasets/attack_techniques/T1059.001/encoded_powershell/windows-sysmon.log,0fed8544bbef4757cf6ff98b68a418128d80703a19cc03bc4908129cc12dbed0,false,Execution,none,raw Computer/IpAddress/User fields,
2021-01-19T13:25:25.836+0000,2021-01-19T13:25:25.836+0000,10,Microsoft-Windows-Sysmon/Operational,ict3214:attack_trace,PS-HOST-01,,,,,,,C:\Windows\sysmon64.exe,C:\Windows\system32\svchost.exe,0x1400,,,,,,,{E983936C-B38F-6006-0C00-00000000A301},592,{E983936C-B3A0-6006-3100-00000000A301},2052,,T1059.001,PowerShell,Execution,TRACE-PS-01,powershell,https://raw.githubusercontent.com/splunk/attack_data/master/datasets/attack_techniques/T1059.001/encoded_powershell/windows-sysmon.log,527beaed97418a0bff390b1483664774502b024b0af676c163bab90299137279,false,Execution,none,raw Computer/IpAddress/User fields,
2021-01-19T13:25:25.836+0000,2021-01-19T13:25:25.836+0000,10,Microsoft-Windows-Sysmon/Operational,ict3214:attack_trace,PS-HOST-01,,,,,,,C:\Program Files\SplunkUniversalForwarder\bin\splunk-winprintmon.exe,C:\Windows\system32\csrss.exe,0x1fffff,,,,,,,{E983936C-B38D-6006-0500-00000000A301},636,{E983936C-DDC5-6006-8F09-00000000A301},7524,,T1059.001,PowerShell,Execution,TRACE-PS-01,powershell,https://raw.githubusercontent.com/splunk/attack_data/master/datasets/attack_techniques/T1059.001/encoded_powershell/windows-sysmon.log,5775703143face70dd04f5a90116f02ec06499509885f2d896b83ea4419e5b18,false,Execution,none,raw Computer/IpAddress/User fields,
2021-01-19T13:25:25.836+0000,2021-01-19T13:25:25.836+0000,10,Microsoft-Windows-Sysmon/Operational,ict3214:attack_trace,PS-HOST-01,,,,,,,C:\Windows\sysmon64.exe,C:\Windows\system32\svchost.exe,0x1400,,,,,,,{E983936C-B38F-6006-0C00-00000000A301},592,{E983936C-B3A0-6006-3100-00000000A301},2052,,T1059.001,PowerShell,Execution,TRACE-PS-01,powershell,https://raw.githubusercontent.com/splunk/attack_data/master/datasets/attack_techniques/T1059.001/encoded_powershell/windows-sysmon.log,b9b418e050552cb7590637564bbd5b96da0e78dcb24d1ab78739da634d98c760,false,Execution,none,raw Computer/IpAddress/User fields,
2021-01-19T13:25:25.836+0000,2021-01-19T13:25:25.836+0000,10,Microsoft-Windows-Sysmon/Operational,ict3214:attack_trace,PS-HOST-01,,,,,,,C:\Windows\sysmon64.exe,C:\Windows\system32\svchost.exe,0x1400,,,,,,,{E983936C-B38F-6006-0C00-00000000A301},592,{E983936C-B3A0-6006-3100-00000000A301},2052,,T1059.001,PowerShell,Execution,TRACE-PS-01,powershell,https://raw.githubusercontent.com/splunk/attack_data/master/datasets/attack_techniques/T1059.001/encoded_powershell/windows-sysmon.log,dd7960536400d5f61bfaecf897711f59253e782307e300db4c495634bb2a3e27,false,Execution,none,raw Computer/IpAddress/User fields,
2021-01-19T13:25:25.837+0000,2021-01-19T13:25:25.837+0000,10,Microsoft-Windows-Sysmon/Operational,ict3214:attack_trace,PS-HOST-01,,,,,,,C:\Program Files\SplunkUniversalForwarder\bin\splunk-winprintmon.exe,C:\Windows\system32\conhost.exe,0x1fffff,,,,,,,{E983936C-B439-6006-B800-00000000A301},4284,{E983936C-DDC5-6006-8F09-00000000A301},7524,,T1059.001,PowerShell,Execution,TRACE-PS-01,powershell,https://raw.githubusercontent.com/splunk/attack_data/master/datasets/attack_techniques/T1059.001/encoded_powershell/windows-sysmon.log,1bac013dd7f43471b07cba47aabb8a7893d94548bb72b8fb053ed02bb31d82eb,false,Execution,none,raw Computer/IpAddress/User fields,
2021-01-19T13:25:29.815+0000,2021-01-19T13:25:29.815+0000,10,Microsoft-Windows-Sysmon/Operational,ict3214:attack_trace,PS-HOST-01,,,,,,,C:\Program Files\Mozilla Firefox\firefox.exe,C:\Program Files\Mozilla Firefox\firefox.exe,0x2200,,,,,,,{E983936C-CD5C-6006-8407-00000000A301},6812,{E983936C-D0E5-6006-0C08-00000000A301},4648,,T1059.001,PowerShell,Execution,TRACE-PS-01,powershell,https://raw.githubusercontent.com/splunk/attack_data/master/datasets/attack_techniques/T1059.001/encoded_powershell/windows-sysmon.log,22bd7530fef0284b81d45c8d42a32b0d8bf9ff4033b7b16c1ca1763b87be1367,false,Execution,none,raw Computer/IpAddress/User fields,
2021-01-19T13:25:29.842+0000,2021-01-19T13:25:29.842+0000,10,Microsoft-Windows-Sysmon/Operational,ict3214:attack_trace,PS-HOST-01,,,,,,,C:\Program Files\Mozilla Firefox\firefox.exe,C:\Windows\System32\svchost.exe,0x1fffff,,,,,,,{E983936C-B390-6006-1200-00000000A301},1184,{E983936C-DDC9-6006-9009-00000000A301},6048,,T1059.001,PowerShell,Execution,TRACE-PS-01,powershell,https://raw.githubusercontent.com/splunk/attack_data/master/datasets/attack_techniques/T1059.001/encoded_powershell/windows-sysmon.log,3f92e2f81f61d7e6e8dd44040b5500e12780066a9b4f3d264b562d46830e1e9c,false,Execution,none,raw Computer/IpAddress/User fields,
2021-01-19T13:25:29.844+0000,2021-01-19T13:25:29.844+0000,10,Microsoft-Windows-Sysmon/Operational,ict3214:attack_trace,PS-HOST-01,,,,,,,C:\Program Files\Mozilla Firefox\firefox.exe,C:\Program Files\Mozilla Firefox\firefox.exe,0x1fffff,,,,,,,{E983936C-CD5C-6006-8407-00000000A301},6812,{E983936C-DDC9-6006-9009-00000000A301},6048,,T1059.001,PowerShell,Execution,TRACE-PS-01,powershell,https://raw.githubusercontent.com/splunk/attack_data/master/datasets/attack_techniques/T1059.001/encoded_powershell/windows-sysmon.log,b7457c3dce37c6845f8c9df2210df764fc056041f28e993da28e875fd1ecaef1,false,Execution,none,raw Computer/IpAddress/User fields,
2021-01-19T13:25:29.844+0000,2021-01-19T13:25:29.844+0000,1,Microsoft-Windows-Sysmon/Operational,ict3214:attack_trace,PS-HOST-01,,,LAB\user-admin,C:\Program Files\Mozilla Firefox\firefox.exe,C:\Program Files\Mozilla Firefox\firefox.exe,"""C:\Program Files\Mozilla Firefox\firefox.exe"" -contentproc --channel=""6812.76.1071093447\496561762"" -childID 11 -isForBrowser -prefsHandle 7916 -prefMapHandle 8280 -prefsLen 16388 -prefMapSize 229288 -parentBuildID 20210105180113 -appdir ""C:\Program Files\Mozilla Firefox\browser"" - 6812 ""\\.\pipe\gecko-crash-server-pipe.6812"" 7764 tab",,,,,,,,{E983936C-DDC9-6006-9009-00000000A301},6048,,,,,,T1059.001,PowerShell,Execution,TRACE-PS-01,powershell,https://raw.githubusercontent.com/splunk/attack_data/master/datasets/attack_techniques/T1059.001/encoded_powershell/windows-sysmon.log,db0d4f785a49e70ae34cfcc60032059e2c25650ef466a190717b0bac3bfa238d,false,Execution,none,raw Computer/IpAddress/User fields,{E983936C-CD5C-6006-8407-00000000A301}
2021-01-19T13:25:29.845+0000,2021-01-19T13:25:29.845+0000,10,Microsoft-Windows-Sysmon/Operational,ict3214:attack_trace,PS-HOST-01,,,,,,,C:\Windows\sysmon64.exe,C:\Windows\system32\svchost.exe,0x1400,,,,,,,{E983936C-B38F-6006-0C00-00000000A301},592,{E983936C-B3A0-6006-3100-00000000A301},2052,,T1059.001,PowerShell,Execution,TRACE-PS-01,powershell,https://raw.githubusercontent.com/splunk/attack_data/master/datasets/attack_techniques/T1059.001/encoded_powershell/windows-sysmon.log,04391d00f04b3683226626d88dfbcf303fa52dc84522903bcc0c0490c2010217,false,Execution,none,raw Computer/IpAddress/User fields,
2021-01-19T13:25:29.845+0000,2021-01-19T13:25:29.845+0000,10,Microsoft-Windows-Sysmon/Operational,ict3214:attack_trace,PS-HOST-01,,,,,,,C:\Windows\sysmon64.exe,C:\Windows\system32\svchost.exe,0x1400,,,,,,,{E983936C-B38F-6006-0C00-00000000A301},592,{E983936C-B3A0-6006-3100-00000000A301},2052,,T1059.001,PowerShell,Execution,TRACE-PS-01,powershell,https://raw.githubusercontent.com/splunk/attack_data/master/datasets/attack_techniques/T1059.001/encoded_powershell/windows-sysmon.log,3b4f4af72aff277bc9f4cc5759276bd82f0cf1edf1832c44a8a18569844b53f9,false,Execution,none,raw Computer/IpAddress/User fields,
2021-01-19T13:25:29.845+0000,2021-01-19T13:25:29.845+0000,10,Microsoft-Windows-Sysmon/Operational,ict3214:attack_trace,PS-HOST-01,,,,,,,C:\Program Files\Mozilla Firefox\firefox.exe,C:\Windows\system32\csrss.exe,0x1fffff,,,,,,,{E983936C-CCD9-6006-3007-00000000A301},3648,{E983936C-DDC9-6006-9009-00000000A301},6048,,T1059.001,PowerShell,Execution,TRACE-PS-01,powershell,https://raw.githubusercontent.com/splunk/attack_data/master/datasets/attack_techniques/T1059.001/encoded_powershell/windows-sysmon.log,a3089e1cf53c1b8b4ad5662c1200fd72449c800eb626004a5917e54e93bed095,false,Execution,none,raw Computer/IpAddress/User fields,
2021-01-19T13:25:29.845+0000,2021-01-19T13:25:29.845+0000,10,Microsoft-Windows-Sysmon/Operational,ict3214:attack_trace,PS-HOST-01,,,,,,,C:\Windows\sysmon64.exe,C:\Windows\system32\svchost.exe,0x1400,,,,,,,{E983936C-B38F-6006-0C00-00000000A301},592,{E983936C-B3A0-6006-3100-00000000A301},2052,,T1059.001,PowerShell,Execution,TRACE-PS-01,powershell,https://raw.githubusercontent.com/splunk/attack_data/master/datasets/attack_techniques/T1059.001/encoded_powershell/windows-sysmon.log,e7c422ca4a22da866611a3b975a97f7adac3425fc52718060bdd7a9165ccf6a0,false,Execution,none,raw Computer/IpAddress/User fields,
2021-01-19T13:25:29.845+0000,2021-01-19T13:25:29.845+0000,10,Microsoft-Windows-Sysmon/Operational,ict3214:attack_trace,PS-HOST-01,,,,,,,C:\Windows\sysmon64.exe,C:\Windows\system32\svchost.exe,0x1400,,,,,,,{E983936C-B38F-6006-0C00-00000000A301},592,{E983936C-B3A0-6006-3100-00000000A301},2052,,T1059.001,PowerShell,Execution,TRACE-PS-01,powershell,https://raw.githubusercontent.com/splunk/attack_data/master/datasets/attack_techniques/T1059.001/encoded_powershell/windows-sysmon.log,f1624f9b1fa8ca8631a053b1144acfd9465eb2967b220b86bff2bb6ea78a6552,false,Execution,none,raw Computer/IpAddress/User fields,
2021-01-19T13:25:29.848+0000,2021-01-19T13:25:29.848+0000,10,Microsoft-Windows-Sysmon/Operational,ict3214:attack_trace,PS-HOST-01,,,,,,,C:\Program Files\Mozilla Firefox\firefox.exe,C:\Program Files\Mozilla Firefox\firefox.exe,0x40,,,,,,,{E983936C-CD5C-6006-8407-00000000A301},6812,{E983936C-DDC9-6006-9009-00000000A301},6048,,T1059.001,PowerShell,Execution,TRACE-PS-01,powershell,https://raw.githubusercontent.com/splunk/attack_data/master/datasets/attack_techniques/T1059.001/encoded_powershell/windows-sysmon.log,5dc474fff3bc56a9f456cdf179560701ee7c2523e6112cafe67e0f66bb293320,false,Execution,none,raw Computer/IpAddress/User fields,
2021-01-19T13:25:29.848+0000,2021-01-19T13:25:29.848+0000,10,Microsoft-Windows-Sysmon/Operational,ict3214:attack_trace,PS-HOST-01,,,,,,,C:\Program Files\Mozilla Firefox\firefox.exe,C:\Program Files\Mozilla Firefox\firefox.exe,0x101451,,,,,,,{E983936C-CD5C-6006-8407-00000000A301},6812,{E983936C-DDC9-6006-9009-00000000A301},6048,,T1059.001,PowerShell,Execution,TRACE-PS-01,powershell,https://raw.githubusercontent.com/splunk/attack_data/master/datasets/attack_techniques/T1059.001/encoded_powershell/windows-sysmon.log,776e0df8201155a64ffd5dd3c073635c6b6b9a514e3195d8d9044d7f9ad3d8d0,false,Execution,none,raw Computer/IpAddress/User fields,
2021-01-19T13:25:29.848+0000,2021-01-19T13:25:29.848+0000,10,Microsoft-Windows-Sysmon/Operational,ict3214:attack_trace,PS-HOST-01,,,,,,,C:\Program Files\Mozilla Firefox\firefox.exe,C:\Program Files\Mozilla Firefox\firefox.exe,0x40,,,,,,,{E983936C-CD5C-6006-8407-00000000A301},6812,{E983936C-DDC9-6006-9009-00000000A301},6048,,T1059.001,PowerShell,Execution,TRACE-PS-01,powershell,https://raw.githubusercontent.com/splunk/attack_data/master/datasets/attack_techniques/T1059.001/encoded_powershell/windows-sysmon.log,77e80cf1140287311587621b30a4928c384dae481206e878ab62fb2623c395a8,false,Execution,none,raw Computer/IpAddress/User fields,
2021-01-19T13:25:29.849+0000,2021-01-19T13:25:29.849+0000,10,Microsoft-Windows-Sysmon/Operational,ict3214:attack_trace,PS-HOST-01,,,,,,,C:\Program Files\Mozilla Firefox\firefox.exe,C:\Program Files\Mozilla Firefox\firefox.exe,0x40,,,,,,,{E983936C-CD5C-6006-8407-00000000A301},6812,{E983936C-DDC9-6006-9009-00000000A301},6048,,T1059.001,PowerShell,Execution,TRACE-PS-01,powershell,https://raw.githubusercontent.com/splunk/attack_data/master/datasets/attack_techniques/T1059.001/encoded_powershell/windows-sysmon.log,004e0a5b1ee63f77a78bf59a0c36d536ba01b2104465635ee37cb9124dfc808e,false,Execution,none,raw Computer/IpAddress/User fields,
2021-01-19T13:25:29.849+0000,2021-01-19T13:25:29.849+0000,10,Microsoft-Windows-Sysmon/Operational,ict3214:attack_trace,PS-HOST-01,,,,,,,C:\Program Files\Mozilla Firefox\firefox.exe,C:\Program Files\Mozilla Firefox\firefox.exe,0x40,,,,,,,{E983936C-CD5C-6006-8407-00000000A301},6812,{E983936C-DDC9-6006-9009-00000000A301},6048,,T1059.001,PowerShell,Execution,TRACE-PS-01,powershell,https://raw.githubusercontent.com/splunk/attack_data/master/datasets/attack_techniques/T1059.001/encoded_powershell/windows-sysmon.log,11a109f444b9c9c0298818c84a287fd964d2782f0df090c4ba5fad0446c17406,false,Execution,none,raw Computer/IpAddress/User fields,
2021-01-19T13:25:29.849+0000,2021-01-19T13:25:29.849+0000,10,Microsoft-Windows-Sysmon/Operational,ict3214:attack_trace,PS-HOST-01,,,,,,,C:\Program Files\Mozilla Firefox\firefox.exe,C:\Program Files\Mozilla Firefox\firefox.exe,0x40,,,,,,,{E983936C-CD5C-6006-8407-00000000A301},6812,{E983936C-DDC9-6006-9009-00000000A301},6048,,T1059.001,PowerShell,Execution,TRACE-PS-01,powershell,https://raw.githubusercontent.com/splunk/attack_data/master/datasets/attack_techniques/T1059.001/encoded_powershell/windows-sysmon.log,224734629b79101c4ac32137033280223861bc709584ff106bc66accbb8313d0,false,Execution,none,raw Computer/IpAddress/User fields,
2021-01-19T13:25:29.849+0000,2021-01-19T13:25:29.849+0000,10,Microsoft-Windows-Sysmon/Operational,ict3214:attack_trace,PS-HOST-01,,,,,,,C:\Program Files\Mozilla Firefox\firefox.exe,C:\Program Files\Mozilla Firefox\firefox.exe,0x40,,,,,,,{E983936C-CD5C-6006-8407-00000000A301},6812,{E983936C-DDC9-6006-9009-00000000A301},6048,,T1059.001,PowerShell,Execution,TRACE-PS-01,powershell,https://raw.githubusercontent.com/splunk/attack_data/master/datasets/attack_techniques/T1059.001/encoded_powershell/windows-sysmon.log,90693b52c9f0d399d05fcf461d639966443067243def94e2c6e006619e6ebcbd,false,Execution,none,raw Computer/IpAddress/User fields,
2021-01-19T13:25:29.849+0000,2021-01-19T13:25:29.849+0000,10,Microsoft-Windows-Sysmon/Operational,ict3214:attack_trace,PS-HOST-01,,,,,,,C:\Program Files\Mozilla Firefox\firefox.exe,C:\Program Files\Mozilla Firefox\firefox.exe,0x40,,,,,,,{E983936C-CD5C-6006-8407-00000000A301},6812,{E983936C-DDC9-6006-9009-00000000A301},6048,,T1059.001,PowerShell,Execution,TRACE-PS-01,powershell,https://raw.githubusercontent.com/splunk/attack_data/master/datasets/attack_techniques/T1059.001/encoded_powershell/windows-sysmon.log,9241bc98f043cbc1b99ddfdd67c2d7c733c8c27e0840dc251ae20ddd1f82a488,false,Execution,none,raw Computer/IpAddress/User fields,
2021-01-19T13:25:29.849+0000,2021-01-19T13:25:29.849+0000,10,Microsoft-Windows-Sysmon/Operational,ict3214:attack_trace,PS-HOST-01,,,,,,,C:\Program Files\Mozilla Firefox\firefox.exe,C:\Program Files\Mozilla Firefox\firefox.exe,0x40,,,,,,,{E983936C-CD5C-6006-8407-00000000A301},6812,{E983936C-DDC9-6006-9009-00000000A301},6048,,T1059.001,PowerShell,Execution,TRACE-PS-01,powershell,https://raw.githubusercontent.com/splunk/attack_data/master/datasets/attack_techniques/T1059.001/encoded_powershell/windows-sysmon.log,927203a25d3b86cfca5bd04956187248d835d48e30cbce237bd0cc2c0fcef490,false,Execution,none,raw Computer/IpAddress/User fields,
2021-01-19T13:25:29.849+0000,2021-01-19T13:25:29.849+0000,10,Microsoft-Windows-Sysmon/Operational,ict3214:attack_trace,PS-HOST-01,,,,,,,C:\Program Files\Mozilla Firefox\firefox.exe,C:\Program Files\Mozilla Firefox\firefox.exe,0x40,,,,,,,{E983936C-CD5C-6006-8407-00000000A301},6812,{E983936C-DDC9-6006-9009-00000000A301},6048,,T1059.001,PowerShell,Execution,TRACE-PS-01,powershell,https://raw.githubusercontent.com/splunk/attack_data/master/datasets/attack_techniques/T1059.001/encoded_powershell/windows-sysmon.log,a7ed0ded2f76a648adefb476341fa3b01d780164ca1d04d9119ff711b5b99a83,false,Execution,none,raw Computer/IpAddress/User fields,
2021-01-19T13:25:29.849+0000,2021-01-19T13:25:29.849+0000,10,Microsoft-Windows-Sysmon/Operational,ict3214:attack_trace,PS-HOST-01,,,,,,,C:\Program Files\Mozilla Firefox\firefox.exe,C:\Program Files\Mozilla Firefox\firefox.exe,0x40,,,,,,,{E983936C-CD5C-6006-8407-00000000A301},6812,{E983936C-DDC9-6006-9009-00000000A301},6048,,T1059.001,PowerShell,Execution,TRACE-PS-01,powershell,https://raw.githubusercontent.com/splunk/attack_data/master/datasets/attack_techniques/T1059.001/encoded_powershell/windows-sysmon.log,bc3cb58b6495708b0080ff1da8acf33fa3435c104eef84a2d9e4d1419b2299ca,false,Execution,none,raw Computer/IpAddress/User fields,
2021-01-19T13:25:29.849+0000,2021-01-19T13:25:29.849+0000,10,Microsoft-Windows-Sysmon/Operational,ict3214:attack_trace,PS-HOST-01,,,,,,,C:\Program Files\Mozilla Firefox\firefox.exe,C:\Program Files\Mozilla Firefox\firefox.exe,0x40,,,,,,,{E983936C-CD5C-6006-8407-00000000A301},6812,{E983936C-DDC9-6006-9009-00000000A301},6048,,T1059.001,PowerShell,Execution,TRACE-PS-01,powershell,https://raw.githubusercontent.com/splunk/attack_data/master/datasets/attack_techniques/T1059.001/encoded_powershell/windows-sysmon.log,d04e6cda65fa6e9b71cee0c7ba411879598870a7b8b8f47276e5679b7b41cc9c,false,Execution,none,raw Computer/IpAddress/User fields,
2021-01-19T13:25:29.849+0000,2021-01-19T13:25:29.849+0000,10,Microsoft-Windows-Sysmon/Operational,ict3214:attack_trace,PS-HOST-01,,,,,,,C:\Program Files\Mozilla Firefox\firefox.exe,C:\Program Files\Mozilla Firefox\firefox.exe,0x40,,,,,,,{E983936C-CD5C-6006-8407-00000000A301},6812,{E983936C-DDC9-6006-9009-00000000A301},6048,,T1059.001,PowerShell,Execution,TRACE-PS-01,powershell,https://raw.githubusercontent.com/splunk/attack_data/master/datasets/attack_techniques/T1059.001/encoded_powershell/windows-sysmon.log,f7cff415748813ecc2541b3f1149b8d9bbce82c334f565af26ccda2c99a679f2,false,Execution,none,raw Computer/IpAddress/User fields,
2021-01-19T13:25:29.850+0000,2021-01-19T13:25:29.850+0000,10,Microsoft-Windows-Sysmon/Operational,ict3214:attack_trace,PS-HOST-01,,,,,,,C:\Program Files\Mozilla Firefox\firefox.exe,C:\Program Files\Mozilla Firefox\firefox.exe,0x40,,,,,,,{E983936C-CD5C-6006-8407-00000000A301},6812,{E983936C-DDC9-6006-9009-00000000A301},6048,,T1059.001,PowerShell,Execution,TRACE-PS-01,powershell,https://raw.githubusercontent.com/splunk/attack_data/master/datasets/attack_techniques/T1059.001/encoded_powershell/windows-sysmon.log,0e6c7d5ad712d2ebf05b81bb36034e0f34cc951b170c9e164a96d7e3930d53b0,false,Execution,none,raw Computer/IpAddress/User fields,
2021-01-19T13:25:29.850+0000,2021-01-19T13:25:29.850+0000,10,Microsoft-Windows-Sysmon/Operational,ict3214:attack_trace,PS-HOST-01,,,,,,,C:\Program Files\Mozilla Firefox\firefox.exe,C:\Program Files\Mozilla Firefox\firefox.exe,0x40,,,,,,,{E983936C-CD5C-6006-8407-00000000A301},6812,{E983936C-DDC9-6006-9009-00000000A301},6048,,T1059.001,PowerShell,Execution,TRACE-PS-01,powershell,https://raw.githubusercontent.com/splunk/attack_data/master/datasets/attack_techniques/T1059.001/encoded_powershell/windows-sysmon.log,1ec902915c9be23ff978188d9797c5d9059bf9020abd06184143efb13e23a7d0,false,Execution,none,raw Computer/IpAddress/User fields,
2021-01-19T13:25:29.850+0000,2021-01-19T13:25:29.850+0000,10,Microsoft-Windows-Sysmon/Operational,ict3214:attack_trace,PS-HOST-01,,,,,,,C:\Program Files\Mozilla Firefox\firefox.exe,C:\Program Files\Mozilla Firefox\firefox.exe,0x40,,,,,,,{E983936C-CD5C-6006-8407-00000000A301},6812,{E983936C-CD5F-6006-8607-00000000A301},4500,,T1059.001,PowerShell,Execution,TRACE-PS-01,powershell,https://raw.githubusercontent.com/splunk/attack_data/master/datasets/attack_techniques/T1059.001/encoded_powershell/windows-sysmon.log,57754327c9cbff016e2dded8943ac2384b309ca120aba3187a5ac4befa00bba8,false,Execution,none,raw Computer/IpAddress/User fields,
2021-01-19T13:25:29.850+0000,2021-01-19T13:25:29.850+0000,10,Microsoft-Windows-Sysmon/Operational,ict3214:attack_trace,PS-HOST-01,,,,,,,C:\Program Files\Mozilla Firefox\firefox.exe,C:\Program Files\Mozilla Firefox\firefox.exe,0x40,,,,,,,{E983936C-CD5C-6006-8407-00000000A301},6812,{E983936C-CD5F-6006-8607-00000000A301},4500,,T1059.001,PowerShell,Execution,TRACE-PS-01,powershell,https://raw.githubusercontent.com/splunk/attack_data/master/datasets/attack_techniques/T1059.001/encoded_powershell/windows-sysmon.log,8264996ede52911964e19ec3df0e20f2e7b853353ea32ffe739b4c61c4fdcc69,false,Execution,none,raw Computer/IpAddress/User fields,
2021-01-19T13:25:29.850+0000,2021-01-19T13:25:29.850+0000,10,Microsoft-Windows-Sysmon/Operational,ict3214:attack_trace,PS-HOST-01,,,,,,,C:\Program Files\Mozilla Firefox\firefox.exe,C:\Program Files\Mozilla Firefox\firefox.exe,0x40,,,,,,,{E983936C-CD5C-6006-8407-00000000A301},6812,{E983936C-DDC9-6006-9009-00000000A301},6048,,T1059.001,PowerShell,Execution,TRACE-PS-01,powershell,https://raw.githubusercontent.com/splunk/attack_data/master/datasets/attack_techniques/T1059.001/encoded_powershell/windows-sysmon.log,94f66ea40a2d3b1fed8cdbf5c2a82660c8b5c7529ce6cbc322b2f6d026355854,false,Execution,none,raw Computer/IpAddress/User fields,
2021-01-19T13:25:29.850+0000,2021-01-19T13:25:29.850+0000,10,Microsoft-Windows-Sysmon/Operational,ict3214:attack_trace,PS-HOST-01,,,,,,,C:\Program Files\Mozilla Firefox\firefox.exe,C:\Program Files\Mozilla Firefox\firefox.exe,0x40,,,,,,,{E983936C-CD5C-6006-8407-00000000A301},6812,{E983936C-CD5F-6006-8607-00000000A301},4500,,T1059.001,PowerShell,Execution,TRACE-PS-01,powershell,https://raw.githubusercontent.com/splunk/attack_data/master/datasets/attack_techniques/T1059.001/encoded_powershell/windows-sysmon.log,9bd26d0dd10807388f17fceb7a7fdca8126bbabc965e3b2d9e9887f2ab59fc7a,false,Execution,none,raw Computer/IpAddress/User fields,
2021-01-19T13:25:29.850+0000,2021-01-19T13:25:29.850+0000,10,Microsoft-Windows-Sysmon/Operational,ict3214:attack_trace,PS-HOST-01,,,,,,,C:\Program Files\Mozilla Firefox\firefox.exe,C:\Program Files\Mozilla Firefox\firefox.exe,0x40,,,,,,,{E983936C-CD5C-6006-8407-00000000A301},6812,{E983936C-CD5F-6006-8607-00000000A301},4500,,T1059.001,PowerShell,Execution,TRACE-PS-01,powershell,https://raw.githubusercontent.com/splunk/attack_data/master/datasets/attack_techniques/T1059.001/encoded_powershell/windows-sysmon.log,b38d843b078d5dcd5e598ee4783229c8d15000e22bf9aeccab7b4e00f509f241,false,Execution,none,raw Computer/IpAddress/User fields,
2021-01-19T13:25:29.850+0000,2021-01-19T13:25:29.850+0000,10,Microsoft-Windows-Sysmon/Operational,ict3214:attack_trace,PS-HOST-01,,,,,,,C:\Program Files\Mozilla Firefox\firefox.exe,C:\Program Files\Mozilla Firefox\firefox.exe,0x40,,,,,,,{E983936C-CD5C-6006-8407-00000000A301},6812,{E983936C-DDC9-6006-9009-00000000A301},6048,,T1059.001,PowerShell,Execution,TRACE-PS-01,powershell,https://raw.githubusercontent.com/splunk/attack_data/master/datasets/attack_techniques/T1059.001/encoded_powershell/windows-sysmon.log,e7f04fc4666d35a86954b36a8ed309c7f353b582669f71f76c9ea82c22a48f20,false,Execution,none,raw Computer/IpAddress/User fields,
2021-01-19T13:25:29.850+0000,2021-01-19T13:25:29.850+0000,10,Microsoft-Windows-Sysmon/Operational,ict3214:attack_trace,PS-HOST-01,,,,,,,C:\Program Files\Mozilla Firefox\firefox.exe,C:\Program Files\Mozilla Firefox\firefox.exe,0x2200,,,,,,,{E983936C-CD5C-6006-8407-00000000A301},6812,{E983936C-DDC9-6006-9009-00000000A301},6048,,T1059.001,PowerShell,Execution,TRACE-PS-01,powershell,https://raw.githubusercontent.com/splunk/attack_data/master/datasets/attack_techniques/T1059.001/encoded_powershell/windows-sysmon.log,fd7913456b7d6b4343699a5f2e1a6c8274d992e86461c2d8ceb468518ee6d444,false,Execution,none,raw Computer/IpAddress/User fields,
2021-01-19T13:25:29.882+0000,2021-01-19T13:25:29.882+0000,10,Microsoft-Windows-Sysmon/Operational,ict3214:attack_trace,PS-HOST-01,,,,,,,C:\Program Files\Mozilla Firefox\firefox.exe,C:\Program Files\Mozilla Firefox\firefox.exe,0x1fffff,,,,,,,{E983936C-CD5C-6006-8407-00000000A301},6812,{E983936C-DDC9-6006-9009-00000000A301},6048,,T1059.001,PowerShell,Execution,TRACE-PS-01,powershell,https://raw.githubusercontent.com/splunk/attack_data/master/datasets/attack_techniques/T1059.001/encoded_powershell/windows-sysmon.log,f028ca57051e1aaa95e9296bd5a69d74001ff59f7ba03dfb7404712f0b1a2ada,false,Execution,none,raw Computer/IpAddress/User fields,
2021-01-19T13:25:29.884+0000,2021-01-19T13:25:29.884+0000,10,Microsoft-Windows-Sysmon/Operational,ict3214:attack_trace,PS-HOST-01,,,,,,,C:\Program Files\Mozilla Firefox\firefox.exe,C:\Windows\system32\svchost.exe,0x1478,,,,,,,{E983936C-B390-6006-1600-00000000A301},1528,{E983936C-DDC9-6006-9009-00000000A301},6048,,T1059.001,PowerShell,Execution,TRACE-PS-01,powershell,https://raw.githubusercontent.com/splunk/attack_data/master/datasets/attack_techniques/T1059.001/encoded_powershell/windows-sysmon.log,1503376170773be396fca047dcf246511005a6ca214938208df6fc11e346a3e9,false,Execution,none,raw Computer/IpAddress/User fields,
2021-01-19T13:25:29.886+0000,2021-01-19T13:25:29.886+0000,10,Microsoft-Windows-Sysmon/Operational,ict3214:attack_trace,PS-HOST-01,,,,,,,C:\Program Files\Mozilla Firefox\firefox.exe,C:\Windows\system32\svchost.exe,0x1000,,,,,,,{E983936C-B38F-6006-0C00-00000000A301},592,{E983936C-DDC9-6006-9009-00000000A301},6048,,T1059.001,PowerShell,Execution,TRACE-PS-01,powershell,https://raw.githubusercontent.com/splunk/attack_data/master/datasets/attack_techniques/T1059.001/encoded_powershell/windows-sysmon.log,20403bd830fa950216171b7d5d1d23750690721524a5c348eab9708f93adbf84,false,Execution,none,raw Computer/IpAddress/User fields,
2021-01-19T13:25:29.896+0000,2021-01-19T13:25:29.896+0000,10,Microsoft-Windows-Sysmon/Operational,ict3214:attack_trace,PS-HOST-01,,,,,,,C:\Program Files\Mozilla Firefox\firefox.exe,C:\Program Files\Mozilla Firefox\firefox.exe,0x40,,,,,,,{E983936C-CD5C-6006-8407-00000000A301},6812,{E983936C-DDC9-6006-9009-00000000A301},6048,,T1059.001,PowerShell,Execution,TRACE-PS-01,powershell,https://raw.githubusercontent.com/splunk/attack_data/master/datasets/attack_techniques/T1059.001/encoded_powershell/windows-sysmon.log,5914f0cb43718b0461432a414e26fde0c8ffc18b59d5a12f96cc127ad786a687,false,Execution,none,raw Computer/IpAddress/User fields,
2021-01-19T13:25:29.924+0000,2021-01-19T13:25:29.924+0000,10,Microsoft-Windows-Sysmon/Operational,ict3214:attack_trace,PS-HOST-01,,,,,,,C:\Program Files\Mozilla Firefox\firefox.exe,C:\Windows\system32\lsass.exe,0x1478,,,,,,,{E983936C-B38D-6006-0B00-00000000A301},852,{E983936C-DDC9-6006-9009-00000000A301},6048,,T1059.001,PowerShell,Execution,TRACE-PS-01,powershell,https://raw.githubusercontent.com/splunk/attack_data/master/datasets/attack_techniques/T1059.001/encoded_powershell/windows-sysmon.log,a6855dc0330705f1b760b305eea20aa021a9cc5d617d08218faa90354f9adb4d,false,Execution,none,raw Computer/IpAddress/User fields,
2021-01-19T13:25:29.924+0000,2021-01-19T13:25:29.924+0000,10,Microsoft-Windows-Sysmon/Operational,ict3214:attack_trace,PS-HOST-01,,,,,,,C:\Program Files\Mozilla Firefox\firefox.exe,C:\Windows\system32\lsass.exe,0x1000,,,,,,,{E983936C-B38D-6006-0B00-00000000A301},852,{E983936C-DDC9-6006-9009-00000000A301},6048,,T1059.001,PowerShell,Execution,TRACE-PS-01,powershell,https://raw.githubusercontent.com/splunk/attack_data/master/datasets/attack_techniques/T1059.001/encoded_powershell/windows-sysmon.log,d0f22917d6cf5611090ff704506e186a30af97ab4f6752eeb7aca702170bad09,false,Execution,none,raw Computer/IpAddress/User fields,
2021-01-19T13:25:29.925+0000,2021-01-19T13:25:29.925+0000,10,Microsoft-Windows-Sysmon/Operational,ict3214:attack_trace,PS-HOST-01,,,,,,,C:\Program Files\Mozilla Firefox\firefox.exe,C:\Windows\system32\svchost.exe,0x40,,,,,,,{E983936C-B390-6006-1000-00000000A301},1160,{E983936C-D0E5-6006-0C08-00000000A301},4648,,T1059.001,PowerShell,Execution,TRACE-PS-01,powershell,https://raw.githubusercontent.com/splunk/attack_data/master/datasets/attack_techniques/T1059.001/encoded_powershell/windows-sysmon.log,5d1f88bbcf75d01c66e7942bf4667ad6d637ce8e3f5bced94a449dd469116124,false,Execution,none,raw Computer/IpAddress/User fields,
2021-01-19T13:25:29.938+0000,2021-01-19T13:25:29.938+0000,10,Microsoft-Windows-Sysmon/Operational,ict3214:attack_trace,PS-HOST-01,,,,,,,C:\Program Files\Mozilla Firefox\firefox.exe,C:\Windows\system32\svchost.exe,0x40,,,,,,,{E983936C-B390-6006-1000-00000000A301},1160,{E983936C-DDC9-6006-9009-00000000A301},6048,,T1059.001,PowerShell,Execution,TRACE-PS-01,powershell,https://raw.githubusercontent.com/splunk/attack_data/master/datasets/attack_techniques/T1059.001/encoded_powershell/windows-sysmon.log,241b8688e1fddbe2e30ba4e1e78fb7d18c73be5fa64d51dafbe838769dc2524e,false,Execution,none,raw Computer/IpAddress/User fields,
2021-01-19T13:25:29.939+0000,2021-01-19T13:25:29.939+0000,10,Microsoft-Windows-Sysmon/Operational,ict3214:attack_trace,PS-HOST-01,,,,,,,C:\Program Files\Mozilla Firefox\firefox.exe,C:\Windows\system32\svchost.exe,0x40,,,,,,,{E983936C-B390-6006-1000-00000000A301},1160,{E983936C-DDC9-6006-9009-00000000A301},6048,,T1059.001,PowerShell,Execution,TRACE-PS-01,powershell,https://raw.githubusercontent.com/splunk/attack_data/master/datasets/attack_techniques/T1059.001/encoded_powershell/windows-sysmon.log,9d238e3bd0d37a4680be81aed8974fb62cd93d2c95d364baadaecc317f2bf983,false,Execution,none,raw Computer/IpAddress/User fields,
2021-01-19T13:25:29.951+0000,2021-01-19T13:25:29.951+0000,10,Microsoft-Windows-Sysmon/Operational,ict3214:attack_trace,PS-HOST-01,,,,,,,C:\Program Files\Mozilla Firefox\firefox.exe,C:\Program Files\Mozilla Firefox\firefox.exe,0x40,,,,,,,{E983936C-CD5C-6006-8407-00000000A301},6812,{E983936C-DDC9-6006-9009-00000000A301},6048,,T1059.001,PowerShell,Execution,TRACE-PS-01,powershell,https://raw.githubusercontent.com/splunk/attack_data/master/datasets/attack_techniques/T1059.001/encoded_powershell/windows-sysmon.log,3d09c6c89a7e233c2858dd78ed373dbb885f83c59963b936c8148a2fab279a72,false,Execution,none,raw Computer/IpAddress/User fields,
2021-01-19T13:25:30.817+0000,2021-01-19T13:25:30.817+0000,22,Microsoft-Windows-Sysmon/Operational,ict3214:attack_trace,PS-HOST-01,,,,C:\Program Files\Mozilla Firefox\firefox.exe,,,,,,,,,,{E983936C-CD5C-6006-8407-00000000A301},6812,,,,,spocs.getpocket.com,T1059.001,PowerShell,Execution,TRACE-PS-01,powershell,https://raw.githubusercontent.com/splunk/attack_data/master/datasets/attack_techniques/T1059.001/encoded_powershell/windows-sysmon.log,c36e9dee4ab867b3fa6c611b6370601622fdc03c6ca456d57680d958a71d0b3b,false,Execution,none,raw Computer/IpAddress/User fields,
2021-01-19T13:25:31.529+0000,2021-01-19T13:25:31.529+0000,10,Microsoft-Windows-Sysmon/Operational,ict3214:attack_trace,PS-HOST-01,,,,,,,C:\Windows\system32\conhost.exe,C:\Windows\Explorer.EXE,0x1000,,,,,,,{E983936C-CCDD-6006-4607-00000000A301},5080,{E983936C-D083-6006-F907-00000000A301},8048,,T1059.001,PowerShell,Execution,TRACE-PS-01,powershell,https://raw.githubusercontent.com/splunk/attack_data/master/datasets/attack_techniques/T1059.001/encoded_powershell/windows-sysmon.log,59a3b57ceec71f7d5097af7af1fea72c40e0841445b3d69d7aa288a34c59717d,false,Execution,none,raw Computer/IpAddress/User fields,
2021-01-19T13:25:31.529+0000,2021-01-19T13:25:31.529+0000,10,Microsoft-Windows-Sysmon/Operational,ict3214:attack_trace,PS-HOST-01,,,,,,,C:\Windows\system32\conhost.exe,C:\Windows\Explorer.EXE,0x1410,,,,,,,{E983936C-CCDD-6006-4607-00000000A301},5080,{E983936C-D083-6006-F907-00000000A301},8048,,T1059.001,PowerShell,Execution,TRACE-PS-01,powershell,https://raw.githubusercontent.com/splunk/attack_data/master/datasets/attack_techniques/T1059.001/encoded_powershell/windows-sysmon.log,652c62d53d863574856ecc0700c20dd70861541ddb2b14c517c7ba10fc4dfb21,false,Execution,none,raw Computer/IpAddress/User fields,
2021-01-19T13:25:31.529+0000,2021-01-19T13:25:31.529+0000,10,Microsoft-Windows-Sysmon/Operational,ict3214:attack_trace,PS-HOST-01,,,,,,,C:\Windows\system32\conhost.exe,C:\Windows\Explorer.EXE,0x1000,,,,,,,{E983936C-CCDD-6006-4607-00000000A301},5080,{E983936C-D083-6006-F907-00000000A301},8048,,T1059.001,PowerShell,Execution,TRACE-PS-01,powershell,https://raw.githubusercontent.com/splunk/attack_data/master/datasets/attack_techniques/T1059.001/encoded_powershell/windows-sysmon.log,94ffe2388564928409e960c999321a40a0d4582e0ee39d82cbbf3e3e239bad7f,false,Execution,none,raw Computer/IpAddress/User fields,
2021-01-19T13:25:31.530+0000,2021-01-19T13:25:31.530+0000,10,Microsoft-Windows-Sysmon/Operational,ict3214:attack_trace,PS-HOST-01,,,,,,,C:\Windows\system32\conhost.exe,C:\Windows\Explorer.EXE,0x1410,,,,,,,{E983936C-CCDD-6006-4607-00000000A301},5080,{E983936C-D083-6006-F907-00000000A301},8048,,T1059.001,PowerShell,Execution,TRACE-PS-01,powershell,https://raw.githubusercontent.com/splunk/attack_data/master/datasets/attack_techniques/T1059.001/encoded_powershell/windows-sysmon.log,b21ad92981f006466782924155cd2397bf36bb19d9c36004ebab8f53c473bf64,false,Execution,none,raw Computer/IpAddress/User fields,
2021-01-19T13:25:31.532+0000,2021-01-19T13:25:31.532+0000,10,Microsoft-Windows-Sysmon/Operational,ict3214:attack_trace,PS-HOST-01,,,,,,,C:\Windows\System32\WindowsPowerShell\v1.0\powershell.exe,C:\Windows\Explorer.EXE,0x1000,,,,,,,{E983936C-CCDD-6006-4607-00000000A301},5080,{E983936C-D083-6006-F807-00000000A301},7900,,T1059.001,PowerShell,Execution,TRACE-PS-01,powershell,https://raw.githubusercontent.com/splunk/attack_data/master/datasets/attack_techniques/T1059.001/encoded_powershell/windows-sysmon.log,a78c2cae0929788da6e5f56365c9995223e5a3e3cc10ed562f6f189bd44bea1c,false,Execution,none,raw Computer/IpAddress/User fields,
2021-01-19T13:25:31.532+0000,2021-01-19T13:25:31.532+0000,10,Microsoft-Windows-Sysmon/Operational,ict3214:attack_trace,PS-HOST-01,,,,,,,C:\Windows\System32\WindowsPowerShell\v1.0\powershell.exe,C:\Windows\Explorer.EXE,0x1400,,,,,,,{E983936C-CCDD-6006-4607-00000000A301},5080,{E983936C-D083-6006-F807-00000000A301},7900,,T1059.001,PowerShell,Execution,TRACE-PS-01,powershell,https://raw.githubusercontent.com/splunk/attack_data/master/datasets/attack_techniques/T1059.001/encoded_powershell/windows-sysmon.log,f88d2e5f7c2dfa10dc33a3a2967d2282bb1784659a3e5edfba75723d8b684761,false,Execution,none,raw Computer/IpAddress/User fields,
2021-01-19T13:25:31.848+0000,2021-01-19T13:25:31.848+0000,22,Microsoft-Windows-Sysmon/Operational,ict3214:attack_trace,PS-HOST-01,,,,C:\Program Files\Mozilla Firefox\firefox.exe,,,,,,,,,,{E983936C-CD5C-6006-8407-00000000A301},6812,,,,,spocs.getpocket.com,T1059.001,PowerShell,Execution,TRACE-PS-01,powershell,https://raw.githubusercontent.com/splunk/attack_data/master/datasets/attack_techniques/T1059.001/encoded_powershell/windows-sysmon.log,1efe3375a21298a5c58768c265388f6ef102880eb504e30abc6d3aacd620067e,false,Execution,none,raw Computer/IpAddress/User fields,
2021-01-19T13:25:31.848+0000,2021-01-19T13:25:31.848+0000,22,Microsoft-Windows-Sysmon/Operational,ict3214:attack_trace,PS-HOST-01,,,,C:\Program Files\Mozilla Firefox\firefox.exe,,,,,,,,,,{E983936C-CD5C-6006-8407-00000000A301},6812,,,,,proxyserverecs-1736642167.us-east-1.elb.amazonaws.com,T1059.001,PowerShell,Execution,TRACE-PS-01,powershell,https://raw.githubusercontent.com/splunk/attack_data/master/datasets/attack_techniques/T1059.001/encoded_powershell/windows-sysmon.log,60e3fbe72a85fa7ef4e75906609936075ff9f8d6d178533e067b493b3ff954c1,false,Execution,none,raw Computer/IpAddress/User fields,
2021-01-19T13:25:31.848+0000,2021-01-19T13:25:31.848+0000,22,Microsoft-Windows-Sysmon/Operational,ict3214:attack_trace,PS-HOST-01,,,,C:\Program Files\Mozilla Firefox\firefox.exe,,,,,,,,,,{E983936C-CD5C-6006-8407-00000000A301},6812,,,,,d3pjq9s091b915.cloudfront.net,T1059.001,PowerShell,Execution,TRACE-PS-01,powershell,https://raw.githubusercontent.com/splunk/attack_data/master/datasets/attack_techniques/T1059.001/encoded_powershell/windows-sysmon.log,86d9680460e6eea3b4c5a216645dabfe8709839e64e976d764804a87e89e8df4,false,Execution,none,raw Computer/IpAddress/User fields,
2021-01-19T13:25:31.848+0000,2021-01-19T13:25:31.848+0000,22,Microsoft-Windows-Sysmon/Operational,ict3214:attack_trace,PS-HOST-01,,,,C:\Program Files\Mozilla Firefox\firefox.exe,,,,,,,,,,{E983936C-CD5C-6006-8407-00000000A301},6812,,,,,d3pjq9s091b915.cloudfront.net,T1059.001,PowerShell,Execution,TRACE-PS-01,powershell,https://raw.githubusercontent.com/splunk/attack_data/master/datasets/attack_techniques/T1059.001/encoded_powershell/windows-sysmon.log,8d679b10df777a76cf57f3d15038694fcabaaa5e1c4544a5bfd788e12307134c,false,Execution,none,raw Computer/IpAddress/User fields,
2021-01-19T13:25:32.527+0000,2021-01-19T13:25:32.527+0000,10,Microsoft-Windows-Sysmon/Operational,ict3214:attack_trace,PS-HOST-01,,,,,,,C:\Program Files\Mozilla Firefox\firefox.exe,C:\Program Files\Mozilla Firefox\firefox.exe,0x40,,,,,,,{E983936C-CD5C-6006-8407-00000000A301},6812,{E983936C-CD60-6006-8907-00000000A301},6724,,T1059.001,PowerShell,Execution,TRACE-PS-01,powershell,https://raw.githubusercontent.com/splunk/attack_data/master/datasets/attack_techniques/T1059.001/encoded_powershell/windows-sysmon.log,fbd9fad8e9996fe9a58fe0faef9484e2f0ed5e6f0b456248910d0edd11ed6357,false,Execution,none,raw Computer/IpAddress/User fields,
2021-01-19T13:25:32.853+0000,2021-01-19T13:25:32.853+0000,22,Microsoft-Windows-Sysmon/Operational,ict3214:attack_trace,PS-HOST-01,,,,C:\Program Files\Mozilla Firefox\firefox.exe,,,,,,,,,,{E983936C-CD5C-6006-8407-00000000A301},6812,,,,,noom.8utb.net,T1059.001,PowerShell,Execution,TRACE-PS-01,powershell,https://raw.githubusercontent.com/splunk/attack_data/master/datasets/attack_techniques/T1059.001/encoded_powershell/windows-sysmon.log,351d02d6373e469abf558eab78092eefd856b450306c735a6a518e697f3a7869,false,Execution,none,raw Computer/IpAddress/User fields,
2021-01-19T13:25:32.853+0000,2021-01-19T13:25:32.853+0000,22,Microsoft-Windows-Sysmon/Operational,ict3214:attack_trace,PS-HOST-01,,,,C:\Program Files\Mozilla Firefox\firefox.exe,,,,,,,,,,{E983936C-CD5C-6006-8407-00000000A301},6812,,,,,noom.8utb.net,T1059.001,PowerShell,Execution,TRACE-PS-01,powershell,https://raw.githubusercontent.com/splunk/attack_data/master/datasets/attack_techniques/T1059.001/encoded_powershell/windows-sysmon.log,36116d7a81b551758865a5fccbda1fcb79bf08cce1ab000e58a28674ddad6248,false,Execution,none,raw Computer/IpAddress/User fields,
2021-01-19T13:25:32.853+0000,2021-01-19T13:25:32.853+0000,22,Microsoft-Windows-Sysmon/Operational,ict3214:attack_trace,PS-HOST-01,,,,C:\Program Files\Mozilla Firefox\firefox.exe,,,,,,,,,,{E983936C-CD5C-6006-8407-00000000A301},6812,,,,,simplisafe.com,T1059.001,PowerShell,Execution,TRACE-PS-01,powershell,https://raw.githubusercontent.com/splunk/attack_data/master/datasets/attack_techniques/T1059.001/encoded_powershell/windows-sysmon.log,48217edc804ee68f2d97b2dfe5e90a94a4688efe186eb69dc42b809cdd0750c8,false,Execution,none,raw Computer/IpAddress/User fields,
2021-01-19T13:25:32.853+0000,2021-01-19T13:25:32.853+0000,22,Microsoft-Windows-Sysmon/Operational,ict3214:attack_trace,PS-HOST-01,,,,C:\Program Files\Mozilla Firefox\firefox.exe,,,,,,,,,,{E983936C-CD5C-6006-8407-00000000A301},6812,,,,,noom.8utb.net,T1059.001,PowerShell,Execution,TRACE-PS-01,powershell,https://raw.githubusercontent.com/splunk/attack_data/master/datasets/attack_techniques/T1059.001/encoded_powershell/windows-sysmon.log,a7d969ecc66411357bf2752cc9f903edfb43f13354f0ea3867bbc2b9ec475e45,false,Execution,none,raw Computer/IpAddress/User fields,
2021-01-19T13:25:32.853+0000,2021-01-19T13:25:32.853+0000,22,Microsoft-Windows-Sysmon/Operational,ict3214:attack_trace,PS-HOST-01,,,,C:\Program Files\Mozilla Firefox\firefox.exe,,,,,,,,,,{E983936C-CD5C-6006-8407-00000000A301},6812,,,,,simplisafe.com,T1059.001,PowerShell,Execution,TRACE-PS-01,powershell,https://raw.githubusercontent.com/splunk/attack_data/master/datasets/attack_techniques/T1059.001/encoded_powershell/windows-sysmon.log,c326803c1a9b4056b905859e7b6b1a4f913c4fe6bd757c1a07c97449930de8a7,false,Execution,none,raw Computer/IpAddress/User fields,
2021-01-19T13:25:37.411+0000,2021-01-19T13:25:37.411+0000,22,Microsoft-Windows-Sysmon/Operational,ict3214:attack_trace,PS-HOST-01,,,,C:\Program Files\Mozilla Firefox\firefox.exe,,,,,,,,,,{E983936C-CD5C-6006-8407-00000000A301},6812,,,,,i.geistm.com,T1059.001,PowerShell,Execution,TRACE-PS-01,powershell,https://raw.githubusercontent.com/splunk/attack_data/master/datasets/attack_techniques/T1059.001/encoded_powershell/windows-sysmon.log,2bf6bd926af8a6050ddbf01fb5cc484251074cac4a7e21c7ba94abe252bea1ea,false,Execution,none,raw Computer/IpAddress/User fields,
2021-01-19T13:25:37.411+0000,2021-01-19T13:25:37.411+0000,22,Microsoft-Windows-Sysmon/Operational,ict3214:attack_trace,PS-HOST-01,,,,C:\Program Files\Mozilla Firefox\firefox.exe,,,,,,,,,,{E983936C-CD5C-6006-8407-00000000A301},6812,,,,,int-classic-scout-production-1074780512.us-east-1.elb.amazonaws.com,T1059.001,PowerShell,Execution,TRACE-PS-01,powershell,https://raw.githubusercontent.com/splunk/attack_data/master/datasets/attack_techniques/T1059.001/encoded_powershell/windows-sysmon.log,3dfb7a95d006fb2342e6d604587abf27db1273ab288d19fcd5a730abdad1dc2e,false,Execution,none,raw Computer/IpAddress/User fields,
2021-01-19T13:25:37.411+0000,2021-01-19T13:25:37.411+0000,22,Microsoft-Windows-Sysmon/Operational,ict3214:attack_trace,PS-HOST-01,,,,C:\Program Files\Mozilla Firefox\firefox.exe,,,,,,,,,,{E983936C-CD5C-6006-8407-00000000A301},6812,,,,,int-classic-scout-production-1074780512.us-east-1.elb.amazonaws.com,T1059.001,PowerShell,Execution,TRACE-PS-01,powershell,https://raw.githubusercontent.com/splunk/attack_data/master/datasets/attack_techniques/T1059.001/encoded_powershell/windows-sysmon.log,789ac06a8215378b7e01d19bf7954763b5023856d780075819d65c2a2cf54307,false,Execution,none,raw Computer/IpAddress/User fields,
2021-01-19T13:25:41.715+0000,2021-01-19T13:25:41.715+0000,10,Microsoft-Windows-Sysmon/Operational,ict3214:attack_trace,PS-HOST-01,,,,,,,C:\Program Files\Mozilla Firefox\firefox.exe,C:\Windows\Explorer.EXE,0x1410,,,,,,,{E983936C-CCDD-6006-4607-00000000A301},5080,{E983936C-CD5C-6006-8407-00000000A301},6812,,T1059.001,PowerShell,Execution,TRACE-PS-01,powershell,https://raw.githubusercontent.com/splunk/attack_data/master/datasets/attack_techniques/T1059.001/encoded_powershell/windows-sysmon.log,470445323c7e7b58a90571d0a1ea6deb509364a7228c10e66d95108b94337382,false,Execution,none,raw Computer/IpAddress/User fields,
2021-01-19T13:25:41.715+0000,2021-01-19T13:25:41.715+0000,10,Microsoft-Windows-Sysmon/Operational,ict3214:attack_trace,PS-HOST-01,,,,,,,C:\Program Files\Mozilla Firefox\firefox.exe,C:\Windows\Explorer.EXE,0x1000,,,,,,,{E983936C-CCDD-6006-4607-00000000A301},5080,{E983936C-CD5C-6006-8407-00000000A301},6812,,T1059.001,PowerShell,Execution,TRACE-PS-01,powershell,https://raw.githubusercontent.com/splunk/attack_data/master/datasets/attack_techniques/T1059.001/encoded_powershell/windows-sysmon.log,d2a6f4232da0314240342884dc29feeda352eb31ab456a8655d84ec57fbfc06a,false,Execution,none,raw Computer/IpAddress/User fields,
2021-01-19T13:25:41.721+0000,2021-01-19T13:25:41.721+0000,10,Microsoft-Windows-Sysmon/Operational,ict3214:attack_trace,PS-HOST-01,,,,,,,C:\Program Files\Mozilla Firefox\firefox.exe,C:\Windows\Explorer.EXE,0x1000,,,,,,,{E983936C-CCDD-6006-4607-00000000A301},5080,{E983936C-CD5C-6006-8407-00000000A301},6812,,T1059.001,PowerShell,Execution,TRACE-PS-01,powershell,https://raw.githubusercontent.com/splunk/attack_data/master/datasets/attack_techniques/T1059.001/encoded_powershell/windows-sysmon.log,80736fe7b118018b120703dafc40c093ebc2bb9a91695e1002b813de95150492,false,Execution,none,raw Computer/IpAddress/User fields,
2021-01-19T13:25:45.999+0000,2021-01-19T13:25:45.999+0000,10,Microsoft-Windows-Sysmon/Operational,ict3214:attack_trace,PS-HOST-01,,,,,,,C:\Program Files\Mozilla Firefox\firefox.exe,C:\Program Files\Mozilla Firefox\firefox.exe,0x40,,,,,,,{E983936C-CD5C-6006-8407-00000000A301},6812,{E983936C-CD5F-6006-8607-00000000A301},4500,,T1059.001,PowerShell,Execution,TRACE-PS-01,powershell,https://raw.githubusercontent.com/splunk/attack_data/master/datasets/attack_techniques/T1059.001/encoded_powershell/windows-sysmon.log,259c90ba895708216e18e9a6015800d80afa82cca9c01708eb1ab997d08617c2,false,Execution,none,raw Computer/IpAddress/User fields,
2021-01-19T13:25:46.144+0000,2021-01-19T13:25:46.144+0000,10,Microsoft-Windows-Sysmon/Operational,ict3214:attack_trace,PS-HOST-01,,,,,,,C:\Program Files\Mozilla Firefox\firefox.exe,C:\Program Files\Mozilla Firefox\firefox.exe,0x40,,,,,,,{E983936C-CD5C-6006-8407-00000000A301},6812,{E983936C-CD5F-6006-8607-00000000A301},4500,,T1059.001,PowerShell,Execution,TRACE-PS-01,powershell,https://raw.githubusercontent.com/splunk/attack_data/master/datasets/attack_techniques/T1059.001/encoded_powershell/windows-sysmon.log,8fc047b0cd0ceebb7a14e0dfffc5048db2a9e82934f2edafc2fe71e4b5e92e2a,false,Execution,none,raw Computer/IpAddress/User fields,
2021-01-19T13:25:46.623+0000,2021-01-19T13:25:46.623+0000,10,Microsoft-Windows-Sysmon/Operational,ict3214:attack_trace,PS-HOST-01,,,,,,,C:\Windows\system32\conhost.exe,C:\Windows\Explorer.EXE,0x1410,,,,,,,{E983936C-CCDD-6006-4607-00000000A301},5080,{E983936C-D083-6006-F907-00000000A301},8048,,T1059.001,PowerShell,Execution,TRACE-PS-01,powershell,https://raw.githubusercontent.com/splunk/attack_data/master/datasets/attack_techniques/T1059.001/encoded_powershell/windows-sysmon.log,4d08fa2db1f8f4a4dd39408788acc864b7ead4bfaa4c6d625aeaf2ca70deba24,false,Execution,none,raw Computer/IpAddress/User fields,
2021-01-19T13:25:46.623+0000,2021-01-19T13:25:46.623+0000,10,Microsoft-Windows-Sysmon/Operational,ict3214:attack_trace,PS-HOST-01,,,,,,,C:\Windows\system32\conhost.exe,C:\Windows\Explorer.EXE,0x1410,,,,,,,{E983936C-CCDD-6006-4607-00000000A301},5080,{E983936C-D083-6006-F907-00000000A301},8048,,T1059.001,PowerShell,Execution,TRACE-PS-01,powershell,https://raw.githubusercontent.com/splunk/attack_data/master/datasets/attack_techniques/T1059.001/encoded_powershell/windows-sysmon.log,61dd66b33ecbbf848325bf740a51b5a2661a08e8e2e7298fd7835d4093539892,false,Execution,none,raw Computer/IpAddress/User fields,
2021-01-19T13:25:46.623+0000,2021-01-19T13:25:46.623+0000,10,Microsoft-Windows-Sysmon/Operational,ict3214:attack_trace,PS-HOST-01,,,,,,,C:\Windows\system32\conhost.exe,C:\Windows\Explorer.EXE,0x1000,,,,,,,{E983936C-CCDD-6006-4607-00000000A301},5080,{E983936C-D083-6006-F907-00000000A301},8048,,T1059.001,PowerShell,Execution,TRACE-PS-01,powershell,https://raw.githubusercontent.com/splunk/attack_data/master/datasets/attack_techniques/T1059.001/encoded_powershell/windows-sysmon.log,b6acbd86d00150fc4c9496bd1af26854710fd2b8bbce6ec8974f789f01af3a50,false,Execution,none,raw Computer/IpAddress/User fields,
2021-01-19T13:25:46.623+0000,2021-01-19T13:25:46.623+0000,10,Microsoft-Windows-Sysmon/Operational,ict3214:attack_trace,PS-HOST-01,,,,,,,C:\Windows\system32\conhost.exe,C:\Windows\Explorer.EXE,0x1000,,,,,,,{E983936C-CCDD-6006-4607-00000000A301},5080,{E983936C-D083-6006-F907-00000000A301},8048,,T1059.001,PowerShell,Execution,TRACE-PS-01,powershell,https://raw.githubusercontent.com/splunk/attack_data/master/datasets/attack_techniques/T1059.001/encoded_powershell/windows-sysmon.log,d9690d25b5251c9047dc439dcd480b93d107dca7970978c25bfe632b904abd8e,false,Execution,none,raw Computer/IpAddress/User fields,
2021-01-19T13:25:46.625+0000,2021-01-19T13:25:46.625+0000,10,Microsoft-Windows-Sysmon/Operational,ict3214:attack_trace,PS-HOST-01,,,,,,,C:\Windows\System32\WindowsPowerShell\v1.0\powershell.exe,C:\Windows\Explorer.EXE,0x1000,,,,,,,{E983936C-CCDD-6006-4607-00000000A301},5080,{E983936C-D083-6006-F807-00000000A301},7900,,T1059.001,PowerShell,Execution,TRACE-PS-01,powershell,https://raw.githubusercontent.com/splunk/attack_data/master/datasets/attack_techniques/T1059.001/encoded_powershell/windows-sysmon.log,10c2371bd11d7103914ec1181b41718624687f93a296e9968d0af2a443b66a68,false,Execution,none,raw Computer/IpAddress/User fields,
2021-01-19T13:25:46.625+0000,2021-01-19T13:25:46.625+0000,10,Microsoft-Windows-Sysmon/Operational,ict3214:attack_trace,PS-HOST-01,,,,,,,C:\Windows\System32\WindowsPowerShell\v1.0\powershell.exe,C:\Windows\Explorer.EXE,0x1400,,,,,,,{E983936C-CCDD-6006-4607-00000000A301},5080,{E983936C-D083-6006-F807-00000000A301},7900,,T1059.001,PowerShell,Execution,TRACE-PS-01,powershell,https://raw.githubusercontent.com/splunk/attack_data/master/datasets/attack_techniques/T1059.001/encoded_powershell/windows-sysmon.log,62a3f0589c714a6438197e313373aac714c77795cecaac61d104b370f0b54d02,false,Execution,none,raw Computer/IpAddress/User fields,
2021-01-19T13:25:52.433+0000,2021-01-19T13:25:52.433+0000,10,Microsoft-Windows-Sysmon/Operational,ict3214:attack_trace,PS-HOST-01,,,,,,,C:\Program Files\Mozilla Firefox\firefox.exe,C:\Windows\Explorer.EXE,0x1000,,,,,,,{E983936C-CCDD-6006-4607-00000000A301},5080,{E983936C-CD5C-6006-8407-00000000A301},6812,,T1059.001,PowerShell,Execution,TRACE-PS-01,powershell,https://raw.githubusercontent.com/splunk/attack_data/master/datasets/attack_techniques/T1059.001/encoded_powershell/windows-sysmon.log,6fbec92d73912426e40c99c54e9c06751b703b05a95aac49cdc4467ef8414f6a,false,Execution,none,raw Computer/IpAddress/User fields,
2021-01-19T13:25:52.433+0000,2021-01-19T13:25:52.433+0000,10,Microsoft-Windows-Sysmon/Operational,ict3214:attack_trace,PS-HOST-01,,,,,,,C:\Program Files\Mozilla Firefox\firefox.exe,C:\Windows\Explorer.EXE,0x1410,,,,,,,{E983936C-CCDD-6006-4607-00000000A301},5080,{E983936C-CD5C-6006-8407-00000000A301},6812,,T1059.001,PowerShell,Execution,TRACE-PS-01,powershell,https://raw.githubusercontent.com/splunk/attack_data/master/datasets/attack_techniques/T1059.001/encoded_powershell/windows-sysmon.log,c9c895a456c4e01963e8f0dd149cd317223194113839864edb5cbe9f7adf7300,false,Execution,none,raw Computer/IpAddress/User fields,
2021-01-19T13:25:52.438+0000,2021-01-19T13:25:52.438+0000,10,Microsoft-Windows-Sysmon/Operational,ict3214:attack_trace,PS-HOST-01,,,,,,,C:\Program Files\Mozilla Firefox\firefox.exe,C:\Windows\Explorer.EXE,0x1000,,,,,,,{E983936C-CCDD-6006-4607-00000000A301},5080,{E983936C-CD5C-6006-8407-00000000A301},6812,,T1059.001,PowerShell,Execution,TRACE-PS-01,powershell,https://raw.githubusercontent.com/splunk/attack_data/master/datasets/attack_techniques/T1059.001/encoded_powershell/windows-sysmon.log,5d7185401c865e98e99f3cf76415278b279dce22b8322e2b2259229f947ad389,false,Execution,none,raw Computer/IpAddress/User fields,
2021-01-19T13:25:53.673+0000,2021-01-19T13:25:53.673+0000,10,Microsoft-Windows-Sysmon/Operational,ict3214:attack_trace,PS-HOST-01,,,,,,,C:\Program Files\Mozilla Firefox\firefox.exe,C:\Program Files\Mozilla Firefox\firefox.exe,0x40,,,,,,,{E983936C-CD5C-6006-8407-00000000A301},6812,{E983936C-CD5F-6006-8607-00000000A301},4500,,T1059.001,PowerShell,Execution,TRACE-PS-01,powershell,https://raw.githubusercontent.com/splunk/attack_data/master/datasets/attack_techniques/T1059.001/encoded_powershell/windows-sysmon.log,8f756b29aaa9df0ed8ad8ab126d56590b6c6071d8f3e29ddb3eed4cabb0a5649,false,Execution,none,raw Computer/IpAddress/User fields,
2021-01-19T13:25:53.766+0000,2021-01-19T13:25:53.766+0000,10,Microsoft-Windows-Sysmon/Operational,ict3214:attack_trace,PS-HOST-01,,,,,,,C:\Program Files\Mozilla Firefox\firefox.exe,C:\Program Files\Mozilla Firefox\firefox.exe,0x40,,,,,,,{E983936C-CD5C-6006-8407-00000000A301},6812,{E983936C-CD5F-6006-8607-00000000A301},4500,,T1059.001,PowerShell,Execution,TRACE-PS-01,powershell,https://raw.githubusercontent.com/splunk/attack_data/master/datasets/attack_techniques/T1059.001/encoded_powershell/windows-sysmon.log,dfe6b65a83225fec92bbf44f498ebfe6d0c0d7de4d014bfab79fc809b67cb132,false,Execution,none,raw Computer/IpAddress/User fields,
2021-01-19T13:25:54.063+0000,2021-01-19T13:25:54.063+0000,10,Microsoft-Windows-Sysmon/Operational,ict3214:attack_trace,PS-HOST-01,,,,,,,C:\Program Files\Mozilla Firefox\firefox.exe,C:\Program Files\Mozilla Firefox\firefox.exe,0x40,,,,,,,{E983936C-CD5C-6006-8407-00000000A301},6812,{E983936C-CD5F-6006-8607-00000000A301},4500,,T1059.001,PowerShell,Execution,TRACE-PS-01,powershell,https://raw.githubusercontent.com/splunk/attack_data/master/datasets/attack_techniques/T1059.001/encoded_powershell/windows-sysmon.log,1e1bb7e79c4dd5b85ee74677ef7489ad4d222b89f7661b3077a88c762384e791,false,Execution,none,raw Computer/IpAddress/User fields,
2021-01-19T13:25:54.157+0000,2021-01-19T13:25:54.157+0000,10,Microsoft-Windows-Sysmon/Operational,ict3214:attack_trace,PS-HOST-01,,,,,,,C:\Program Files\Mozilla Firefox\firefox.exe,C:\Program Files\Mozilla Firefox\firefox.exe,0x40,,,,,,,{E983936C-CD5C-6006-8407-00000000A301},6812,{E983936C-CD5F-6006-8607-00000000A301},4500,,T1059.001,PowerShell,Execution,TRACE-PS-01,powershell,https://raw.githubusercontent.com/splunk/attack_data/master/datasets/attack_techniques/T1059.001/encoded_powershell/windows-sysmon.log,bb71cefdfb3efc996caea3104f87696db467cb9bfc461453f3e5b8f731aed9be,false,Execution,none,raw Computer/IpAddress/User fields,
2021-01-19T13:25:54.595+0000,2021-01-19T13:25:54.595+0000,10,Microsoft-Windows-Sysmon/Operational,ict3214:attack_trace,PS-HOST-01,,,,,,,C:\Windows\system32\conhost.exe,C:\Windows\Explorer.EXE,0x1000,,,,,,,{E983936C-CCDD-6006-4607-00000000A301},5080,{E983936C-D083-6006-F907-00000000A301},8048,,T1059.001,PowerShell,Execution,TRACE-PS-01,powershell,https://raw.githubusercontent.com/splunk/attack_data/master/datasets/attack_techniques/T1059.001/encoded_powershell/windows-sysmon.log,18f4dbf1741e3562ddd1212c73c29fac143639cae3be5f2a95fbbddf56168de8,false,Execution,none,raw Computer/IpAddress/User fields,
2021-01-19T13:25:54.595+0000,2021-01-19T13:25:54.595+0000,10,Microsoft-Windows-Sysmon/Operational,ict3214:attack_trace,PS-HOST-01,,,,,,,C:\Windows\system32\conhost.exe,C:\Windows\Explorer.EXE,0x1000,,,,,,,{E983936C-CCDD-6006-4607-00000000A301},5080,{E983936C-D083-6006-F907-00000000A301},8048,,T1059.001,PowerShell,Execution,TRACE-PS-01,powershell,https://raw.githubusercontent.com/splunk/attack_data/master/datasets/attack_techniques/T1059.001/encoded_powershell/windows-sysmon.log,2c75e48a48a5fcde38ad3302294bd451a4983928cca8eb9074ebf8736b995732,false,Execution,none,raw Computer/IpAddress/User fields,
2021-01-19T13:25:54.595+0000,2021-01-19T13:25:54.595+0000,10,Microsoft-Windows-Sysmon/Operational,ict3214:attack_trace,PS-HOST-01,,,,,,,C:\Windows\system32\conhost.exe,C:\Windows\Explorer.EXE,0x1410,,,,,,,{E983936C-CCDD-6006-4607-00000000A301},5080,{E983936C-D083-6006-F907-00000000A301},8048,,T1059.001,PowerShell,Execution,TRACE-PS-01,powershell,https://raw.githubusercontent.com/splunk/attack_data/master/datasets/attack_techniques/T1059.001/encoded_powershell/windows-sysmon.log,3131f4ae216380531c733c16c4c11f1a2ada84c089457e3e3983003ba4d8d2ed,false,Execution,none,raw Computer/IpAddress/User fields,
2021-01-19T13:25:54.595+0000,2021-01-19T13:25:54.595+0000,10,Microsoft-Windows-Sysmon/Operational,ict3214:attack_trace,PS-HOST-01,,,,,,,C:\Windows\system32\conhost.exe,C:\Windows\Explorer.EXE,0x1410,,,,,,,{E983936C-CCDD-6006-4607-00000000A301},5080,{E983936C-D083-6006-F907-00000000A301},8048,,T1059.001,PowerShell,Execution,TRACE-PS-01,powershell,https://raw.githubusercontent.com/splunk/attack_data/master/datasets/attack_techniques/T1059.001/encoded_powershell/windows-sysmon.log,6a3855d5d38cba92219e3304fd3f1e5508e02d97b908ac3718ed7e90f6aab38d,false,Execution,none,raw Computer/IpAddress/User fields,
2021-01-19T13:25:54.597+0000,2021-01-19T13:25:54.597+0000,10,Microsoft-Windows-Sysmon/Operational,ict3214:attack_trace,PS-HOST-01,,,,,,,C:\Windows\System32\WindowsPowerShell\v1.0\powershell.exe,C:\Windows\Explorer.EXE,0x1400,,,,,,,{E983936C-CCDD-6006-4607-00000000A301},5080,{E983936C-D083-6006-F807-00000000A301},7900,,T1059.001,PowerShell,Execution,TRACE-PS-01,powershell,https://raw.githubusercontent.com/splunk/attack_data/master/datasets/attack_techniques/T1059.001/encoded_powershell/windows-sysmon.log,869728c386167ac71c31bacbb2eea75e23de617a7bf8b53c1186d8f48ebfa11f,false,Execution,none,raw Computer/IpAddress/User fields,
2021-01-19T13:25:54.597+0000,2021-01-19T13:25:54.597+0000,10,Microsoft-Windows-Sysmon/Operational,ict3214:attack_trace,PS-HOST-01,,,,,,,C:\Windows\System32\WindowsPowerShell\v1.0\powershell.exe,C:\Windows\Explorer.EXE,0x1000,,,,,,,{E983936C-CCDD-6006-4607-00000000A301},5080,{E983936C-D083-6006-F807-00000000A301},7900,,T1059.001,PowerShell,Execution,TRACE-PS-01,powershell,https://raw.githubusercontent.com/splunk/attack_data/master/datasets/attack_techniques/T1059.001/encoded_powershell/windows-sysmon.log,f79dc2794b9095b3d4c1b93ed04b4e0bab1dc44575ffe91f7c3e2cc850e0fb9c,false,Execution,none,raw Computer/IpAddress/User fields,
2021-01-19T13:26:06.751+0000,2021-01-19T13:26:06.751+0000,13,Microsoft-Windows-Sysmon/Operational,ict3214:attack_trace,PS-HOST-01,,,,C:\Windows\system32\DFSRs.exe,,,,,,,,HKLM\System\CurrentControlSet\Services\DFSR\Parameters\Replication Groups\194FB71A-2A2E-4F97-8266-02E138A28647\Replica Set Configuration File,\\?\C:\System Volume Information\DFSR\Config\Replica_194FB71A-2A2E-4F97-8266-02E138A28647.XML,{E983936C-B3A0-6006-2B00-00000000A301},2256,,,,,,T1059.001,PowerShell,Execution,TRACE-PS-01,powershell,https://raw.githubusercontent.com/splunk/attack_data/master/datasets/attack_techniques/T1059.001/encoded_powershell/windows-sysmon.log,2a05249dd3b55b2f025debad385fadca2e9ee9d8a9c4d00dc9fa2b85a11ff31c,false,Execution,none,raw Computer/IpAddress/User fields,
2021-01-19T13:26:06.752+0000,2021-01-19T13:26:06.752+0000,13,Microsoft-Windows-Sysmon/Operational,ict3214:attack_trace,PS-HOST-01,,,,C:\Windows\system32\DFSRs.exe,,,,,,,,HKLM\System\CurrentControlSet\Services\DFSR\Parameters\Replication Groups\194FB71A-2A2E-4F97-8266-02E138A28647\Config Source,DWORD (0x00000001),{E983936C-B3A0-6006-2B00-00000000A301},2256,,,,,,T1059.001,PowerShell,Execution,TRACE-PS-01,powershell,https://raw.githubusercontent.com/splunk/attack_data/master/datasets/attack_techniques/T1059.001/encoded_powershell/windows-sysmon.log,a4e6a5db47832342a641d7c9cecfc7caf393b386cd88aa5739e90d3651bfe19b,false,Execution,none,raw Computer/IpAddress/User fields,
2021-01-19T13:26:06.754+0000,2021-01-19T13:26:06.754+0000,13,Microsoft-Windows-Sysmon/Operational,ict3214:attack_trace,PS-HOST-01,,,,C:\Windows\system32\DFSRs.exe,,,,,,,,HKLM\System\CurrentControlSet\Services\DFSR\Parameters\Volumes\0C308890-0000-0000-0000-100000000000\Volume Configuration File,\\.\C:\System Volume Information\DFSR\Config\Volume_0C308890-0000-0000-0000-100000000000.XML,{E983936C-B3A0-6006-2B00-00000000A301},2256,,,,,,T1059.001,PowerShell,Execution,TRACE-PS-01,powershell,https://raw.githubusercontent.com/splunk/attack_data/master/datasets/attack_techniques/T1059.001/encoded_powershell/windows-sysmon.log,8a21bdf32a467e88fb15b2734d6bfe65c03b6fc9e051131349d112a9ec5de59f,false,Execution,none,raw Computer/IpAddress/User fields,
2021-01-19T13:26:15.693+0000,2021-01-19T13:26:15.693+0000,10,Microsoft-Windows-Sysmon/Operational,ict3214:attack_trace,PS-HOST-01,,,,,,,C:\Program Files\Mozilla Firefox\firefox.exe,C:\Program Files\Mozilla Firefox\firefox.exe,0x40,,,,,,,{E983936C-CD5C-6006-8407-00000000A301},6812,{E983936C-CD5F-6006-8607-00000000A301},4500,,T1059.001,PowerShell,Execution,TRACE-PS-01,powershell,https://raw.githubusercontent.com/splunk/attack_data/master/datasets/attack_techniques/T1059.001/encoded_powershell/windows-sysmon.log,3dc95c19a25482c61e0b5cbc54285cc3297da94eb33c8311e019fc8a092565a5,false,Execution,none,raw Computer/IpAddress/User fields,
2021-01-19T13:26:15.693+0000,2021-01-19T13:26:15.693+0000,10,Microsoft-Windows-Sysmon/Operational,ict3214:attack_trace,PS-HOST-01,,,,,,,C:\Program Files\Mozilla Firefox\firefox.exe,C:\Program Files\Mozilla Firefox\firefox.exe,0x40,,,,,,,{E983936C-CD5C-6006-8407-00000000A301},6812,{E983936C-CD5F-6006-8607-00000000A301},4500,,T1059.001,PowerShell,Execution,TRACE-PS-01,powershell,https://raw.githubusercontent.com/splunk/attack_data/master/datasets/attack_techniques/T1059.001/encoded_powershell/windows-sysmon.log,bff6720501314e424d4120eea4b4d7aa8730e2db387239c24bcb41148eb6d02c,false,Execution,none,raw Computer/IpAddress/User fields,
2021-01-19T13:26:15.771+0000,2021-01-19T13:26:15.771+0000,10,Microsoft-Windows-Sysmon/Operational,ict3214:attack_trace,PS-HOST-01,,,,,,,C:\Program Files\Mozilla Firefox\firefox.exe,C:\Program Files\Mozilla Firefox\firefox.exe,0x40,,,,,,,{E983936C-CD5C-6006-8407-00000000A301},6812,{E983936C-CD5F-6006-8607-00000000A301},4500,,T1059.001,PowerShell,Execution,TRACE-PS-01,powershell,https://raw.githubusercontent.com/splunk/attack_data/master/datasets/attack_techniques/T1059.001/encoded_powershell/windows-sysmon.log,32dcd315f9fb87e8dbd35099e685b5f1041932cd44919b428a9d3597cce5cc4e,false,Execution,none,raw Computer/IpAddress/User fields,
2021-01-19T13:26:15.771+0000,2021-01-19T13:26:15.771+0000,10,Microsoft-Windows-Sysmon/Operational,ict3214:attack_trace,PS-HOST-01,,,,,,,C:\Program Files\Mozilla Firefox\firefox.exe,C:\Program Files\Mozilla Firefox\firefox.exe,0x40,,,,,,,{E983936C-CD5C-6006-8407-00000000A301},6812,{E983936C-CD5F-6006-8607-00000000A301},4500,,T1059.001,PowerShell,Execution,TRACE-PS-01,powershell,https://raw.githubusercontent.com/splunk/attack_data/master/datasets/attack_techniques/T1059.001/encoded_powershell/windows-sysmon.log,c7d144b6f80c248b2dd9ad95be082135b574a85946145e2eb62af53c792ca7c8,false,Execution,none,raw Computer/IpAddress/User fields,
2021-01-19T13:26:16.195+0000,2021-01-19T13:26:16.195+0000,10,Microsoft-Windows-Sysmon/Operational,ict3214:attack_trace,PS-HOST-01,,,,,,,C:\Program Files\Mozilla Firefox\firefox.exe,C:\Program Files\Mozilla Firefox\firefox.exe,0x40,,,,,,,{E983936C-CD5C-6006-8407-00000000A301},6812,{E983936C-CD5F-6006-8607-00000000A301},4500,,T1059.001,PowerShell,Execution,TRACE-PS-01,powershell,https://raw.githubusercontent.com/splunk/attack_data/master/datasets/attack_techniques/T1059.001/encoded_powershell/windows-sysmon.log,178554556d1a62237d8514e204f5aae2ea4ba33831424eba1a702023a62f49e8,false,Execution,none,raw Computer/IpAddress/User fields,
2021-01-19T13:26:16.195+0000,2021-01-19T13:26:16.195+0000,10,Microsoft-Windows-Sysmon/Operational,ict3214:attack_trace,PS-HOST-01,,,,,,,C:\Program Files\Mozilla Firefox\firefox.exe,C:\Program Files\Mozilla Firefox\firefox.exe,0x40,,,,,,,{E983936C-CD5C-6006-8407-00000000A301},6812,{E983936C-CD5F-6006-8607-00000000A301},4500,,T1059.001,PowerShell,Execution,TRACE-PS-01,powershell,https://raw.githubusercontent.com/splunk/attack_data/master/datasets/attack_techniques/T1059.001/encoded_powershell/windows-sysmon.log,a2bb74d087efdad5252bcf2854680ce50ce1adbcf1f0adfa36d722fc35d55b16,false,Execution,none,raw Computer/IpAddress/User fields,
2021-01-19T13:26:18.868+0000,2021-01-19T13:26:18.868+0000,10,Microsoft-Windows-Sysmon/Operational,ict3214:attack_trace,PS-HOST-01,,,,,,,C:\Windows\sysmon64.exe,C:\Windows\system32\svchost.exe,0x1400,,,,,,,{E983936C-B38F-6006-0C00-00000000A301},592,{E983936C-B3A0-6006-3100-00000000A301},2052,,T1059.001,PowerShell,Execution,TRACE-PS-01,powershell,https://raw.githubusercontent.com/splunk/attack_data/master/datasets/attack_techniques/T1059.001/encoded_powershell/windows-sysmon.log,06cbd2eb2b19661aa1f73d141ff1b8d14beb63fe46486cdab3fe784c0066e6d0,false,Execution,none,raw Computer/IpAddress/User fields,
2021-01-19T13:26:18.868+0000,2021-01-19T13:26:18.868+0000,10,Microsoft-Windows-Sysmon/Operational,ict3214:attack_trace,PS-HOST-01,,,,,,,C:\Windows\sysmon64.exe,C:\Windows\system32\svchost.exe,0x1400,,,,,,,{E983936C-B38F-6006-0C00-00000000A301},592,{E983936C-B3A0-6006-3100-00000000A301},2052,,T1059.001,PowerShell,Execution,TRACE-PS-01,powershell,https://raw.githubusercontent.com/splunk/attack_data/master/datasets/attack_techniques/T1059.001/encoded_powershell/windows-sysmon.log,44ce44ea8bbcddd0980c4651af23972619a9c2daa3166392e011be6bc1e0dea1,false,Execution,none,raw Computer/IpAddress/User fields,
2021-01-19T13:26:18.868+0000,2021-01-19T13:26:18.868+0000,10,Microsoft-Windows-Sysmon/Operational,ict3214:attack_trace,PS-HOST-01,,,,,,,C:\Windows\sysmon64.exe,C:\Windows\system32\svchost.exe,0x1400,,,,,,,{E983936C-B38F-6006-0C00-00000000A301},592,{E983936C-B3A0-6006-3100-00000000A301},2052,,T1059.001,PowerShell,Execution,TRACE-PS-01,powershell,https://raw.githubusercontent.com/splunk/attack_data/master/datasets/attack_techniques/T1059.001/encoded_powershell/windows-sysmon.log,5e6eefdbc725d8157c4fbf5f98f63621f821ca4ba54578f6e9ae74ed8f02625c,false,Execution,none,raw Computer/IpAddress/User fields,
2021-01-19T13:26:18.868+0000,2021-01-19T13:26:18.868+0000,10,Microsoft-Windows-Sysmon/Operational,ict3214:attack_trace,PS-HOST-01,,,,,,,C:\Program Files\SplunkUniversalForwarder\bin\splunk-netmon.exe,C:\Windows\system32\csrss.exe,0x1fffff,,,,,,,{E983936C-B38D-6006-0500-00000000A301},636,{E983936C-DDFA-6006-9109-00000000A301},6308,,T1059.001,PowerShell,Execution,TRACE-PS-01,powershell,https://raw.githubusercontent.com/splunk/attack_data/master/datasets/attack_techniques/T1059.001/encoded_powershell/windows-sysmon.log,6341a18c8878ac169904e477cf16214e652223516522766e2eb5a89b638c60a8,false,Execution,none,raw Computer/IpAddress/User fields,
2021-01-19T13:26:18.868+0000,2021-01-19T13:26:18.868+0000,10,Microsoft-Windows-Sysmon/Operational,ict3214:attack_trace,PS-HOST-01,,,,,,,C:\Program Files\SplunkUniversalForwarder\bin\splunk-netmon.exe,C:\Program Files\SplunkUniversalForwarder\bin\splunkd.exe,0x1fffff,,,,,,,{E983936C-B438-6006-B400-00000000A301},4412,{E983936C-DDFA-6006-9109-00000000A301},6308,,T1059.001,PowerShell,Execution,TRACE-PS-01,powershell,https://raw.githubusercontent.com/splunk/attack_data/master/datasets/attack_techniques/T1059.001/encoded_powershell/windows-sysmon.log,844fb719d178fc302f0f50912ed7df88776e6c405795f4fba2736ec8682c59bb,false,Execution,none,raw Computer/IpAddress/User fields,
2021-01-19T13:26:18.868+0000,2021-01-19T13:26:18.868+0000,10,Microsoft-Windows-Sysmon/Operational,ict3214:attack_trace,PS-HOST-01,,,,,,,C:\Windows\sysmon64.exe,C:\Windows\system32\svchost.exe,0x1400,,,,,,,{E983936C-B38F-6006-0C00-00000000A301},592,{E983936C-B3A0-6006-3100-00000000A301},2052,,T1059.001,PowerShell,Execution,TRACE-PS-01,powershell,https://raw.githubusercontent.com/splunk/attack_data/master/datasets/attack_techniques/T1059.001/encoded_powershell/windows-sysmon.log,ddf740c9a29d260cb7785cdaeb9ed80a7514dd6431414197b0ecc452557d5c51,false,Execution,none,raw Computer/IpAddress/User fields,
2021-01-19T13:26:18.868+0000,2021-01-19T13:26:18.868+0000,1,Microsoft-Windows-Sysmon/Operational,ict3214:attack_trace,PS-HOST-01,,,NT AUTHORITY\SYSTEM,C:\Program Files\SplunkUniversalForwarder\bin\splunk-netmon.exe,C:\Program Files\SplunkUniversalForwarder\bin\splunkd.exe,"""C:\Program Files\SplunkUniversalForwarder\bin\splunk-netmon.exe""",,,,,,,,{E983936C-DDFA-6006-9109-00000000A301},6308,,,,,,T1059.001,PowerShell,Execution,TRACE-PS-01,powershell,https://raw.githubusercontent.com/splunk/attack_data/master/datasets/attack_techniques/T1059.001/encoded_powershell/windows-sysmon.log,df0f4320d57780bbae218bd8564cefe30edb01fe6bc2fb9d9552cd3e7bfa497b,false,Execution,none,raw Computer/IpAddress/User fields,{E983936C-B438-6006-B400-00000000A301}
2021-01-19T13:26:18.869+0000,2021-01-19T13:26:18.869+0000,10,Microsoft-Windows-Sysmon/Operational,ict3214:attack_trace,PS-HOST-01,,,,,,,C:\Program Files\SplunkUniversalForwarder\bin\splunk-netmon.exe,C:\Windows\system32\conhost.exe,0x1fffff,,,,,,,{E983936C-B439-6006-B800-00000000A301},4284,{E983936C-DDFA-6006-9109-00000000A301},6308,,T1059.001,PowerShell,Execution,TRACE-PS-01,powershell,https://raw.githubusercontent.com/splunk/attack_data/master/datasets/attack_techniques/T1059.001/encoded_powershell/windows-sysmon.log,b70a12e6301b44e0488d40ddea6073ced06686a6f000976fd8386ea6eb7c96b1,false,Execution,none,raw Computer/IpAddress/User fields,
2021-01-19T13:26:19.539+0000,2021-01-19T13:26:19.539+0000,10,Microsoft-Windows-Sysmon/Operational,ict3214:attack_trace,PS-HOST-01,,,,,,,C:\Program Files\SplunkUniversalForwarder\bin\splunk-powershell.exe,C:\Program Files\SplunkUniversalForwarder\bin\splunkd.exe,0x1fffff,,,,,,,{E983936C-B438-6006-B400-00000000A301},4412,{E983936C-DDFB-6006-9209-00000000A301},5364,,T1059.001,PowerShell,Execution,TRACE-PS-01,powershell,https://raw.githubusercontent.com/splunk/attack_data/master/datasets/attack_techniques/T1059.001/encoded_powershell/windows-sysmon.log,2bdee8255b31d7deaaeca9baf17babd71a25cf766177654477b38756158751d4,false,Execution,none,raw Computer/IpAddress/User fields,
2021-01-19T13:26:19.539+0000,2021-01-19T13:26:19.539+0000,1,Microsoft-Windows-Sysmon/Operational,ict3214:attack_trace,PS-HOST-01,,,NT AUTHORITY\SYSTEM,C:\Program Files\SplunkUniversalForwarder\bin\splunk-powershell.exe,C:\Program Files\SplunkUniversalForwarder\bin\splunkd.exe,"""C:\Program Files\SplunkUniversalForwarder\bin\splunk-powershell.exe""",,,,,,,,{E983936C-DDFB-6006-9209-00000000A301},5364,,,,,,T1059.001,PowerShell,Execution,TRACE-PS-01,powershell,https://raw.githubusercontent.com/splunk/attack_data/master/datasets/attack_techniques/T1059.001/encoded_powershell/windows-sysmon.log,902d67147adc2fe32f806fd0f26f10b7f44571dbd7353b7592668369d8415406,false,Execution,none,raw Computer/IpAddress/User fields,{E983936C-B438-6006-B400-00000000A301}
2021-01-19T13:26:19.540+0000,2021-01-19T13:26:19.540+0000,10,Microsoft-Windows-Sysmon/Operational,ict3214:attack_trace,PS-HOST-01,,,,,,,C:\Windows\sysmon64.exe,C:\Windows\system32\svchost.exe,0x1400,,,,,,,{E983936C-B38F-6006-0C00-00000000A301},592,{E983936C-B3A0-6006-3100-00000000A301},2052,,T1059.001,PowerShell,Execution,TRACE-PS-01,powershell,https://raw.githubusercontent.com/splunk/attack_data/master/datasets/attack_techniques/T1059.001/encoded_powershell/windows-sysmon.log,53f276eda141ffc1939d136ae068c4edcecb49c9c4805220f5a8ebe8c4e4e560,false,Execution,none,raw Computer/IpAddress/User fields,
2021-01-19T13:26:19.540+0000,2021-01-19T13:26:19.540+0000,10,Microsoft-Windows-Sysmon/Operational,ict3214:attack_trace,PS-HOST-01,,,,,,,C:\Program Files\SplunkUniversalForwarder\bin\splunk-powershell.exe,C:\Windows\system32\csrss.exe,0x1fffff,,,,,,,{E983936C-B38D-6006-0500-00000000A301},636,{E983936C-DDFB-6006-9209-00000000A301},5364,,T1059.001,PowerShell,Execution,TRACE-PS-01,powershell,https://raw.githubusercontent.com/splunk/attack_data/master/datasets/attack_techniques/T1059.001/encoded_powershell/windows-sysmon.log,6b99ef627eea3d9f8416ee78f549d7c0958312d56de1025e06699572478b5387,false,Execution,none,raw Computer/IpAddress/User fields,
2021-01-19T13:26:19.540+0000,2021-01-19T13:26:19.540+0000,10,Microsoft-Windows-Sysmon/Operational,ict3214:attack_trace,PS-HOST-01,,,,,,,C:\Windows\sysmon64.exe,C:\Windows\system32\svchost.exe,0x1400,,,,,,,{E983936C-B38F-6006-0C00-00000000A301},592,{E983936C-B3A0-6006-3100-00000000A301},2052,,T1059.001,PowerShell,Execution,TRACE-PS-01,powershell,https://raw.githubusercontent.com/splunk/attack_data/master/datasets/attack_techniques/T1059.001/encoded_powershell/windows-sysmon.log,792c0c916f2bcf579a918a98708526d6996d35ae8f356ecc51b997b757037e75,false,Execution,none,raw Computer/IpAddress/User fields,
2021-01-19T13:26:19.540+0000,2021-01-19T13:26:19.540+0000,10,Microsoft-Windows-Sysmon/Operational,ict3214:attack_trace,PS-HOST-01,,,,,,,C:\Windows\sysmon64.exe,C:\Windows\system32\svchost.exe,0x1400,,,,,,,{E983936C-B38F-6006-0C00-00000000A301},592,{E983936C-B3A0-6006-3100-00000000A301},2052,,T1059.001,PowerShell,Execution,TRACE-PS-01,powershell,https://raw.githubusercontent.com/splunk/attack_data/master/datasets/attack_techniques/T1059.001/encoded_powershell/windows-sysmon.log,7d6cce12f40ef08e308b6f7c6e01c5e9a7d49e634c3850f52132a931c5ba2a84,false,Execution,none,raw Computer/IpAddress/User fields,
2021-01-19T13:26:19.540+0000,2021-01-19T13:26:19.540+0000,10,Microsoft-Windows-Sysmon/Operational,ict3214:attack_trace,PS-HOST-01,,,,,,,C:\Windows\sysmon64.exe,C:\Windows\system32\svchost.exe,0x1400,,,,,,,{E983936C-B38F-6006-0C00-00000000A301},592,{E983936C-B3A0-6006-3100-00000000A301},2052,,T1059.001,PowerShell,Execution,TRACE-PS-01,powershell,https://raw.githubusercontent.com/splunk/attack_data/master/datasets/attack_techniques/T1059.001/encoded_powershell/windows-sysmon.log,9601e9183e8efbab52c0c0f1a254ba2cd0dc7dbf96230bf139a4486cd011449e,false,Execution,none,raw Computer/IpAddress/User fields,
2021-01-19T13:26:19.541+0000,2021-01-19T13:26:19.541+0000,10,Microsoft-Windows-Sysmon/Operational,ict3214:attack_trace,PS-HOST-01,,,,,,,C:\Program Files\SplunkUniversalForwarder\bin\splunk-powershell.exe,C:\Windows\system32\conhost.exe,0x1fffff,,,,,,,{E983936C-B439-6006-B800-00000000A301},4284,{E983936C-DDFB-6006-9209-00000000A301},5364,,T1059.001,PowerShell,Execution,TRACE-PS-01,powershell,https://raw.githubusercontent.com/splunk/attack_data/master/datasets/attack_techniques/T1059.001/encoded_powershell/windows-sysmon.log,87fc3c190868ed6bdb9944d8741a2f1a452d4df3fe854a6c714cda04a81e2ece,false,Execution,none,raw Computer/IpAddress/User fields,
2021-01-19T13:26:19.692+0000,2021-01-19T13:26:19.692+0000,10,Microsoft-Windows-Sysmon/Operational,ict3214:attack_trace,PS-HOST-01,,,,,,,C:\Program Files\SplunkUniversalForwarder\bin\splunkd.exe,C:\Program Files\SplunkUniversalForwarder\bin\splunk-powershell.exe,0x101400,,,,,,,{E983936C-DDFB-6006-9209-00000000A301},5364,{E983936C-B438-6006-B400-00000000A301},4412,,T1059.001,PowerShell,Execution,TRACE-PS-01,powershell,https://raw.githubusercontent.com/splunk/attack_data/master/datasets/attack_techniques/T1059.001/encoded_powershell/windows-sysmon.log,93b69bca3c5b41a3079bae636990870e6d9883b0a9d73a50d2ba07e47ff7a6fc,false,Execution,none,raw Computer/IpAddress/User fields,
2021-01-19T13:26:20.211+0000,2021-01-19T13:26:20.211+0000,10,Microsoft-Windows-Sysmon/Operational,ict3214:attack_trace,PS-HOST-01,,,,,,,C:\Program Files\SplunkUniversalForwarder\bin\splunk-powershell.exe,C:\Program Files\SplunkUniversalForwarder\bin\splunkd.exe,0x1fffff,,,,,,,{E983936C-B438-6006-B400-00000000A301},4412,{E983936C-DDFC-6006-9309-00000000A301},4984,,T1059.001,PowerShell,Execution,TRACE-PS-01,powershell,https://raw.githubusercontent.com/splunk/attack_data/master/datasets/attack_techniques/T1059.001/encoded_powershell/windows-sysmon.log,6fa18f5b62caa4bf1150bd460b3a9d9d7b233176495e78c719f9380cd28bae0c,false,Execution,none,raw Computer/IpAddress/User fields,
2021-01-19T13:26:20.211+0000,2021-01-19T13:26:20.211+0000,1,Microsoft-Windows-Sysmon/Operational,ict3214:attack_trace,PS-HOST-01,,,NT AUTHORITY\SYSTEM,C:\Program Files\SplunkUniversalForwarder\bin\splunk-powershell.exe,C:\Program Files\SplunkUniversalForwarder\bin\splunkd.exe,"""C:\Program Files\SplunkUniversalForwarder\bin\splunk-powershell.exe"" --ps2",,,,,,,,{E983936C-DDFC-6006-9309-00000000A301},4984,,,,,,T1059.001,PowerShell,Execution,TRACE-PS-01,powershell,https://raw.githubusercontent.com/splunk/attack_data/master/datasets/attack_techniques/T1059.001/encoded_powershell/windows-sysmon.log,fc544ebb82a7a114554003d0dd655baec4412cd3e69f935428279bba2e7d74b0,false,Execution,none,raw Computer/IpAddress/User fields,{E983936C-B438-6006-B400-00000000A301}
2021-01-19T13:26:20.212+0000,2021-01-19T13:26:20.212+0000,10,Microsoft-Windows-Sysmon/Operational,ict3214:attack_trace,PS-HOST-01,,,,,,,C:\Windows\sysmon64.exe,C:\Windows\system32\svchost.exe,0x1400,,,,,,,{E983936C-B38F-6006-0C00-00000000A301},592,{E983936C-B3A0-6006-3100-00000000A301},2052,,T1059.001,PowerShell,Execution,TRACE-PS-01,powershell,https://raw.githubusercontent.com/splunk/attack_data/master/datasets/attack_techniques/T1059.001/encoded_powershell/windows-sysmon.log,1b5f3796f5f567a5f8255c1514d22e1595d7ce4cfe4fcfd3b4c59f8b35fc092c,false,Execution,none,raw Computer/IpAddress/User fields,
2021-01-19T13:26:20.212+0000,2021-01-19T13:26:20.212+0000,10,Microsoft-Windows-Sysmon/Operational,ict3214:attack_trace,PS-HOST-01,,,,,,,C:\Program Files\SplunkUniversalForwarder\bin\splunk-powershell.exe,C:\Windows\system32\csrss.exe,0x1fffff,,,,,,,{E983936C-B38D-6006-0500-00000000A301},636,{E983936C-DDFC-6006-9309-00000000A301},4984,,T1059.001,PowerShell,Execution,TRACE-PS-01,powershell,https://raw.githubusercontent.com/splunk/attack_data/master/datasets/attack_techniques/T1059.001/encoded_powershell/windows-sysmon.log,299768981b53e0c070f9213531427492992bb588bf6f52b4b2e8b6751a13d5c6,false,Execution,none,raw Computer/IpAddress/User fields,
2021-01-19T13:26:20.212+0000,2021-01-19T13:26:20.212+0000,10,Microsoft-Windows-Sysmon/Operational,ict3214:attack_trace,PS-HOST-01,,,,,,,C:\Windows\sysmon64.exe,C:\Windows\system32\svchost.exe,0x1400,,,,,,,{E983936C-B38F-6006-0C00-00000000A301},592,{E983936C-B3A0-6006-3100-00000000A301},2052,,T1059.001,PowerShell,Execution,TRACE-PS-01,powershell,https://raw.githubusercontent.com/splunk/attack_data/master/datasets/attack_techniques/T1059.001/encoded_powershell/windows-sysmon.log,3773766c67d872b3786d9a72c1a021e6ed699f1f9dae3e6267056ab967264ab4,false,Execution,none,raw Computer/IpAddress/User fields,
2021-01-19T13:26:20.212+0000,2021-01-19T13:26:20.212+0000,10,Microsoft-Windows-Sysmon/Operational,ict3214:attack_trace,PS-HOST-01,,,,,,,C:\Windows\sysmon64.exe,C:\Windows\system32\svchost.exe,0x1400,,,,,,,{E983936C-B38F-6006-0C00-00000000A301},592,{E983936C-B3A0-6006-3100-00000000A301},2052,,T1059.001,PowerShell,Execution,TRACE-PS-01,powershell,https://raw.githubusercontent.com/splunk/attack_data/master/datasets/attack_techniques/T1059.001/encoded_powershell/windows-sysmon.log,8309e406cf68e27b105b8a0403cd46a64d6679b0f9ce4a1d84caeee99dff7a52,false,Execution,none,raw Computer/IpAddress/User fields,
2021-01-19T13:26:20.212+0000,2021-01-19T13:26:20.212+0000,10,Microsoft-Windows-Sysmon/Operational,ict3214:attack_trace,PS-HOST-01,,,,,,,C:\Windows\sysmon64.exe,C:\Windows\system32\svchost.exe,0x1400,,,,,,,{E983936C-B38F-6006-0C00-00000000A301},592,{E983936C-B3A0-6006-3100-00000000A301},2052,,T1059.001,PowerShell,Execution,TRACE-PS-01,powershell,https://raw.githubusercontent.com/splunk/attack_data/master/datasets/attack_techniques/T1059.001/encoded_powershell/windows-sysmon.log,bf5e6e959169e095b67fa1cba1de4537f5567e9eb45daec93a86631ab881dad5,false,Execution,none,raw Computer/IpAddress/User fields,
2021-01-19T13:26:20.212+0000,2021-01-19T13:26:20.212+0000,10,Microsoft-Windows-Sysmon/Operational,ict3214:attack_trace,PS-HOST-01,,,,,,,C:\Program Files\SplunkUniversalForwarder\bin\splunk-powershell.exe,C:\Windows\system32\conhost.exe,0x1fffff,,,,,,,{E983936C-B439-6006-B800-00000000A301},4284,{E983936C-DDFC-6006-9309-00000000A301},4984,,T1059.001,PowerShell,Execution,TRACE-PS-01,powershell,https://raw.githubusercontent.com/splunk/attack_data/master/datasets/attack_techniques/T1059.001/encoded_powershell/windows-sysmon.log,e4ed94c389b2181f0f283dac3b1ebf27c21aa9174239544a3b7bb8a2397f46e3,false,Execution,none,raw Computer/IpAddress/User fields,
2021-01-19T13:26:20.362+0000,2021-01-19T13:26:20.362+0000,10,Microsoft-Windows-Sysmon/Operational,ict3214:attack_trace,PS-HOST-01,,,,,,,C:\Program Files\SplunkUniversalForwarder\bin\splunkd.exe,C:\Program Files\SplunkUniversalForwarder\bin\splunk-powershell.exe,0x101400,,,,,,,{E983936C-DDFC-6006-9309-00000000A301},4984,{E983936C-B438-6006-B400-00000000A301},4412,,T1059.001,PowerShell,Execution,TRACE-PS-01,powershell,https://raw.githubusercontent.com/splunk/attack_data/master/datasets/attack_techniques/T1059.001/encoded_powershell/windows-sysmon.log,197645989d43fa53fae827d55abda4f2d22dd1e1163c897567858734776f9198,false,Execution,none,raw Computer/IpAddress/User fields,
2021-01-19T13:26:20.835+0000,2021-01-19T13:26:20.835+0000,10,Microsoft-Windows-Sysmon/Operational,ict3214:attack_trace,PS-HOST-01,,,,,,,C:\Program Files\Mozilla Firefox\firefox.exe,C:\Windows\Explorer.EXE,0x40,,,,,,,{E983936C-CCDD-6006-4607-00000000A301},5080,{E983936C-CD5C-6006-8407-00000000A301},6812,,T1059.001,PowerShell,Execution,TRACE-PS-01,powershell,https://raw.githubusercontent.com/splunk/attack_data/master/datasets/attack_techniques/T1059.001/encoded_powershell/windows-sysmon.log,45fc6f674de8525283ea60090024722c22b6e9051f827c35d3dcd1e17a986b4e,false,Execution,none,raw Computer/IpAddress/User fields,
2021-01-19T13:26:20.836+0000,2021-01-19T13:26:20.836+0000,10,Microsoft-Windows-Sysmon/Operational,ict3214:attack_trace,PS-HOST-01,,,,,,,C:\Program Files\Mozilla Firefox\firefox.exe,C:\Windows\Explorer.EXE,0x40,,,,,,,{E983936C-CCDD-6006-4607-00000000A301},5080,{E983936C-CD5C-6006-8407-00000000A301},6812,,T1059.001,PowerShell,Execution,TRACE-PS-01,powershell,https://raw.githubusercontent.com/splunk/attack_data/master/datasets/attack_techniques/T1059.001/encoded_powershell/windows-sysmon.log,c6733c5f159e08e6044ff938bfbf8a54b2cfb5b17c5320b5f8868d64e4128034,false,Execution,none,raw Computer/IpAddress/User fields,
2021-01-19T13:26:20.899+0000,2021-01-19T13:26:20.899+0000,1,Microsoft-Windows-Sysmon/Operational,ict3214:attack_trace,PS-HOST-01,,,NT AUTHORITY\SYSTEM,C:\Program Files\SplunkUniversalForwarder\bin\splunk-regmon.exe,C:\Program Files\SplunkUniversalForwarder\bin\splunkd.exe,"""C:\Program Files\SplunkUniversalForwarder\bin\splunk-regmon.exe""",,,,,,,,{E983936C-DDFC-6006-9409-00000000A301},7548,,,,,,T1059.001,PowerShell,Execution,TRACE-PS-01,powershell,https://raw.githubusercontent.com/splunk/attack_data/master/datasets/attack_techniques/T1059.001/encoded_powershell/windows-sysmon.log,3d841243c912ea46558331f2bbccaa4ecb23c0eb48b87102a3c0b2ae44d050c8,false,Execution,none,raw Computer/IpAddress/User fields,{E983936C-B438-6006-B400-00000000A301}
2021-01-19T13:26:20.899+0000,2021-01-19T13:26:20.899+0000,10,Microsoft-Windows-Sysmon/Operational,ict3214:attack_trace,PS-HOST-01,,,,,,,C:\Program Files\SplunkUniversalForwarder\bin\splunk-regmon.exe,C:\Windows\system32\csrss.exe,0x1fffff,,,,,,,{E983936C-B38D-6006-0500-00000000A301},636,{E983936C-DDFC-6006-9409-00000000A301},7548,,T1059.001,PowerShell,Execution,TRACE-PS-01,powershell,https://raw.githubusercontent.com/splunk/attack_data/master/datasets/attack_techniques/T1059.001/encoded_powershell/windows-sysmon.log,5a2cfe6bf97418e6b6e7ef733859e19a16da434df6e92ff5136572721e254aff,false,Execution,none,raw Computer/IpAddress/User fields,
2021-01-19T13:26:20.899+0000,2021-01-19T13:26:20.899+0000,10,Microsoft-Windows-Sysmon/Operational,ict3214:attack_trace,PS-HOST-01,,,,,,,C:\Program Files\SplunkUniversalForwarder\bin\splunk-regmon.exe,C:\Program Files\SplunkUniversalForwarder\bin\splunkd.exe,0x1fffff,,,,,,,{E983936C-B438-6006-B400-00000000A301},4412,{E983936C-DDFC-6006-9409-00000000A301},7548,,T1059.001,PowerShell,Execution,TRACE-PS-01,powershell,https://raw.githubusercontent.com/splunk/attack_data/master/datasets/attack_techniques/T1059.001/encoded_powershell/windows-sysmon.log,e2b7f094b0d0ae512d8dccebaf1b0b68873475209f77ef127e045d2b24a3d9af,false,Execution,none,raw Computer/IpAddress/User fields,
2021-01-19T13:26:20.900+0000,2021-01-19T13:26:20.900+0000,10,Microsoft-Windows-Sysmon/Operational,ict3214:attack_trace,PS-HOST-01,,,,,,,C:\Windows\sysmon64.exe,C:\Windows\system32\svchost.exe,0x1400,,,,,,,{E983936C-B38F-6006-0C00-00000000A301},592,{E983936C-B3A0-6006-3100-00000000A301},2052,,T1059.001,PowerShell,Execution,TRACE-PS-01,powershell,https://raw.githubusercontent.com/splunk/attack_data/master/datasets/attack_techniques/T1059.001/encoded_powershell/windows-sysmon.log,0227eb41131a9f95e5b2cf9d241b9748027d758dc216b914523d7ac95a44f392,false,Execution,none,raw Computer/IpAddress/User fields,
2021-01-19T13:26:20.900+0000,2021-01-19T13:26:20.900+0000,10,Microsoft-Windows-Sysmon/Operational,ict3214:attack_trace,PS-HOST-01,,,,,,,C:\Windows\sysmon64.exe,C:\Windows\system32\svchost.exe,0x1400,,,,,,,{E983936C-B38F-6006-0C00-00000000A301},592,{E983936C-B3A0-6006-3100-00000000A301},2052,,T1059.001,PowerShell,Execution,TRACE-PS-01,powershell,https://raw.githubusercontent.com/splunk/attack_data/master/datasets/attack_techniques/T1059.001/encoded_powershell/windows-sysmon.log,314c6dd7db1e4a3533855d80a6f77d928809e822c803a00713796d67dd1d1cf5,false,Execution,none,raw Computer/IpAddress/User fields,
2021-01-19T13:26:20.900+0000,2021-01-19T13:26:20.900+0000,10,Microsoft-Windows-Sysmon/Operational,ict3214:attack_trace,PS-HOST-01,,,,,,,C:\Windows\sysmon64.exe,C:\Windows\system32\svchost.exe,0x1400,,,,,,,{E983936C-B38F-6006-0C00-00000000A301},592,{E983936C-B3A0-6006-3100-00000000A301},2052,,T1059.001,PowerShell,Execution,TRACE-PS-01,powershell,https://raw.githubusercontent.com/splunk/attack_data/master/datasets/attack_techniques/T1059.001/encoded_powershell/windows-sysmon.log,3508d94b8d9790ba9bdf6a8888a851304e45dde7b8af97c4268a7a890692363f,false,Execution,none,raw Computer/IpAddress/User fields,
2021-01-19T13:26:20.900+0000,2021-01-19T13:26:20.900+0000,10,Microsoft-Windows-Sysmon/Operational,ict3214:attack_trace,PS-HOST-01,,,,,,,C:\Windows\sysmon64.exe,C:\Windows\system32\svchost.exe,0x1400,,,,,,,{E983936C-B38F-6006-0C00-00000000A301},592,{E983936C-B3A0-6006-3100-00000000A301},2052,,T1059.001,PowerShell,Execution,TRACE-PS-01,powershell,https://raw.githubusercontent.com/splunk/attack_data/master/datasets/attack_techniques/T1059.001/encoded_powershell/windows-sysmon.log,405c9a4dfac6149ad807bff5ebe9160f14e1c52b62252951b3b6565643e13ebc,false,Execution,none,raw Computer/IpAddress/User fields,
2021-01-19T13:26:20.901+0000,2021-01-19T13:26:20.901+0000,10,Microsoft-Windows-Sysmon/Operational,ict3214:attack_trace,PS-HOST-01,,,,,,,C:\Program Files\SplunkUniversalForwarder\bin\splunk-regmon.exe,C:\Windows\system32\conhost.exe,0x1fffff,,,,,,,{E983936C-B439-6006-B800-00000000A301},4284,{E983936C-DDFC-6006-9409-00000000A301},7548,,T1059.001,PowerShell,Execution,TRACE-PS-01,powershell,https://raw.githubusercontent.com/splunk/attack_data/master/datasets/attack_techniques/T1059.001/encoded_powershell/windows-sysmon.log,747b844dd43bbef8245045af99dd6efc8e571c0447cd586c4f7ebf20678cde00,false,Execution,none,raw Computer/IpAddress/User fields,
2021-01-19T13:26:21.057+0000,2021-01-19T13:26:21.057+0000,10,Microsoft-Windows-Sysmon/Operational,ict3214:attack_trace,PS-HOST-01,,,,,,,C:\Program Files\SplunkUniversalForwarder\bin\splunkd.exe,C:\Program Files\SplunkUniversalForwarder\bin\splunk-regmon.exe,0x101400,,,,,,,{E983936C-DDFC-6006-9409-00000000A301},7548,{E983936C-B438-6006-B400-00000000A301},4412,,T1059.001,PowerShell,Execution,TRACE-PS-01,powershell,https://raw.githubusercontent.com/splunk/attack_data/master/datasets/attack_techniques/T1059.001/encoded_powershell/windows-sysmon.log,c9f78e2820b05868aa9fc88be71ac538e1d5e17466c4f70854d4303622d7259d,false,Execution,none,raw Computer/IpAddress/User fields,
2021-01-19T13:26:21.396+0000,2021-01-19T13:26:21.396+0000,10,Microsoft-Windows-Sysmon/Operational,ict3214:attack_trace,PS-HOST-01,,,,,,,C:\Windows\System32\rdpclip.exe,C:\Windows\system32\svchost.exe,0x1000,,,,,,,{E983936C-B38F-6006-0D00-00000000A301},992,{E983936C-CCDC-6006-3A07-00000000A301},1108,,T1059.001,PowerShell,Execution,TRACE-PS-01,powershell,https://raw.githubusercontent.com/splunk/attack_data/master/datasets/attack_techniques/T1059.001/encoded_powershell/windows-sysmon.log,c9c59f6543aecc0bc1f9e606522d6df24de5dd6c126117d917efdb30976ca825,false,Execution,none,raw Computer/IpAddress/User fields,
2021-01-19T13:26:21.399+0000,2021-01-19T13:26:21.399+0000,10,Microsoft-Windows-Sysmon/Operational,ict3214:attack_trace,PS-HOST-01,,,,,,,C:\Program Files\SplunkUniversalForwarder\bin\splunk-MonitorNoHandle.exe,C:\Program Files\SplunkUniversalForwarder\bin\splunkd.exe,0x1fffff,,,,,,,{E983936C-B438-6006-B400-00000000A301},4412,{E983936C-DDFD-6006-9509-00000000A301},6616,,T1059.001,PowerShell,Execution,TRACE-PS-01,powershell,https://raw.githubusercontent.com/splunk/attack_data/master/datasets/attack_techniques/T1059.001/encoded_powershell/windows-sysmon.log,53c35a32ed7413d1089429e92a920d4ab264d3ab130508022f0848ae72630c06,false,Execution,none,raw Computer/IpAddress/User fields,
2021-01-19T13:26:21.399+0000,2021-01-19T13:26:21.399+0000,1,Microsoft-Windows-Sysmon/Operational,ict3214:attack_trace,PS-HOST-01,,,NT AUTHORITY\SYSTEM,C:\Program Files\SplunkUniversalForwarder\bin\splunk-MonitorNoHandle.exe,C:\Program Files\SplunkUniversalForwarder\bin\splunkd.exe,"""C:\Program Files\SplunkUniversalForwarder\bin\splunk-MonitorNoHandle.exe""",,,,,,,,{E983936C-DDFD-6006-9509-00000000A301},6616,,,,,,T1059.001,PowerShell,Execution,TRACE-PS-01,powershell,https://raw.githubusercontent.com/splunk/attack_data/master/datasets/attack_techniques/T1059.001/encoded_powershell/windows-sysmon.log,6c52770badeda5ae664999b9294bb6966275db445850d52449f8b86890aed2d1,false,Execution,none,raw Computer/IpAddress/User fields,{E983936C-B438-6006-B400-00000000A301}
2021-01-19T13:26:21.400+0000,2021-01-19T13:26:21.400+0000,10,Microsoft-Windows-Sysmon/Operational,ict3214:attack_trace,PS-HOST-01,,,,,,,C:\Program Files\SplunkUniversalForwarder\bin\splunk-MonitorNoHandle.exe,C:\Windows\system32\csrss.exe,0x1fffff,,,,,,,{E983936C-B38D-6006-0500-00000000A301},636,{E983936C-DDFD-6006-9509-00000000A301},6616,,T1059.001,PowerShell,Execution,TRACE-PS-01,powershell,https://raw.githubusercontent.com/splunk/attack_data/master/datasets/attack_techniques/T1059.001/encoded_powershell/windows-sysmon.log,1f28558766f3476ed911411bdeec93561e74339613c4d1f2de3799c72dec6a9c,false,Execution,none,raw Computer/IpAddress/User fields,
2021-01-19T13:26:21.400+0000,2021-01-19T13:26:21.400+0000,10,Microsoft-Windows-Sysmon/Operational,ict3214:attack_trace,PS-HOST-01,,,,,,,C:\Windows\sysmon64.exe,C:\Windows\system32\svchost.exe,0x1400,,,,,,,{E983936C-B38F-6006-0C00-00000000A301},592,{E983936C-B3A0-6006-3100-00000000A301},2052,,T1059.001,PowerShell,Execution,TRACE-PS-01,powershell,https://raw.githubusercontent.com/splunk/attack_data/master/datasets/attack_techniques/T1059.001/encoded_powershell/windows-sysmon.log,429aa871d074f382f841d63acf4d12b1f5783ffd43d8315c673c7113becda32f,false,Execution,none,raw Computer/IpAddress/User fields,
2021-01-19T13:26:21.400+0000,2021-01-19T13:26:21.400+0000,10,Microsoft-Windows-Sysmon/Operational,ict3214:attack_trace,PS-HOST-01,,,,,,,C:\Windows\sysmon64.exe,C:\Windows\system32\svchost.exe,0x1400,,,,,,,{E983936C-B38F-6006-0C00-00000000A301},592,{E983936C-B3A0-6006-3100-00000000A301},2052,,T1059.001,PowerShell,Execution,TRACE-PS-01,powershell,https://raw.githubusercontent.com/splunk/attack_data/master/datasets/attack_techniques/T1059.001/encoded_powershell/windows-sysmon.log,63439435173a61795051010b3d8b6c85a2f72dc0263c346fdd778dc84a691141,false,Execution,none,raw Computer/IpAddress/User fields,
2021-01-19T13:26:21.400+0000,2021-01-19T13:26:21.400+0000,10,Microsoft-Windows-Sysmon/Operational,ict3214:attack_trace,PS-HOST-01,,,,,,,C:\Windows\sysmon64.exe,C:\Windows\system32\svchost.exe,0x1400,,,,,,,{E983936C-B38F-6006-0C00-00000000A301},592,{E983936C-B3A0-6006-3100-00000000A301},2052,,T1059.001,PowerShell,Execution,TRACE-PS-01,powershell,https://raw.githubusercontent.com/splunk/attack_data/master/datasets/attack_techniques/T1059.001/encoded_powershell/windows-sysmon.log,8dcd52d702ba6616f3b9cee576f8f00fb19fcca1d80ace958c74d7c6dab9b6ce,false,Execution,none,raw Computer/IpAddress/User fields,
2021-01-19T13:26:21.400+0000,2021-01-19T13:26:21.400+0000,10,Microsoft-Windows-Sysmon/Operational,ict3214:attack_trace,PS-HOST-01,,,,,,,C:\Windows\sysmon64.exe,C:\Windows\system32\svchost.exe,0x1400,,,,,,,{E983936C-B38F-6006-0C00-00000000A301},592,{E983936C-B3A0-6006-3100-00000000A301},2052,,T1059.001,PowerShell,Execution,TRACE-PS-01,powershell,https://raw.githubusercontent.com/splunk/attack_data/master/datasets/attack_techniques/T1059.001/encoded_powershell/windows-sysmon.log,a7299a8e5588697836b2c291b87c69effb1a2af71fb3feb86a9ba1f3267d84d9,false,Execution,none,raw Computer/IpAddress/User fields,
2021-01-19T13:26:21.401+0000,2021-01-19T13:26:21.401+0000,10,Microsoft-Windows-Sysmon/Operational,ict3214:attack_trace,PS-HOST-01,,,,,,,C:\Program Files\SplunkUniversalForwarder\bin\splunk-MonitorNoHandle.exe,C:\Windows\system32\conhost.exe,0x1fffff,,,,,,,{E983936C-B439-6006-B800-00000000A301},4284,{E983936C-DDFD-6006-9509-00000000A301},6616,,T1059.001,PowerShell,Execution,TRACE-PS-01,powershell,https://raw.githubusercontent.com/splunk/attack_data/master/datasets/attack_techniques/T1059.001/encoded_powershell/windows-sysmon.log,af202b89581eac2790061d51c83fa2c171ba35c0ebe33b0c8f513c854295820e,false,Execution,none,raw Computer/IpAddress/User fields,
2021-01-19T13:26:22.071+0000,2021-01-19T13:26:22.071+0000,10,Microsoft-Windows-Sysmon/Operational,ict3214:attack_trace,PS-HOST-01,,,,,,,C:\Windows\sysmon64.exe,C:\Windows\system32\svchost.exe,0x1400,,,,,,,{E983936C-B38F-6006-0C00-00000000A301},592,{E983936C-B3A0-6006-3100-00000000A301},2052,,T1059.001,PowerShell,Execution,TRACE-PS-01,powershell,https://raw.githubusercontent.com/splunk/attack_data/master/datasets/attack_techniques/T1059.001/encoded_powershell/windows-sysmon.log,11e32633534323362f94abe643c0dae67f556e2419fa780efa0fd30ab114177d,false,Execution,none,raw Computer/IpAddress/User fields,
2021-01-19T13:26:22.071+0000,2021-01-19T13:26:22.071+0000,10,Microsoft-Windows-Sysmon/Operational,ict3214:attack_trace,PS-HOST-01,,,,,,,C:\Windows\sysmon64.exe,C:\Windows\system32\svchost.exe,0x1400,,,,,,,{E983936C-B38F-6006-0C00-00000000A301},592,{E983936C-B3A0-6006-3100-00000000A301},2052,,T1059.001,PowerShell,Execution,TRACE-PS-01,powershell,https://raw.githubusercontent.com/splunk/attack_data/master/datasets/attack_techniques/T1059.001/encoded_powershell/windows-sysmon.log,4b6a71dd0770641e573ced14627499a1e785bc766dbad081de4936a1c7b93966,false,Execution,none,raw Computer/IpAddress/User fields,
2021-01-19T13:26:22.071+0000,2021-01-19T13:26:22.071+0000,10,Microsoft-Windows-Sysmon/Operational,ict3214:attack_trace,PS-HOST-01,,,,,,,C:\Program Files\SplunkUniversalForwarder\bin\splunk-admon.exe,C:\Windows\system32\csrss.exe,0x1fffff,,,,,,,{E983936C-B38D-6006-0500-00000000A301},636,{E983936C-DDFE-6006-9609-00000000A301},6448,,T1059.001,PowerShell,Execution,TRACE-PS-01,powershell,https://raw.githubusercontent.com/splunk/attack_data/master/datasets/attack_techniques/T1059.001/encoded_powershell/windows-sysmon.log,538af07dd279a8fb84395a23f075c5c2382e4c44401e2e8da20cd17b5ae71068,false,Execution,none,raw Computer/IpAddress/User fields,
2021-01-19T13:26:22.071+0000,2021-01-19T13:26:22.071+0000,10,Microsoft-Windows-Sysmon/Operational,ict3214:attack_trace,PS-HOST-01,,,,,,,C:\Windows\sysmon64.exe,C:\Windows\system32\svchost.exe,0x1400,,,,,,,{E983936C-B38F-6006-0C00-00000000A301},592,{E983936C-B3A0-6006-3100-00000000A301},2052,,T1059.001,PowerShell,Execution,TRACE-PS-01,powershell,https://raw.githubusercontent.com/splunk/attack_data/master/datasets/attack_techniques/T1059.001/encoded_powershell/windows-sysmon.log,6475b8bec727c44adafb643ff971312403d61f989dae3773e9731790daefbc41,false,Execution,none,raw Computer/IpAddress/User fields,
2021-01-19T13:26:22.071+0000,2021-01-19T13:26:22.071+0000,10,Microsoft-Windows-Sysmon/Operational,ict3214:attack_trace,PS-HOST-01,,,,,,,C:\Windows\sysmon64.exe,C:\Windows\system32\svchost.exe,0x1400,,,,,,,{E983936C-B38F-6006-0C00-00000000A301},592,{E983936C-B3A0-6006-3100-00000000A301},2052,,T1059.001,PowerShell,Execution,TRACE-PS-01,powershell,https://raw.githubusercontent.com/splunk/attack_data/master/datasets/attack_techniques/T1059.001/encoded_powershell/windows-sysmon.log,69db0d8fad61cb043a8b7c6f8ea21dfd5e7d14a39f0d50573ac68f1728c0197e,false,Execution,none,raw Computer/IpAddress/User fields,
2021-01-19T13:26:22.071+0000,2021-01-19T13:26:22.071+0000,1,Microsoft-Windows-Sysmon/Operational,ict3214:attack_trace,PS-HOST-01,,,NT AUTHORITY\SYSTEM,C:\Program Files\SplunkUniversalForwarder\bin\splunk-admon.exe,C:\Program Files\SplunkUniversalForwarder\bin\splunkd.exe,"""C:\Program Files\SplunkUniversalForwarder\bin\splunk-admon.exe""",,,,,,,,{E983936C-DDFE-6006-9609-00000000A301},6448,,,,,,T1059.001,PowerShell,Execution,TRACE-PS-01,powershell,https://raw.githubusercontent.com/splunk/attack_data/master/datasets/attack_techniques/T1059.001/encoded_powershell/windows-sysmon.log,cb406d330a75c4652aadddfd83c0583e6b19f4916355055c4dde27d978848961,false,Execution,none,raw Computer/IpAddress/User fields,{E983936C-B438-6006-B400-00000000A301}
2021-01-19T13:26:22.071+0000,2021-01-19T13:26:22.071+0000,10,Microsoft-Windows-Sysmon/Operational,ict3214:attack_trace,PS-HOST-01,,,,,,,C:\Program Files\SplunkUniversalForwarder\bin\splunk-admon.exe,C:\Program Files\SplunkUniversalForwarder\bin\splunkd.exe,0x1fffff,,,,,,,{E983936C-B438-6006-B400-00000000A301},4412,{E983936C-DDFE-6006-9609-00000000A301},6448,,T1059.001,PowerShell,Execution,TRACE-PS-01,powershell,https://raw.githubusercontent.com/splunk/attack_data/master/datasets/attack_techniques/T1059.001/encoded_powershell/windows-sysmon.log,ee49faf17b92957e10e59dcfee6c375bfe9809d94e8899d5afbdc028035e717f,false,Execution,none,raw Computer/IpAddress/User fields,
2021-01-19T13:26:22.072+0000,2021-01-19T13:26:22.072+0000,10,Microsoft-Windows-Sysmon/Operational,ict3214:attack_trace,PS-HOST-01,,,,,,,C:\Program Files\SplunkUniversalForwarder\bin\splunk-admon.exe,C:\Windows\system32\conhost.exe,0x1fffff,,,,,,,{E983936C-B439-6006-B800-00000000A301},4284,{E983936C-DDFE-6006-9609-00000000A301},6448,,T1059.001,PowerShell,Execution,TRACE-PS-01,powershell,https://raw.githubusercontent.com/splunk/attack_data/master/datasets/attack_techniques/T1059.001/encoded_powershell/windows-sysmon.log,7f669fc1bff33cccc18b298bcbbf9b7015e77d8622906f66d48bbbd45fa560aa,false,Execution,none,raw Computer/IpAddress/User fields,
2021-01-19T13:26:22.220+0000,2021-01-19T13:26:22.220+0000,10,Microsoft-Windows-Sysmon/Operational,ict3214:attack_trace,PS-HOST-01,,,,,,,C:\Program Files\SplunkUniversalForwarder\bin\splunkd.exe,C:\Program Files\SplunkUniversalForwarder\bin\splunk-admon.exe,0x101400,,,,,,,{E983936C-DDFE-6006-9609-00000000A301},6448,{E983936C-B438-6006-B400-00000000A301},4412,,T1059.001,PowerShell,Execution,TRACE-PS-01,powershell,https://raw.githubusercontent.com/splunk/attack_data/master/datasets/attack_techniques/T1059.001/encoded_powershell/windows-sysmon.log,a1cc547e67380ae324ce9bc843aa8f171560068508bbdd5133a1e8e6442711d5,false,Execution,none,raw Computer/IpAddress/User fields,
2021-01-19T13:26:25.852+0000,2021-01-19T13:26:25.852+0000,10,Microsoft-Windows-Sysmon/Operational,ict3214:attack_trace,PS-HOST-01,,,,,,,C:\Program Files\SplunkUniversalForwarder\bin\splunk-winprintmon.exe,C:\Windows\system32\csrss.exe,0x1fffff,,,,,,,{E983936C-B38D-6006-0500-00000000A301},636,{E983936C-DE01-6006-9709-00000000A301},7576,,T1059.001,PowerShell,Execution,TRACE-PS-01,powershell,https://raw.githubusercontent.com/splunk/attack_data/master/datasets/attack_techniques/T1059.001/encoded_powershell/windows-sysmon.log,073f9732d556d159c48a98f029d9d21bb04ece6e973b1c8da0633fef391782e9,false,Execution,none,raw Computer/IpAddress/User fields,
2021-01-19T13:26:25.852+0000,2021-01-19T13:26:25.852+0000,10,Microsoft-Windows-Sysmon/Operational,ict3214:attack_trace,PS-HOST-01,,,,,,,C:\Program Files\SplunkUniversalForwarder\bin\splunk-winprintmon.exe,C:\Program Files\SplunkUniversalForwarder\bin\splunkd.exe,0x1fffff,,,,,,,{E983936C-B438-6006-B400-00000000A301},4412,{E983936C-DE01-6006-9709-00000000A301},7576,,T1059.001,PowerShell,Execution,TRACE-PS-01,powershell,https://raw.githubusercontent.com/splunk/attack_data/master/datasets/attack_techniques/T1059.001/encoded_powershell/windows-sysmon.log,0b524fd497cfb298e36e94f5e957ce81c7ec1e550d249d209ab3fff37cd7e7c1,false,Execution,none,raw Computer/IpAddress/User fields,
2021-01-19T13:26:25.852+0000,2021-01-19T13:26:25.852+0000,10,Microsoft-Windows-Sysmon/Operational,ict3214:attack_trace,PS-HOST-01,,,,,,,C:\Windows\sysmon64.exe,C:\Windows\system32\svchost.exe,0x1400,,,,,,,{E983936C-B38F-6006-0C00-00000000A301},592,{E983936C-B3A0-6006-3100-00000000A301},2052,,T1059.001,PowerShell,Execution,TRACE-PS-01,powershell,https://raw.githubusercontent.com/splunk/attack_data/master/datasets/attack_techniques/T1059.001/encoded_powershell/windows-sysmon.log,19fed3696f39f60a078f70f9cffd0710ff19e11e2709758bc16ffe60f3e65c9f,false,Execution,none,raw Computer/IpAddress/User fields,
2021-01-19T13:26:25.852+0000,2021-01-19T13:26:25.852+0000,10,Microsoft-Windows-Sysmon/Operational,ict3214:attack_trace,PS-HOST-01,,,,,,,C:\Windows\sysmon64.exe,C:\Windows\system32\svchost.exe,0x1400,,,,,,,{E983936C-B38F-6006-0C00-00000000A301},592,{E983936C-B3A0-6006-3100-00000000A301},2052,,T1059.001,PowerShell,Execution,TRACE-PS-01,powershell,https://raw.githubusercontent.com/splunk/attack_data/master/datasets/attack_techniques/T1059.001/encoded_powershell/windows-sysmon.log,72fa6a74126f191087d72b98dbdfb854564995ee7f52cb94e98442ac228ee6fa,false,Execution,none,raw Computer/IpAddress/User fields,
2021-01-19T13:26:25.852+0000,2021-01-19T13:26:25.852+0000,10,Microsoft-Windows-Sysmon/Operational,ict3214:attack_trace,PS-HOST-01,,,,,,,C:\Windows\sysmon64.exe,C:\Windows\system32\svchost.exe,0x1400,,,,,,,{E983936C-B38F-6006-0C00-00000000A301},592,{E983936C-B3A0-6006-3100-00000000A301},2052,,T1059.001,PowerShell,Execution,TRACE-PS-01,powershell,https://raw.githubusercontent.com/splunk/attack_data/master/datasets/attack_techniques/T1059.001/encoded_powershell/windows-sysmon.log,bbb7b486a4f3fc4935197dff33fd8bdb61c371e1d6938a96249edb67225a6a1f,false,Execution,none,raw Computer/IpAddress/User fields,
2021-01-19T13:26:25.852+0000,2021-01-19T13:26:25.852+0000,1,Microsoft-Windows-Sysmon/Operational,ict3214:attack_trace,PS-HOST-01,,,NT AUTHORITY\SYSTEM,C:\Program Files\SplunkUniversalForwarder\bin\splunk-winprintmon.exe,C:\Program Files\SplunkUniversalForwarder\bin\splunkd.exe,"""C:\Program Files\SplunkUniversalForwarder\bin\splunk-winprintmon.exe""",,,,,,,,{E983936C-DE01-6006-9709-00000000A301},7576,,,,,,T1059.001,PowerShell,Execution,TRACE-PS-01,powershell,https://raw.githubusercontent.com/splunk/attack_data/master/datasets/attack_techniques/T1059.001/encoded_powershell/windows-sysmon.log,d973b161d1c85386c0c08315060ecd5180c7625479691faea31e740b02f30cfe,false,Execution,none,raw Computer/IpAddress/User fields,{E983936C-B438-6006-B400-00000000A301}
2021-01-19T13:26:25.853+0000,2021-01-19T13:26:25.853+0000,10,Microsoft-Windows-Sysmon/Operational,ict3214:attack_trace,PS-HOST-01,,,,,,,C:\Program Files\SplunkUniversalForwarder\bin\splunk-winprintmon.exe,C:\Windows\system32\conhost.exe,0x1fffff,,,,,,,{E983936C-B439-6006-B800-00000000A301},4284,{E983936C-DE01-6006-9709-00000000A301},7576,,T1059.001,PowerShell,Execution,TRACE-PS-01,powershell,https://raw.githubusercontent.com/splunk/attack_data/master/datasets/attack_techniques/T1059.001/encoded_powershell/windows-sysmon.log,71ed575871b9cfa75dc4516b0e33ad8897e3a3d986b53536cc1b6bef74f949dd,false,Execution,none,raw Computer/IpAddress/User fields,
2021-01-19T13:26:25.853+0000,2021-01-19T13:26:25.853+0000,10,Microsoft-Windows-Sysmon/Operational,ict3214:attack_trace,PS-HOST-01,,,,,,,C:\Windows\sysmon64.exe,C:\Windows\system32\svchost.exe,0x1400,,,,,,,{E983936C-B38F-6006-0C00-00000000A301},592,{E983936C-B3A0-6006-3100-00000000A301},2052,,T1059.001,PowerShell,Execution,TRACE-PS-01,powershell,https://raw.githubusercontent.com/splunk/attack_data/master/datasets/attack_techniques/T1059.001/encoded_powershell/windows-sysmon.log,a18f1fda5ccd0c70e72aaf50d9dd573aef50df4df6855e4a96cfe1ec7c62419e,false,Execution,none,raw Computer/IpAddress/User fields,
2021-01-19T13:26:32.539+0000,2021-01-19T13:26:32.539+0000,10,Microsoft-Windows-Sysmon/Operational,ict3214:attack_trace,PS-HOST-01,,,,,,,C:\Program Files\Mozilla Firefox\firefox.exe,C:\Program Files\Mozilla Firefox\firefox.exe,0x2200,,,,,,,{E983936C-CD5C-6006-8407-00000000A301},6812,{E983936C-D0E5-6006-0C08-00000000A301},4648,,T1059.001,PowerShell,Execution,TRACE-PS-01,powershell,https://raw.githubusercontent.com/splunk/attack_data/master/datasets/attack_techniques/T1059.001/encoded_powershell/windows-sysmon.log,6ec5562fe9567b36cfacc4818f8b416f7eb4e5163339bdca93c74de8066580d9,false,Execution,none,raw Computer/IpAddress/User fields,
2021-01-19T13:26:32.539+0000,2021-01-19T13:26:32.539+0000,10,Microsoft-Windows-Sysmon/Operational,ict3214:attack_trace,PS-HOST-01,,,,,,,C:\Program Files\Mozilla Firefox\firefox.exe,C:\Program Files\Mozilla Firefox\firefox.exe,0x2200,,,,,,,{E983936C-CD5C-6006-8407-00000000A301},6812,{E983936C-DDC9-6006-9009-00000000A301},6048,,T1059.001,PowerShell,Execution,TRACE-PS-01,powershell,https://raw.githubusercontent.com/splunk/attack_data/master/datasets/attack_techniques/T1059.001/encoded_powershell/windows-sysmon.log,caa2e6abf5e3d588bf11537f984c6f43b45bf044a5a739f75774ea11e6a1a9ba,false,Execution,none,raw Computer/IpAddress/User fields,
2021-01-19T13:26:41.664+0000,2021-01-19T13:26:41.664+0000,10,Microsoft-Windows-Sysmon/Operational,ict3214:attack_trace,PS-HOST-01,,,,,,,C:\Windows\system32\conhost.exe,C:\Windows\Explorer.EXE,0x1410,,,,,,,{E983936C-CCDD-6006-4607-00000000A301},5080,{E983936C-D08F-6006-FC07-00000000A301},4924,,T1059.001,PowerShell,Execution,TRACE-PS-01,powershell,https://raw.githubusercontent.com/splunk/attack_data/master/datasets/attack_techniques/T1059.001/encoded_powershell/windows-sysmon.log,45072f26681c017b0de6fc3e9997dae9096dd87b8a15ffd1549695eaa1777a62,false,Execution,none,raw Computer/IpAddress/User fields,
2021-01-19T13:26:41.664+0000,2021-01-19T13:26:41.664+0000,10,Microsoft-Windows-Sysmon/Operational,ict3214:attack_trace,PS-HOST-01,,,,,,,C:\Windows\system32\conhost.exe,C:\Windows\Explorer.EXE,0x1000,,,,,,,{E983936C-CCDD-6006-4607-00000000A301},5080,{E983936C-D08F-6006-FC07-00000000A301},4924,,T1059.001,PowerShell,Execution,TRACE-PS-01,powershell,https://raw.githubusercontent.com/splunk/attack_data/master/datasets/attack_techniques/T1059.001/encoded_powershell/windows-sysmon.log,98561426a4b8a74c252b71d751efc9588c69f52087ba23767c54febc6d5b3a06,false,Execution,none,raw Computer/IpAddress/User fields,
2021-01-19T13:26:41.664+0000,2021-01-19T13:26:41.664+0000,10,Microsoft-Windows-Sysmon/Operational,ict3214:attack_trace,PS-HOST-01,,,,,,,C:\Windows\system32\conhost.exe,C:\Windows\Explorer.EXE,0x1000,,,,,,,{E983936C-CCDD-6006-4607-00000000A301},5080,{E983936C-D08F-6006-FC07-00000000A301},4924,,T1059.001,PowerShell,Execution,TRACE-PS-01,powershell,https://raw.githubusercontent.com/splunk/attack_data/master/datasets/attack_techniques/T1059.001/encoded_powershell/windows-sysmon.log,9f73e67f14f4ce639c74e99d58dbac6e9ce7e04f5187a978249c26078ea78835,false,Execution,none,raw Computer/IpAddress/User fields,
2021-01-19T13:26:41.664+0000,2021-01-19T13:26:41.664+0000,10,Microsoft-Windows-Sysmon/Operational,ict3214:attack_trace,PS-HOST-01,,,,,,,C:\Windows\system32\conhost.exe,C:\Windows\Explorer.EXE,0x1410,,,,,,,{E983936C-CCDD-6006-4607-00000000A301},5080,{E983936C-D08F-6006-FC07-00000000A301},4924,,T1059.001,PowerShell,Execution,TRACE-PS-01,powershell,https://raw.githubusercontent.com/splunk/attack_data/master/datasets/attack_techniques/T1059.001/encoded_powershell/windows-sysmon.log,f18546b9ca1dc57694e49420d359f3eb7bcfe564be640460e3f5249f59989ff1,false,Execution,none,raw Computer/IpAddress/User fields,
2021-01-19T13:26:41.666+0000,2021-01-19T13:26:41.666+0000,10,Microsoft-Windows-Sysmon/Operational,ict3214:attack_trace,PS-HOST-01,,,,,,,C:\Windows\system32\cmd.exe,C:\Windows\Explorer.EXE,0x1400,,,,,,,{E983936C-CCDD-6006-4607-00000000A301},5080,{E983936C-D08F-6006-FB07-00000000A301},4936,,T1059.001,PowerShell,Execution,TRACE-PS-01,powershell,https://raw.githubusercontent.com/splunk/attack_data/master/datasets/attack_techniques/T1059.001/encoded_powershell/windows-sysmon.log,34fd57233acbd0b6cee49e8298a0aebbe16c0ecf56c31cecd3331da2b026cbe6,false,Execution,none,raw Computer/IpAddress/User fields,
2021-01-19T13:26:41.666+0000,2021-01-19T13:26:41.666+0000,10,Microsoft-Windows-Sysmon/Operational,ict3214:attack_trace,PS-HOST-01,,,,,,,C:\Windows\system32\cmd.exe,C:\Windows\Explorer.EXE,0x1000,,,,,,,{E983936C-CCDD-6006-4607-00000000A301},5080,{E983936C-D08F-6006-FB07-00000000A301},4936,,T1059.001,PowerShell,Execution,TRACE-PS-01,powershell,https://raw.githubusercontent.com/splunk/attack_data/master/datasets/attack_techniques/T1059.001/encoded_powershell/windows-sysmon.log,76622374556a6c735e0b0d9655530d6c99b02a7361571a65a9b92c24db9af053,false,Execution,none,raw Computer/IpAddress/User fields,
2021-01-19T13:26:43.225+0000,2021-01-19T13:26:43.225+0000,11,Microsoft-Windows-Sysmon/Operational,ict3214:attack_trace,PS-HOST-01,,,,C:\Program Files\Mozilla Firefox\firefox.exe,,,,,,,,,,{E983936C-CD5C-6006-8407-00000000A301},6812,,,,,,T1059.001,PowerShell,Execution,TRACE-PS-01,powershell,https://raw.githubusercontent.com/splunk/attack_data/master/datasets/attack_techniques/T1059.001/encoded_powershell/windows-sysmon.log,80bf5b8fa8ca96c36828669a3fadeefeaa62dadb58632980fc0a18e7c9a4cadc,false,Execution,none,raw Computer/IpAddress/User fields,
2021-01-19T13:26:57.947+0000,2021-01-19T13:26:57.947+0000,10,Microsoft-Windows-Sysmon/Operational,ict3214:attack_trace,PS-HOST-01,,,,,,,C:\Windows\system32\conhost.exe,C:\Windows\Explorer.EXE,0x1410,,,,,,,{E983936C-CCDD-6006-4607-00000000A301},5080,{E983936C-D083-6006-F907-00000000A301},8048,,T1059.001,PowerShell,Execution,TRACE-PS-01,powershell,https://raw.githubusercontent.com/splunk/attack_data/master/datasets/attack_techniques/T1059.001/encoded_powershell/windows-sysmon.log,7061eee5ba950b6c725491276fed3d3fc8dabfd053c4807676a909fa6defa249,false,Execution,none,raw Computer/IpAddress/User fields,
2021-01-19T13:26:57.948+0000,2021-01-19T13:26:57.948+0000,10,Microsoft-Windows-Sysmon/Operational,ict3214:attack_trace,PS-HOST-01,,,,,,,C:\Windows\system32\conhost.exe,C:\Windows\Explorer.EXE,0x1410,,,,,,,{E983936C-CCDD-6006-4607-00000000A301},5080,{E983936C-D083-6006-F907-00000000A301},8048,,T1059.001,PowerShell,Execution,TRACE-PS-01,powershell,https://raw.githubusercontent.com/splunk/attack_data/master/datasets/attack_techniques/T1059.001/encoded_powershell/windows-sysmon.log,2c456d07b98b83626ac5713a5556c2097bd2cb41fbd18a1f68e5ceb9a967254b,false,Execution,none,raw Computer/IpAddress/User fields,
2021-01-19T13:26:57.948+0000,2021-01-19T13:26:57.948+0000,10,Microsoft-Windows-Sysmon/Operational,ict3214:attack_trace,PS-HOST-01,,,,,,,C:\Windows\system32\conhost.exe,C:\Windows\Explorer.EXE,0x1000,,,,,,,{E983936C-CCDD-6006-4607-00000000A301},5080,{E983936C-D083-6006-F907-00000000A301},8048,,T1059.001,PowerShell,Execution,TRACE-PS-01,powershell,https://raw.githubusercontent.com/splunk/attack_data/master/datasets/attack_techniques/T1059.001/encoded_powershell/windows-sysmon.log,adc3fcbab1c21a540652c139960f71962fa8bed87a0a893fdfd1146b7bc97386,false,Execution,none,raw Computer/IpAddress/User fields,
2021-01-19T13:26:57.948+0000,2021-01-19T13:26:57.948+0000,10,Microsoft-Windows-Sysmon/Operational,ict3214:attack_trace,PS-HOST-01,,,,,,,C:\Windows\system32\conhost.exe,C:\Windows\Explorer.EXE,0x1000,,,,,,,{E983936C-CCDD-6006-4607-00000000A301},5080,{E983936C-D083-6006-F907-00000000A301},8048,,T1059.001,PowerShell,Execution,TRACE-PS-01,powershell,https://raw.githubusercontent.com/splunk/attack_data/master/datasets/attack_techniques/T1059.001/encoded_powershell/windows-sysmon.log,c455419b2c4e1a6a59ec70a7db56a5d1108f33e00b1d931c7f453d0b148652a5,false,Execution,none,raw Computer/IpAddress/User fields,
2021-01-19T13:26:57.950+0000,2021-01-19T13:26:57.950+0000,10,Microsoft-Windows-Sysmon/Operational,ict3214:attack_trace,PS-HOST-01,,,,,,,C:\Windows\System32\WindowsPowerShell\v1.0\powershell.exe,C:\Windows\Explorer.EXE,0x1000,,,,,,,{E983936C-CCDD-6006-4607-00000000A301},5080,{E983936C-D083-6006-F807-00000000A301},7900,,T1059.001,PowerShell,Execution,TRACE-PS-01,powershell,https://raw.githubusercontent.com/splunk/attack_data/master/datasets/attack_techniques/T1059.001/encoded_powershell/windows-sysmon.log,d7872803cc4525acf102287ea7b74b781380e7dfaa37e24132b3ba31412d0df9,false,Execution,none,raw Computer/IpAddress/User fields,
2021-01-19T13:26:57.950+0000,2021-01-19T13:26:57.950+0000,10,Microsoft-Windows-Sysmon/Operational,ict3214:attack_trace,PS-HOST-01,,,,,,,C:\Windows\System32\WindowsPowerShell\v1.0\powershell.exe,C:\Windows\Explorer.EXE,0x1400,,,,,,,{E983936C-CCDD-6006-4607-00000000A301},5080,{E983936C-D083-6006-F807-00000000A301},7900,,T1059.001,PowerShell,Execution,TRACE-PS-01,powershell,https://raw.githubusercontent.com/splunk/attack_data/master/datasets/attack_techniques/T1059.001/encoded_powershell/windows-sysmon.log,e57bf028a1b51976bf0b0cf5524af750c470be534153e179b046a88cf25a0d4c,false,Execution,none,raw Computer/IpAddress/User fields,
2021-01-19T13:27:03.557+0000,2021-01-19T13:27:03.557+0000,10,Microsoft-Windows-Sysmon/Operational,ict3214:attack_trace,PS-HOST-01,,,,,,,C:\Windows\system32\conhost.exe,C:\Windows\Explorer.EXE,0x1410,,,,,,,{E983936C-CCDD-6006-4607-00000000A301},5080,{E983936C-D08F-6006-FC07-00000000A301},4924,,T1059.001,PowerShell,Execution,TRACE-PS-01,powershell,https://raw.githubusercontent.com/splunk/attack_data/master/datasets/attack_techniques/T1059.001/encoded_powershell/windows-sysmon.log,41c2c31f7b2e996f4b5ec655e3cc204917a777bcfb2875ee2bcdd85f22b29219,false,Execution,none,raw Computer/IpAddress/User fields,
2021-01-19T13:27:03.557+0000,2021-01-19T13:27:03.557+0000,10,Microsoft-Windows-Sysmon/Operational,ict3214:attack_trace,PS-HOST-01,,,,,,,C:\Windows\system32\conhost.exe,C:\Windows\Explorer.EXE,0x1410,,,,,,,{E983936C-CCDD-6006-4607-00000000A301},5080,{E983936C-D08F-6006-FC07-00000000A301},4924,,T1059.001,PowerShell,Execution,TRACE-PS-01,powershell,https://raw.githubusercontent.com/splunk/attack_data/master/datasets/attack_techniques/T1059.001/encoded_powershell/windows-sysmon.log,9004d65cb1939d317341372673cb6a5162e5ef753a7eb01fba4cd4c487b46247,false,Execution,none,raw Computer/IpAddress/User fields,
2021-01-19T13:27:03.557+0000,2021-01-19T13:27:03.557+0000,10,Microsoft-Windows-Sysmon/Operational,ict3214:attack_trace,PS-HOST-01,,,,,,,C:\Windows\system32\conhost.exe,C:\Windows\Explorer.EXE,0x1000,,,,,,,{E983936C-CCDD-6006-4607-00000000A301},5080,{E983936C-D08F-6006-FC07-00000000A301},4924,,T1059.001,PowerShell,Execution,TRACE-PS-01,powershell,https://raw.githubusercontent.com/splunk/attack_data/master/datasets/attack_techniques/T1059.001/encoded_powershell/windows-sysmon.log,b9d4d13c1d191244b10a883d2f93ca30475482b9cadba4dc1a4e931664cf3b3e,false,Execution,none,raw Computer/IpAddress/User fields,
2021-01-19T13:27:03.557+0000,2021-01-19T13:27:03.557+0000,10,Microsoft-Windows-Sysmon/Operational,ict3214:attack_trace,PS-HOST-01,,,,,,,C:\Windows\system32\conhost.exe,C:\Windows\Explorer.EXE,0x1000,,,,,,,{E983936C-CCDD-6006-4607-00000000A301},5080,{E983936C-D08F-6006-FC07-00000000A301},4924,,T1059.001,PowerShell,Execution,TRACE-PS-01,powershell,https://raw.githubusercontent.com/splunk/attack_data/master/datasets/attack_techniques/T1059.001/encoded_powershell/windows-sysmon.log,fd6755b6ef0b0c05535429ede85b619e4477d45c663b94a115f7a7d3298ab306,false,Execution,none,raw Computer/IpAddress/User fields,
2021-01-19T13:27:03.559+0000,2021-01-19T13:27:03.559+0000,10,Microsoft-Windows-Sysmon/Operational,ict3214:attack_trace,PS-HOST-01,,,,,,,C:\Windows\system32\cmd.exe,C:\Windows\Explorer.EXE,0x1000,,,,,,,{E983936C-CCDD-6006-4607-00000000A301},5080,{E983936C-D08F-6006-FB07-00000000A301},4936,,T1059.001,PowerShell,Execution,TRACE-PS-01,powershell,https://raw.githubusercontent.com/splunk/attack_data/master/datasets/attack_techniques/T1059.001/encoded_powershell/windows-sysmon.log,11c1734ba2a1250ab5de76bcf50936b6898304d67e739e5f5bfeb75c4e50e7e9,false,Execution,none,raw Computer/IpAddress/User fields,
2021-01-19T13:27:03.559+0000,2021-01-19T13:27:03.559+0000,10,Microsoft-Windows-Sysmon/Operational,ict3214:attack_trace,PS-HOST-01,,,,,,,C:\Windows\system32\cmd.exe,C:\Windows\Explorer.EXE,0x1400,,,,,,,{E983936C-CCDD-6006-4607-00000000A301},5080,{E983936C-D08F-6006-FB07-00000000A301},4936,,T1059.001,PowerShell,Execution,TRACE-PS-01,powershell,https://raw.githubusercontent.com/splunk/attack_data/master/datasets/attack_techniques/T1059.001/encoded_powershell/windows-sysmon.log,e98cba2f39e3eab61eee74b49ee75c236cfd671f6a1aa5b2f60bcc67425d605d,false,Execution,none,raw Computer/IpAddress/User fields,
2021-01-19T13:27:04.923+0000,2021-01-19T13:27:04.923+0000,10,Microsoft-Windows-Sysmon/Operational,ict3214:attack_trace,PS-HOST-01,,,,,,,C:\Windows\sysmon64.exe,C:\Windows\system32\svchost.exe,0x1400,,,,,,,{E983936C-B38F-6006-0C00-00000000A301},592,{E983936C-B3A0-6006-3100-00000000A301},2052,,T1059.001,PowerShell,Execution,TRACE-PS-01,powershell,https://raw.githubusercontent.com/splunk/attack_data/master/datasets/attack_techniques/T1059.001/encoded_powershell/windows-sysmon.log,4588e1667e35ae73db9a31a0d5bfc15815a471bc97c9e9c8e7158f527ac8c0f7,false,Execution,none,raw Computer/IpAddress/User fields,
2021-01-19T13:27:04.923+0000,2021-01-19T13:27:04.923+0000,1,Microsoft-Windows-Sysmon/Operational,ict3214:attack_trace,PS-HOST-01,,,LAB\user-admin,C:\Windows\System32\WindowsPowerShell\v1.0\powershell.exe,C:\Windows\System32\cmd.exe,powershell.exe  -Exec bypass -enc VwByAGkAdABlAC0ASABvAHMAdAAgACIASABlAGwAbABvACAAVwBvAHIAbABkACIA,,,,,,,,{E983936C-DE28-6006-9809-00000000A301},5948,,,,,,T1059.001,PowerShell,Execution,TRACE-PS-01,powershell,https://raw.githubusercontent.com/splunk/attack_data/master/datasets/attack_techniques/T1059.001/encoded_powershell/windows-sysmon.log,a3bccca73668ae0b092392ecd4c0379ae0f00a3cac7f6ea694af086907608db7,true,Execution,none,raw Computer/IpAddress/User fields,{E983936C-D08F-6006-FB07-00000000A301}
2021-01-19T13:27:04.923+0000,2021-01-19T13:27:04.923+0000,10,Microsoft-Windows-Sysmon/Operational,ict3214:attack_trace,PS-HOST-01,,,,,,,C:\Windows\System32\WindowsPowerShell\v1.0\powershell.exe,C:\Windows\system32\cmd.exe,0x1fffff,,,,,,,{E983936C-D08F-6006-FB07-00000000A301},4936,{E983936C-DE28-6006-9809-00000000A301},5948,,T1059.001,PowerShell,Execution,TRACE-PS-01,powershell,https://raw.githubusercontent.com/splunk/attack_data/master/datasets/attack_techniques/T1059.001/encoded_powershell/windows-sysmon.log,a3eeff486098eeb3b035d641247946a554bcfda4ddf39e89aabe5ee64c05d679,false,Execution,none,raw Computer/IpAddress/User fields,
2021-01-19T13:27:04.923+0000,2021-01-19T13:27:04.923+0000,10,Microsoft-Windows-Sysmon/Operational,ict3214:attack_trace,PS-HOST-01,,,,,,,C:\Windows\sysmon64.exe,C:\Windows\system32\svchost.exe,0x1400,,,,,,,{E983936C-B38F-6006-0C00-00000000A301},592,{E983936C-B3A0-6006-3100-00000000A301},2052,,T1059.001,PowerShell,Execution,TRACE-PS-01,powershell,https://raw.githubusercontent.com/splunk/attack_data/master/datasets/attack_techniques/T1059.001/encoded_powershell/windows-sysmon.log,b600358d2e848745f46fa32f1c006e8fd8b8b07aceb10e82d861223517c41e94,false,Execution,none,raw Computer/IpAddress/User fields,
2021-01-19T13:27:04.923+0000,2021-01-19T13:27:04.923+0000,10,Microsoft-Windows-Sysmon/Operational,ict3214:attack_trace,PS-HOST-01,,,,,,,C:\Windows\System32\WindowsPowerShell\v1.0\powershell.exe,C:\Windows\system32\csrss.exe,0x1fffff,,,,,,,{E983936C-CCD9-6006-3007-00000000A301},3648,{E983936C-DE28-6006-9809-00000000A301},5948,,T1059.001,PowerShell,Execution,TRACE-PS-01,powershell,https://raw.githubusercontent.com/splunk/attack_data/master/datasets/attack_techniques/T1059.001/encoded_powershell/windows-sysmon.log,ef954c0940b3d1fb6687888f364a532abe557ca2417d3da2702dfb6d99887752,false,Execution,none,raw Computer/IpAddress/User fields,
2021-01-19T13:27:04.923+0000,2021-01-19T13:27:04.923+0000,10,Microsoft-Windows-Sysmon/Operational,ict3214:attack_trace,PS-HOST-01,,,,,,,C:\Windows\sysmon64.exe,C:\Windows\system32\svchost.exe,0x1400,,,,,,,{E983936C-B38F-6006-0C00-00000000A301},592,{E983936C-B3A0-6006-3100-00000000A301},2052,,T1059.001,PowerShell,Execution,TRACE-PS-01,powershell,https://raw.githubusercontent.com/splunk/attack_data/master/datasets/attack_techniques/T1059.001/encoded_powershell/windows-sysmon.log,f4a212fb85a58e60d00bfe1ad1e3cabc6d5c71e4c3ca273c512123ac80073f24,false,Execution,none,raw Computer/IpAddress/User fields,
2021-01-19T13:27:04.924+0000,2021-01-19T13:27:04.924+0000,10,Microsoft-Windows-Sysmon/Operational,ict3214:attack_trace,PS-HOST-01,,,,,,,C:\Windows\sysmon64.exe,C:\Windows\system32\svchost.exe,0x1400,,,,,,,{E983936C-B38F-6006-0C00-00000000A301},592,{E983936C-B3A0-6006-3100-00000000A301},2052,,T1059.001,PowerShell,Execution,TRACE-PS-01,powershell,https://raw.githubusercontent.com/splunk/attack_data/master/datasets/attack_techniques/T1059.001/encoded_powershell/windows-sysmon.log,19a7639e983e8424fa06bfa445986a9ef24236da830f7638db2b313c2391ca82,false,Execution,none,raw Computer/IpAddress/User fields,
2021-01-19T13:27:04.924+0000,2021-01-19T13:27:04.924+0000,10,Microsoft-Windows-Sysmon/Operational,ict3214:attack_trace,PS-HOST-01,,,,,,,C:\Windows\System32\WindowsPowerShell\v1.0\powershell.exe,C:\Windows\system32\conhost.exe,0x1fffff,,,,,,,{E983936C-D08F-6006-FC07-00000000A301},4924,{E983936C-DE28-6006-9809-00000000A301},5948,,T1059.001,PowerShell,Execution,TRACE-PS-01,powershell,https://raw.githubusercontent.com/splunk/attack_data/master/datasets/attack_techniques/T1059.001/encoded_powershell/windows-sysmon.log,7c4951120717df72510de482b46d92ca5201f4bacae3281f268a14de87e35015,false,Execution,none,raw Computer/IpAddress/User fields,
2021-01-19T13:27:04.953+0000,2021-01-19T13:27:04.953+0000,10,Microsoft-Windows-Sysmon/Operational,ict3214:attack_trace,PS-HOST-01,,,,,,,C:\Windows\System32\WindowsPowerShell\v1.0\powershell.exe,C:\Windows\system32\svchost.exe,0x1000,,,,,,,{E983936C-B38F-6006-0C00-00000000A301},592,{E983936C-DE28-6006-9809-00000000A301},5948,,T1059.001,PowerShell,Execution,TRACE-PS-01,powershell,https://raw.githubusercontent.com/splunk/attack_data/master/datasets/attack_techniques/T1059.001/encoded_powershell/windows-sysmon.log,a72c5406e4fe7d46777fc8da2b4d74ec52268e9943b7a3bf1ad463d51bd2bad4,false,Execution,none,raw Computer/IpAddress/User fields,
2021-01-19T13:27:04.966+0000,2021-01-19T13:27:04.966+0000,11,Microsoft-Windows-Sysmon/Operational,ict3214:attack_trace,PS-HOST-01,,,,C:\Windows\System32\WindowsPowerShell\v1.0\powershell.exe,,,,,,,,,,{E983936C-DE28-6006-9809-00000000A301},5948,,,,,,T1059.001,PowerShell,Execution,TRACE-PS-01,powershell,https://raw.githubusercontent.com/splunk/attack_data/master/datasets/attack_techniques/T1059.001/encoded_powershell/windows-sysmon.log,e5d0cbc6a0c1bd428e29329be180ab7017c25cc29925b8340e659fe4abb22da9,false,Execution,none,raw Computer/IpAddress/User fields,
2021-01-19T13:27:05.004+0000,2021-01-19T13:27:05.004+0000,10,Microsoft-Windows-Sysmon/Operational,ict3214:attack_trace,PS-HOST-01,,,,,,,C:\Windows\System32\WindowsPowerShell\v1.0\powershell.exe,C:\Windows\system32\lsass.exe,0x1478,,,,,,,{E983936C-B38D-6006-0B00-00000000A301},852,{E983936C-DE28-6006-9809-00000000A301},5948,,T1059.001,PowerShell,Execution,TRACE-PS-01,powershell,https://raw.githubusercontent.com/splunk/attack_data/master/datasets/attack_techniques/T1059.001/encoded_powershell/windows-sysmon.log,9d2a2c76e57a59379b2d9e41443cc9d646f13b86f9aeb1354239cc3075fcb6b7,false,Execution,none,raw Computer/IpAddress/User fields,
2021-01-19T13:27:05.004+0000,2021-01-19T13:27:05.004+0000,10,Microsoft-Windows-Sysmon/Operational,ict3214:attack_trace,PS-HOST-01,,,,,,,C:\Windows\System32\WindowsPowerShell\v1.0\powershell.exe,C:\Windows\system32\lsass.exe,0x1000,,,,,,,{E983936C-B38D-6006-0B00-00000000A301},852,{E983936C-DE28-6006-9809-00000000A301},5948,,T1059.001,PowerShell,Execution,TRACE-PS-01,powershell,https://raw.githubusercontent.com/splunk/attack_data/master/datasets/attack_techniques/T1059.001/encoded_powershell/windows-sysmon.log,a75821ad6718370978487714a06be3bc319c73849290d4a960e131bff412ee37,false,Execution,none,raw Computer/IpAddress/User fields,
2021-01-19T13:27:05.044+0000,2021-01-19T13:27:05.044+0000,10,Microsoft-Windows-Sysmon/Operational,ict3214:attack_trace,PS-HOST-01,,,,,,,C:\Windows\System32\WindowsPowerShell\v1.0\powershell.exe,C:\Windows\system32\svchost.exe,0x1478,,,,,,,{E983936C-B390-6006-1600-00000000A301},1528,{E983936C-DE28-6006-9809-00000000A301},5948,,T1059.001,PowerShell,Execution,TRACE-PS-01,powershell,https://raw.githubusercontent.com/splunk/attack_data/master/datasets/attack_techniques/T1059.001/encoded_powershell/windows-sysmon.log,13f6c28bb94b5ec8cc898a5524952067202ad309761497a1da33756f1f171682,false,Execution,none,raw Computer/IpAddress/User fields,
2021-01-19T13:27:05.044+0000,2021-01-19T13:27:05.044+0000,10,Microsoft-Windows-Sysmon/Operational,ict3214:attack_trace,PS-HOST-01,,,,,,,C:\Windows\System32\WindowsPowerShell\v1.0\powershell.exe,C:\Windows\system32\svchost.exe,0x1400,,,,,,,{E983936C-B390-6006-1600-00000000A301},1528,{E983936C-DE28-6006-9809-00000000A301},5948,,T1059.001,PowerShell,Execution,TRACE-PS-01,powershell,https://raw.githubusercontent.com/splunk/attack_data/master/datasets/attack_techniques/T1059.001/encoded_powershell/windows-sysmon.log,73f1461a616b4aa1d867f5a7601591266e4e9c0936f472409f1b6e3d6502f1a8,false,Execution,none,raw Computer/IpAddress/User fields,
2021-01-19T13:27:18.901+0000,2021-01-19T13:27:18.901+0000,10,Microsoft-Windows-Sysmon/Operational,ict3214:attack_trace,PS-HOST-01,,,,,,,C:\Windows\sysmon64.exe,C:\Windows\system32\svchost.exe,0x1400,,,,,,,{E983936C-B38F-6006-0C00-00000000A301},592,{E983936C-B3A0-6006-3100-00000000A301},2052,,T1059.001,PowerShell,Execution,TRACE-PS-01,powershell,https://raw.githubusercontent.com/splunk/attack_data/master/datasets/attack_techniques/T1059.001/encoded_powershell/windows-sysmon.log,34c484c9c1b9c734c6d1a29182ad26cd94f649835fcedbeb2e6fe1dc3055a8c2,false,Execution,none,raw Computer/IpAddress/User fields,
2021-01-19T13:27:18.901+0000,2021-01-19T13:27:18.901+0000,10,Microsoft-Windows-Sysmon/Operational,ict3214:attack_trace,PS-HOST-01,,,,,,,C:\Program Files\SplunkUniversalForwarder\bin\splunk-MonitorNoHandle.exe,C:\Program Files\SplunkUniversalForwarder\bin\splunkd.exe,0x1fffff,,,,,,,{E983936C-B438-6006-B400-00000000A301},4412,{E983936C-DE36-6006-9909-00000000A301},5860,,T1059.001,PowerShell,Execution,TRACE-PS-01,powershell,https://raw.githubusercontent.com/splunk/attack_data/master/datasets/attack_techniques/T1059.001/encoded_powershell/windows-sysmon.log,445e80c13e837d6daec74afe5fc92b75264a8478a880d1eac3b5855834162dce,false,Execution,none,raw Computer/IpAddress/User fields,
2021-01-19T13:27:18.901+0000,2021-01-19T13:27:18.901+0000,10,Microsoft-Windows-Sysmon/Operational,ict3214:attack_trace,PS-HOST-01,,,,,,,C:\Windows\sysmon64.exe,C:\Windows\system32\svchost.exe,0x1400,,,,,,,{E983936C-B38F-6006-0C00-00000000A301},592,{E983936C-B3A0-6006-3100-00000000A301},2052,,T1059.001,PowerShell,Execution,TRACE-PS-01,powershell,https://raw.githubusercontent.com/splunk/attack_data/master/datasets/attack_techniques/T1059.001/encoded_powershell/windows-sysmon.log,5dc1860915c2b0b23db5e42399c3145ad35acb88e59f2cd57fc3602ded8652cf,false,Execution,none,raw Computer/IpAddress/User fields,
2021-01-19T13:27:18.901+0000,2021-01-19T13:27:18.901+0000,10,Microsoft-Windows-Sysmon/Operational,ict3214:attack_trace,PS-HOST-01,,,,,,,C:\Windows\sysmon64.exe,C:\Windows\system32\svchost.exe,0x1400,,,,,,,{E983936C-B38F-6006-0C00-00000000A301},592,{E983936C-B3A0-6006-3100-00000000A301},2052,,T1059.001,PowerShell,Execution,TRACE-PS-01,powershell,https://raw.githubusercontent.com/splunk/attack_data/master/datasets/attack_techniques/T1059.001/encoded_powershell/windows-sysmon.log,b8ac6ea0229213de2634c94494678940288479287c259920fdb6dd15da05a9e1,false,Execution,none,raw Computer/IpAddress/User fields,
2021-01-19T13:27:18.901+0000,2021-01-19T13:27:18.901+0000,1,Microsoft-Windows-Sysmon/Operational,ict3214:attack_trace,PS-HOST-01,,,NT AUTHORITY\SYSTEM,C:\Program Files\SplunkUniversalForwarder\bin\splunk-MonitorNoHandle.exe,C:\Program Files\SplunkUniversalForwarder\bin\splunkd.exe,"""C:\Program Files\SplunkUniversalForwarder\bin\splunk-MonitorNoHandle.exe""",,,,,,,,{E983936C-DE36-6006-9909-00000000A301},5860,,,,,,T1059.001,PowerShell,Execution,TRACE-PS-01,powershell,https://raw.githubusercontent.com/splunk/attack_data/master/datasets/attack_techniques/T1059.001/encoded_powershell/windows-sysmon.log,bc77a48cf86ca4da3af2e9af82294fa7add2d8865878655c85a2f8b1084ae476,false,Execution,none,raw Computer/IpAddress/User fields,{E983936C-B438-6006-B400-00000000A301}
2021-01-19T13:27:18.901+0000,2021-01-19T13:27:18.901+0000,10,Microsoft-Windows-Sysmon/Operational,ict3214:attack_trace,PS-HOST-01,,,,,,,C:\Program Files\SplunkUniversalForwarder\bin\splunk-MonitorNoHandle.exe,C:\Windows\system32\csrss.exe,0x1fffff,,,,,,,{E983936C-B38D-6006-0500-00000000A301},636,{E983936C-DE36-6006-9909-00000000A301},5860,,T1059.001,PowerShell,Execution,TRACE-PS-01,powershell,https://raw.githubusercontent.com/splunk/attack_data/master/datasets/attack_techniques/T1059.001/encoded_powershell/windows-sysmon.log,e147ab517d568f25140294ca9beb166a0ea335950fd5f186320f4c1a01a3e709,false,Execution,none,raw Computer/IpAddress/User fields,
2021-01-19T13:27:18.901+0000,2021-01-19T13:27:18.901+0000,10,Microsoft-Windows-Sysmon/Operational,ict3214:attack_trace,PS-HOST-01,,,,,,,C:\Windows\sysmon64.exe,C:\Windows\system32\svchost.exe,0x1400,,,,,,,{E983936C-B38F-6006-0C00-00000000A301},592,{E983936C-B3A0-6006-3100-00000000A301},2052,,T1059.001,PowerShell,Execution,TRACE-PS-01,powershell,https://raw.githubusercontent.com/splunk/attack_data/master/datasets/attack_techniques/T1059.001/encoded_powershell/windows-sysmon.log,f67a1754927f87637f1448c1a3031737e494a5d35b7b79cf296dad5c4de46ede,false,Execution,none,raw Computer/IpAddress/User fields,
2021-01-19T13:27:18.902+0000,2021-01-19T13:27:18.902+0000,10,Microsoft-Windows-Sysmon/Operational,ict3214:attack_trace,PS-HOST-01,,,,,,,C:\Program Files\SplunkUniversalForwarder\bin\splunk-MonitorNoHandle.exe,C:\Windows\system32\conhost.exe,0x1fffff,,,,,,,{E983936C-B439-6006-B800-00000000A301},4284,{E983936C-DE36-6006-9909-00000000A301},5860,,T1059.001,PowerShell,Execution,TRACE-PS-01,powershell,https://raw.githubusercontent.com/splunk/attack_data/master/datasets/attack_techniques/T1059.001/encoded_powershell/windows-sysmon.log,eea4ea7920a273fe5958e722ca1a7710a52830e185579347c91a44959d4666c8,false,Execution,none,raw Computer/IpAddress/User fields,
2021-01-19T13:27:19.572+0000,2021-01-19T13:27:19.572+0000,10,Microsoft-Windows-Sysmon/Operational,ict3214:attack_trace,PS-HOST-01,,,,,,,C:\Windows\sysmon64.exe,C:\Windows\system32\svchost.exe,0x1400,,,,,,,{E983936C-B38F-6006-0C00-00000000A301},592,{E983936C-B3A0-6006-3100-00000000A301},2052,,T1059.001,PowerShell,Execution,TRACE-PS-01,powershell,https://raw.githubusercontent.com/splunk/attack_data/master/datasets/attack_techniques/T1059.001/encoded_powershell/windows-sysmon.log,3c17c45d89d5847a9e881eb3dde17d4e40afa10252304a07919781c29cbd3c88,false,Execution,none,raw Computer/IpAddress/User fields,
2021-01-19T13:27:19.572+0000,2021-01-19T13:27:19.572+0000,10,Microsoft-Windows-Sysmon/Operational,ict3214:attack_trace,PS-HOST-01,,,,,,,C:\Program Files\SplunkUniversalForwarder\bin\splunk-powershell.exe,C:\Windows\system32\csrss.exe,0x1fffff,,,,,,,{E983936C-B38D-6006-0500-00000000A301},636,{E983936C-DE37-6006-9A09-00000000A301},7992,,T1059.001,PowerShell,Execution,TRACE-PS-01,powershell,https://raw.githubusercontent.com/splunk/attack_data/master/datasets/attack_techniques/T1059.001/encoded_powershell/windows-sysmon.log,4183e5d9c4875f171433f4cfe405a900d01ab9202c17c20678d841bc99030df3,false,Execution,none,raw Computer/IpAddress/User fields,
2021-01-19T13:27:19.572+0000,2021-01-19T13:27:19.572+0000,10,Microsoft-Windows-Sysmon/Operational,ict3214:attack_trace,PS-HOST-01,,,,,,,C:\Program Files\SplunkUniversalForwarder\bin\splunk-powershell.exe,C:\Program Files\SplunkUniversalForwarder\bin\splunkd.exe,0x1fffff,,,,,,,{E983936C-B438-6006-B400-00000000A301},4412,{E983936C-DE37-6006-9A09-00000000A301},7992,,T1059.001,PowerShell,Execution,TRACE-PS-01,powershell,https://raw.githubusercontent.com/splunk/attack_data/master/datasets/attack_techniques/T1059.001/encoded_powershell/windows-sysmon.log,85a8f0790164922964adb0ce70ab365768be7eb30c668e16dff861d92dbb46fc,false,Execution,none,raw Computer/IpAddress/User fields,
2021-01-19T13:27:19.572+0000,2021-01-19T13:27:19.572+0000,1,Microsoft-Windows-Sysmon/Operational,ict3214:attack_trace,PS-HOST-01,,,NT AUTHORITY\SYSTEM,C:\Program Files\SplunkUniversalForwarder\bin\splunk-powershell.exe,C:\Program Files\SplunkUniversalForwarder\bin\splunkd.exe,"""C:\Program Files\SplunkUniversalForwarder\bin\splunk-powershell.exe""",,,,,,,,{E983936C-DE37-6006-9A09-00000000A301},7992,,,,,,T1059.001,PowerShell,Execution,TRACE-PS-01,powershell,https://raw.githubusercontent.com/splunk/attack_data/master/datasets/attack_techniques/T1059.001/encoded_powershell/windows-sysmon.log,875c10ed6b7e0b832e89bd43327854eef187ca059cfd63c5b50c8589d3ebf37a,false,Execution,none,raw Computer/IpAddress/User fields,{E983936C-B438-6006-B400-00000000A301}
2021-01-19T13:27:19.572+0000,2021-01-19T13:27:19.572+0000,10,Microsoft-Windows-Sysmon/Operational,ict3214:attack_trace,PS-HOST-01,,,,,,,C:\Windows\sysmon64.exe,C:\Windows\system32\svchost.exe,0x1400,,,,,,,{E983936C-B38F-6006-0C00-00000000A301},592,{E983936C-B3A0-6006-3100-00000000A301},2052,,T1059.001,PowerShell,Execution,TRACE-PS-01,powershell,https://raw.githubusercontent.com/splunk/attack_data/master/datasets/attack_techniques/T1059.001/encoded_powershell/windows-sysmon.log,893b269eb7783b92d3ceefb6c6d6b337e750df470528aed12d040af84ab2693b,false,Execution,none,raw Computer/IpAddress/User fields,
2021-01-19T13:27:19.572+0000,2021-01-19T13:27:19.572+0000,10,Microsoft-Windows-Sysmon/Operational,ict3214:attack_trace,PS-HOST-01,,,,,,,C:\Windows\sysmon64.exe,C:\Windows\system32\svchost.exe,0x1400,,,,,,,{E983936C-B38F-6006-0C00-00000000A301},592,{E983936C-B3A0-6006-3100-00000000A301},2052,,T1059.001,PowerShell,Execution,TRACE-PS-01,powershell,https://raw.githubusercontent.com/splunk/attack_data/master/datasets/attack_techniques/T1059.001/encoded_powershell/windows-sysmon.log,920ba28ee68dc636945b0e74d958da520abca67efe65e7c4aae9f334e00bfe20,false,Execution,none,raw Computer/IpAddress/User fields,
2021-01-19T13:27:19.572+0000,2021-01-19T13:27:19.572+0000,10,Microsoft-Windows-Sysmon/Operational,ict3214:attack_trace,PS-HOST-01,,,,,,,C:\Windows\sysmon64.exe,C:\Windows\system32\svchost.exe,0x1400,,,,,,,{E983936C-B38F-6006-0C00-00000000A301},592,{E983936C-B3A0-6006-3100-00000000A301},2052,,T1059.001,PowerShell,Execution,TRACE-PS-01,powershell,https://raw.githubusercontent.com/splunk/attack_data/master/datasets/attack_techniques/T1059.001/encoded_powershell/windows-sysmon.log,df92557c0bb8f5a80d81f48efacafe040b527abbf21e794281c42dca2df1cfc6,false,Execution,none,raw Computer/IpAddress/User fields,
2021-01-19T13:27:19.573+0000,2021-01-19T13:27:19.573+0000,10,Microsoft-Windows-Sysmon/Operational,ict3214:attack_trace,PS-HOST-01,,,,,,,C:\Program Files\SplunkUniversalForwarder\bin\splunk-powershell.exe,C:\Windows\system32\conhost.exe,0x1fffff,,,,,,,{E983936C-B439-6006-B800-00000000A301},4284,{E983936C-DE37-6006-9A09-00000000A301},7992,,T1059.001,PowerShell,Execution,TRACE-PS-01,powershell,https://raw.githubusercontent.com/splunk/attack_data/master/datasets/attack_techniques/T1059.001/encoded_powershell/windows-sysmon.log,9118dca43ac50ab8e8f32225bf1e1ef901cf5e6ec9b829eb58fa42bc9fdd359a,false,Execution,none,raw Computer/IpAddress/User fields,
2021-01-19T13:27:19.721+0000,2021-01-19T13:27:19.721+0000,10,Microsoft-Windows-Sysmon/Operational,ict3214:attack_trace,PS-HOST-01,,,,,,,C:\Program Files\SplunkUniversalForwarder\bin\splunkd.exe,C:\Program Files\SplunkUniversalForwarder\bin\splunk-powershell.exe,0x101400,,,,,,,{E983936C-DE37-6006-9A09-00000000A301},7992,{E983936C-B438-6006-B400-00000000A301},4412,,T1059.001,PowerShell,Execution,TRACE-PS-01,powershell,https://raw.githubusercontent.com/splunk/attack_data/master/datasets/attack_techniques/T1059.001/encoded_powershell/windows-sysmon.log,31cff01cc95e44a4abd3fcec293141503ff80ebd903eb6989d3cd02bf2f69a4b,false,Execution,none,raw Computer/IpAddress/User fields,
2021-01-19T13:27:20.244+0000,2021-01-19T13:27:20.244+0000,10,Microsoft-Windows-Sysmon/Operational,ict3214:attack_trace,PS-HOST-01,,,,,,,C:\Windows\sysmon64.exe,C:\Windows\system32\svchost.exe,0x1400,,,,,,,{E983936C-B38F-6006-0C00-00000000A301},592,{E983936C-B3A0-6006-3100-00000000A301},2052,,T1059.001,PowerShell,Execution,TRACE-PS-01,powershell,https://raw.githubusercontent.com/splunk/attack_data/master/datasets/attack_techniques/T1059.001/encoded_powershell/windows-sysmon.log,0ab41dbede8a07cbef099f11c25cb9739de1e066d51c4f96717ffe117427e804,false,Execution,none,raw Computer/IpAddress/User fields,
2021-01-19T13:27:20.244+0000,2021-01-19T13:27:20.244+0000,10,Microsoft-Windows-Sysmon/Operational,ict3214:attack_trace,PS-HOST-01,,,,,,,C:\Windows\sysmon64.exe,C:\Windows\system32\svchost.exe,0x1400,,,,,,,{E983936C-B38F-6006-0C00-00000000A301},592,{E983936C-B3A0-6006-3100-00000000A301},2052,,T1059.001,PowerShell,Execution,TRACE-PS-01,powershell,https://raw.githubusercontent.com/splunk/attack_data/master/datasets/attack_techniques/T1059.001/encoded_powershell/windows-sysmon.log,23c9180fb03cf7b2d771d3014de565387e8fc211a3a34669decddd613a7e7dda,false,Execution,none,raw Computer/IpAddress/User fields,
2021-01-19T13:27:20.244+0000,2021-01-19T13:27:20.244+0000,10,Microsoft-Windows-Sysmon/Operational,ict3214:attack_trace,PS-HOST-01,,,,,,,C:\Windows\sysmon64.exe,C:\Windows\system32\svchost.exe,0x1400,,,,,,,{E983936C-B38F-6006-0C00-00000000A301},592,{E983936C-B3A0-6006-3100-00000000A301},2052,,T1059.001,PowerShell,Execution,TRACE-PS-01,powershell,https://raw.githubusercontent.com/splunk/attack_data/master/datasets/attack_techniques/T1059.001/encoded_powershell/windows-sysmon.log,371e92ece7d4f0543af05e548263ed1cf04077fd8fc06f57e6d8f8c7a4610d5f,false,Execution,none,raw Computer/IpAddress/User fields,
2021-01-19T13:27:20.244+0000,2021-01-19T13:27:20.244+0000,10,Microsoft-Windows-Sysmon/Operational,ict3214:attack_trace,PS-HOST-01,,,,,,,C:\Program Files\SplunkUniversalForwarder\bin\splunk-powershell.exe,C:\Windows\system32\csrss.exe,0x1fffff,,,,,,,{E983936C-B38D-6006-0500-00000000A301},636,{E983936C-DE38-6006-9B09-00000000A301},7984,,T1059.001,PowerShell,Execution,TRACE-PS-01,powershell,https://raw.githubusercontent.com/splunk/attack_data/master/datasets/attack_techniques/T1059.001/encoded_powershell/windows-sysmon.log,acdfcc841d8cb785932b3869dafb29954336346ed16ccffe896bf8da07a2caf8,false,Execution,none,raw Computer/IpAddress/User fields,
2021-01-19T13:27:20.244+0000,2021-01-19T13:27:20.244+0000,10,Microsoft-Windows-Sysmon/Operational,ict3214:attack_trace,PS-HOST-01,,,,,,,C:\Program Files\SplunkUniversalForwarder\bin\splunk-powershell.exe,C:\Program Files\SplunkUniversalForwarder\bin\splunkd.exe,0x1fffff,,,,,,,{E983936C-B438-6006-B400-00000000A301},4412,{E983936C-DE38-6006-9B09-00000000A301},7984,,T1059.001,PowerShell,Execution,TRACE-PS-01,powershell,https://raw.githubusercontent.com/splunk/attack_data/master/datasets/attack_techniques/T1059.001/encoded_powershell/windows-sysmon.log,e31b37082919db760cf19f750c053415faa67b1d14efb1d5a177b8bf055d11ac,false,Execution,none,raw Computer/IpAddress/User fields,
2021-01-19T13:27:20.244+0000,2021-01-19T13:27:20.244+0000,1,Microsoft-Windows-Sysmon/Operational,ict3214:attack_trace,PS-HOST-01,,,NT AUTHORITY\SYSTEM,C:\Program Files\SplunkUniversalForwarder\bin\splunk-powershell.exe,C:\Program Files\SplunkUniversalForwarder\bin\splunkd.exe,"""C:\Program Files\SplunkUniversalForwarder\bin\splunk-powershell.exe"" --ps2",,,,,,,,{E983936C-DE38-6006-9B09-00000000A301},7984,,,,,,T1059.001,PowerShell,Execution,TRACE-PS-01,powershell,https://raw.githubusercontent.com/splunk/attack_data/master/datasets/attack_techniques/T1059.001/encoded_powershell/windows-sysmon.log,e3e2d1bb6341de6cc36aa735f038e80ef7279ab4c5eb016c2043a3e3e9827c94,false,Execution,none,raw Computer/IpAddress/User fields,{E983936C-B438-6006-B400-00000000A301}
2021-01-19T13:27:20.244+0000,2021-01-19T13:27:20.244+0000,10,Microsoft-Windows-Sysmon/Operational,ict3214:attack_trace,PS-HOST-01,,,,,,,C:\Windows\sysmon64.exe,C:\Windows\system32\svchost.exe,0x1400,,,,,,,{E983936C-B38F-6006-0C00-00000000A301},592,{E983936C-B3A0-6006-3100-00000000A301},2052,,T1059.001,PowerShell,Execution,TRACE-PS-01,powershell,https://raw.githubusercontent.com/splunk/attack_data/master/datasets/attack_techniques/T1059.001/encoded_powershell/windows-sysmon.log,fbcf2334a9c3118bec0faf1399d773e06f8291c4b1a10f9803427a13ad5b5943,false,Execution,none,raw Computer/IpAddress/User fields,
2021-01-19T13:27:20.245+0000,2021-01-19T13:27:20.245+0000,10,Microsoft-Windows-Sysmon/Operational,ict3214:attack_trace,PS-HOST-01,,,,,,,C:\Program Files\SplunkUniversalForwarder\bin\splunk-powershell.exe,C:\Windows\system32\conhost.exe,0x1fffff,,,,,,,{E983936C-B439-6006-B800-00000000A301},4284,{E983936C-DE38-6006-9B09-00000000A301},7984,,T1059.001,PowerShell,Execution,TRACE-PS-01,powershell,https://raw.githubusercontent.com/splunk/attack_data/master/datasets/attack_techniques/T1059.001/encoded_powershell/windows-sysmon.log,9f5c694370e90a41ad0a5b2e94bd8781a862b53a0471d5bb03446a6dfcbc618d,false,Execution,none,raw Computer/IpAddress/User fields,
2021-01-19T13:27:20.394+0000,2021-01-19T13:27:20.394+0000,10,Microsoft-Windows-Sysmon/Operational,ict3214:attack_trace,PS-HOST-01,,,,,,,C:\Program Files\SplunkUniversalForwarder\bin\splunkd.exe,C:\Program Files\SplunkUniversalForwarder\bin\splunk-powershell.exe,0x101400,,,,,,,{E983936C-DE38-6006-9B09-00000000A301},7984,{E983936C-B438-6006-B400-00000000A301},4412,,T1059.001,PowerShell,Execution,TRACE-PS-01,powershell,https://raw.githubusercontent.com/splunk/attack_data/master/datasets/attack_techniques/T1059.001/encoded_powershell/windows-sysmon.log,94f2dd3e67af498977c56c185b8d5b97efddcaf33cbcc3112f4cefe8f1a3f291,false,Execution,none,raw Computer/IpAddress/User fields,
2021-01-19T13:27:20.916+0000,2021-01-19T13:27:20.916+0000,1,Microsoft-Windows-Sysmon/Operational,ict3214:attack_trace,PS-HOST-01,,,NT AUTHORITY\SYSTEM,C:\Program Files\SplunkUniversalForwarder\bin\splunk-regmon.exe,C:\Program Files\SplunkUniversalForwarder\bin\splunkd.exe,"""C:\Program Files\SplunkUniversalForwarder\bin\splunk-regmon.exe""",,,,,,,,{E983936C-DE38-6006-9C09-00000000A301},1124,,,,,,T1059.001,PowerShell,Execution,TRACE-PS-01,powershell,https://raw.githubusercontent.com/splunk/attack_data/master/datasets/attack_techniques/T1059.001/encoded_powershell/windows-sysmon.log,2df9f7ed03aea033ac4de1dd6ee1a623c4985938d0fffcb65a1d1d79f517ad11,false,Execution,none,raw Computer/IpAddress/User fields,{E983936C-B438-6006-B400-00000000A301}
2021-01-19T13:27:20.916+0000,2021-01-19T13:27:20.916+0000,10,Microsoft-Windows-Sysmon/Operational,ict3214:attack_trace,PS-HOST-01,,,,,,,C:\Program Files\SplunkUniversalForwarder\bin\splunk-regmon.exe,C:\Program Files\SplunkUniversalForwarder\bin\splunkd.exe,0x1fffff,,,,,,,{E983936C-B438-6006-B400-00000000A301},4412,{E983936C-DE38-6006-9C09-00000000A301},1124,,T1059.001,PowerShell,Execution,TRACE-PS-01,powershell,https://raw.githubusercontent.com/splunk/attack_data/master/datasets/attack_techniques/T1059.001/encoded_powershell/windows-sysmon.log,505b8c0dbc96a71f9c2830efe3824425ad48e6f0a6bf1246ab0b651d736c566a,false,Execution,none,raw Computer/IpAddress/User fields,
2021-01-19T13:27:20.916+0000,2021-01-19T13:27:20.916+0000,10,Microsoft-Windows-Sysmon/Operational,ict3214:attack_trace,PS-HOST-01,,,,,,,C:\Windows\sysmon64.exe,C:\Windows\system32\svchost.exe,0x1400,,,,,,,{E983936C-B38F-6006-0C00-00000000A301},592,{E983936C-B3A0-6006-3100-00000000A301},2052,,T1059.001,PowerShell,Execution,TRACE-PS-01,powershell,https://raw.githubusercontent.com/splunk/attack_data/master/datasets/attack_techniques/T1059.001/encoded_powershell/windows-sysmon.log,57430e1b1859912790572555aba5a864f66264fb13f491ece777f7106a17da73,false,Execution,none,raw Computer/IpAddress/User fields,
2021-01-19T13:27:20.916+0000,2021-01-19T13:27:20.916+0000,10,Microsoft-Windows-Sysmon/Operational,ict3214:attack_trace,PS-HOST-01,,,,,,,C:\Windows\sysmon64.exe,C:\Windows\system32\svchost.exe,0x1400,,,,,,,{E983936C-B38F-6006-0C00-00000000A301},592,{E983936C-B3A0-6006-3100-00000000A301},2052,,T1059.001,PowerShell,Execution,TRACE-PS-01,powershell,https://raw.githubusercontent.com/splunk/attack_data/master/datasets/attack_techniques/T1059.001/encoded_powershell/windows-sysmon.log,5ad8d0903620256d38f24de60f7ee14dd81bc8ba28ce90b791a7dff7a2215672,false,Execution,none,raw Computer/IpAddress/User fields,
2021-01-19T13:27:20.916+0000,2021-01-19T13:27:20.916+0000,10,Microsoft-Windows-Sysmon/Operational,ict3214:attack_trace,PS-HOST-01,,,,,,,C:\Windows\sysmon64.exe,C:\Windows\system32\svchost.exe,0x1400,,,,,,,{E983936C-B38F-6006-0C00-00000000A301},592,{E983936C-B3A0-6006-3100-00000000A301},2052,,T1059.001,PowerShell,Execution,TRACE-PS-01,powershell,https://raw.githubusercontent.com/splunk/attack_data/master/datasets/attack_techniques/T1059.001/encoded_powershell/windows-sysmon.log,6ab8499600e00f7c9a6e34b78a07da02af66fa12d80bc95ab9095ab03a88c06e,false,Execution,none,raw Computer/IpAddress/User fields,
2021-01-19T13:27:20.916+0000,2021-01-19T13:27:20.916+0000,10,Microsoft-Windows-Sysmon/Operational,ict3214:attack_trace,PS-HOST-01,,,,,,,C:\Program Files\SplunkUniversalForwarder\bin\splunk-regmon.exe,C:\Windows\system32\csrss.exe,0x1fffff,,,,,,,{E983936C-B38D-6006-0500-00000000A301},636,{E983936C-DE38-6006-9C09-00000000A301},1124,,T1059.001,PowerShell,Execution,TRACE-PS-01,powershell,https://raw.githubusercontent.com/splunk/attack_data/master/datasets/attack_techniques/T1059.001/encoded_powershell/windows-sysmon.log,9707c0b4ea716645f3807dcea26dee14951a81496d48c7e10dc55311b13ec40f,false,Execution,none,raw Computer/IpAddress/User fields,
2021-01-19T13:27:20.916+0000,2021-01-19T13:27:20.916+0000,10,Microsoft-Windows-Sysmon/Operational,ict3214:attack_trace,PS-HOST-01,,,,,,,C:\Windows\sysmon64.exe,C:\Windows\system32\svchost.exe,0x1400,,,,,,,{E983936C-B38F-6006-0C00-00000000A301},592,{E983936C-B3A0-6006-3100-00000000A301},2052,,T1059.001,PowerShell,Execution,TRACE-PS-01,powershell,https://raw.githubusercontent.com/splunk/attack_data/master/datasets/attack_techniques/T1059.001/encoded_powershell/windows-sysmon.log,a865dac48c9d503dd7a9e57e612855c8ad0818eccba1ac841d524ec47e1ffe9a,false,Execution,none,raw Computer/IpAddress/User fields,
2021-01-19T13:27:20.917+0000,2021-01-19T13:27:20.917+0000,10,Microsoft-Windows-Sysmon/Operational,ict3214:attack_trace,PS-HOST-01,,,,,,,C:\Program Files\SplunkUniversalForwarder\bin\splunk-regmon.exe,C:\Windows\system32\conhost.exe,0x1fffff,,,,,,,{E983936C-B439-6006-B800-00000000A301},4284,{E983936C-DE38-6006-9C09-00000000A301},1124,,T1059.001,PowerShell,Execution,TRACE-PS-01,powershell,https://raw.githubusercontent.com/splunk/attack_data/master/datasets/attack_techniques/T1059.001/encoded_powershell/windows-sysmon.log,cb2234e138c8f7f6621ae061e857f8ab38397306e18018fce7f51a9383b7bf9a,false,Execution,none,raw Computer/IpAddress/User fields,
2021-01-19T13:27:21.075+0000,2021-01-19T13:27:21.075+0000,10,Microsoft-Windows-Sysmon/Operational,ict3214:attack_trace,PS-HOST-01,,,,,,,C:\Program Files\SplunkUniversalForwarder\bin\splunkd.exe,C:\Program Files\SplunkUniversalForwarder\bin\splunk-regmon.exe,0x101400,,,,,,,{E983936C-DE38-6006-9C09-00000000A301},1124,{E983936C-B438-6006-B400-00000000A301},4412,,T1059.001,PowerShell,Execution,TRACE-PS-01,powershell,https://raw.githubusercontent.com/splunk/attack_data/master/datasets/attack_techniques/T1059.001/encoded_powershell/windows-sysmon.log,3858a2e022f4a2919570761561ea26a137d5cebe8914961c4905240a05a8b9dd,false,Execution,none,raw Computer/IpAddress/User fields,
2021-01-19T13:27:21.603+0000,2021-01-19T13:27:21.603+0000,10,Microsoft-Windows-Sysmon/Operational,ict3214:attack_trace,PS-HOST-01,,,,,,,C:\Windows\sysmon64.exe,C:\Windows\system32\svchost.exe,0x1400,,,,,,,{E983936C-B38F-6006-0C00-00000000A301},592,{E983936C-B3A0-6006-3100-00000000A301},2052,,T1059.001,PowerShell,Execution,TRACE-PS-01,powershell,https://raw.githubusercontent.com/splunk/attack_data/master/datasets/attack_techniques/T1059.001/encoded_powershell/windows-sysmon.log,09ef3dbb85be1d46f1b57169e086b610c61a296ab13eabb62482a340a48860ee,false,Execution,none,raw Computer/IpAddress/User fields,
2021-01-19T13:27:21.603+0000,2021-01-19T13:27:21.603+0000,10,Microsoft-Windows-Sysmon/Operational,ict3214:attack_trace,PS-HOST-01,,,,,,,C:\Program Files\SplunkUniversalForwarder\bin\splunk-admon.exe,C:\Windows\system32\csrss.exe,0x1fffff,,,,,,,{E983936C-B38D-6006-0500-00000000A301},636,{E983936C-DE39-6006-9D09-00000000A301},5952,,T1059.001,PowerShell,Execution,TRACE-PS-01,powershell,https://raw.githubusercontent.com/splunk/attack_data/master/datasets/attack_techniques/T1059.001/encoded_powershell/windows-sysmon.log,14d8722c29374e5d76ec1d4fef152ce41793eb49214cb0093af6a30544bf3dc0,false,Execution,none,raw Computer/IpAddress/User fields,
2021-01-19T13:27:21.603+0000,2021-01-19T13:27:21.603+0000,10,Microsoft-Windows-Sysmon/Operational,ict3214:attack_trace,PS-HOST-01,,,,,,,C:\Program Files\SplunkUniversalForwarder\bin\splunk-admon.exe,C:\Program Files\SplunkUniversalForwarder\bin\splunkd.exe,0x1fffff,,,,,,,{E983936C-B438-6006-B400-00000000A301},4412,{E983936C-DE39-6006-9D09-00000000A301},5952,,T1059.001,PowerShell,Execution,TRACE-PS-01,powershell,https://raw.githubusercontent.com/splunk/attack_data/master/datasets/attack_techniques/T1059.001/encoded_powershell/windows-sysmon.log,1de8e635c5e3b3bb5b81130b5cf702fb250f51a75aaf9c5e4ac6fbf86f6c8c1e,false,Execution,none,raw Computer/IpAddress/User fields,
2021-01-19T13:27:21.603+0000,2021-01-19T13:27:21.603+0000,10,Microsoft-Windows-Sysmon/Operational,ict3214:attack_trace,PS-HOST-01,,,,,,,C:\Windows\sysmon64.exe,C:\Windows\system32\svchost.exe,0x1400,,,,,,,{E983936C-B38F-6006-0C00-00000000A301},592,{E983936C-B3A0-6006-3100-00000000A301},2052,,T1059.001,PowerShell,Execution,TRACE-PS-01,powershell,https://raw.githubusercontent.com/splunk/attack_data/master/datasets/attack_techniques/T1059.001/encoded_powershell/windows-sysmon.log,6c9bf5b83fc48aef897119a9537711bb9880adb213c63ed9778bec44f9362091,false,Execution,none,raw Computer/IpAddress/User fields,
2021-01-19T13:27:21.603+0000,2021-01-19T13:27:21.603+0000,1,Microsoft-Windows-Sysmon/Operational,ict3214:attack_trace,PS-HOST-01,,,NT AUTHORITY\SYSTEM,C:\Program Files\SplunkUniversalForwarder\bin\splunk-admon.exe,C:\Program Files\SplunkUniversalForwarder\bin\splunkd.exe,"""C:\Program Files\SplunkUniversalForwarder\bin\splunk-admon.exe""",,,,,,,,{E983936C-DE39-6006-9D09-00000000A301},5952,,,,,,T1059.001,PowerShell,Execution,TRACE-PS-01,powershell,https://raw.githubusercontent.com/splunk/attack_data/master/datasets/attack_techniques/T1059.001/encoded_powershell/windows-sysmon.log,89cf6406e7d5fd2c4817359c4788e832317b5ea73086532030d99ef3432bcfea,false,Execution,none,raw Computer/IpAddress/User fields,{E983936C-B438-6006-B400-00000000A301}
2021-01-19T13:27:21.603+0000,2021-01-19T13:27:21.603+0000,10,Microsoft-Windows-Sysmon/Operational,ict3214:attack_trace,PS-HOST-01,,,,,,,C:\Windows\sysmon64.exe,C:\Windows\system32\svchost.exe,0x1400,,,,,,,{E983936C-B38F-6006-0C00-00000000A301},592,{E983936C-B3A0-6006-3100-00000000A301},2052,,T1059.001,PowerShell,Execution,TRACE-PS-01,powershell,https://raw.githubusercontent.com/splunk/attack_data/master/datasets/attack_techniques/T1059.001/encoded_powershell/windows-sysmon.log,b31025b7f51030b006faf7853b7d837495a0afd31beac0dc8bd7c9a48c11c1e4,false,Execution,none,raw Computer/IpAddress/User fields,
2021-01-19T13:27:21.604+0000,2021-01-19T13:27:21.604+0000,10,Microsoft-Windows-Sysmon/Operational,ict3214:attack_trace,PS-HOST-01,,,,,,,C:\Windows\sysmon64.exe,C:\Windows\system32\svchost.exe,0x1400,,,,,,,{E983936C-B38F-6006-0C00-00000000A301},592,{E983936C-B3A0-6006-3100-00000000A301},2052,,T1059.001,PowerShell,Execution,TRACE-PS-01,powershell,https://raw.githubusercontent.com/splunk/attack_data/master/datasets/attack_techniques/T1059.001/encoded_powershell/windows-sysmon.log,86d37e1e038832f87142071c51c488ab09ccfd0af3ff2a02e012021b0c7e2252,false,Execution,none,raw Computer/IpAddress/User fields,
2021-01-19T13:27:21.604+0000,2021-01-19T13:27:21.604+0000,10,Microsoft-Windows-Sysmon/Operational,ict3214:attack_trace,PS-HOST-01,,,,,,,C:\Program Files\SplunkUniversalForwarder\bin\splunk-admon.exe,C:\Windows\system32\conhost.exe,0x1fffff,,,,,,,{E983936C-B439-6006-B800-00000000A301},4284,{E983936C-DE39-6006-9D09-00000000A301},5952,,T1059.001,PowerShell,Execution,TRACE-PS-01,powershell,https://raw.githubusercontent.com/splunk/attack_data/master/datasets/attack_techniques/T1059.001/encoded_powershell/windows-sysmon.log,ea77c16b424ae6cc825a788b66d739fda4e527e960d511abe56fe32efe2e749e,false,Execution,none,raw Computer/IpAddress/User fields,
2021-01-19T13:27:21.754+0000,2021-01-19T13:27:21.754+0000,10,Microsoft-Windows-Sysmon/Operational,ict3214:attack_trace,PS-HOST-01,,,,,,,C:\Program Files\SplunkUniversalForwarder\bin\splunkd.exe,C:\Program Files\SplunkUniversalForwarder\bin\splunk-admon.exe,0x101400,,,,,,,{E983936C-DE39-6006-9D09-00000000A301},5952,{E983936C-B438-6006-B400-00000000A301},4412,,T1059.001,PowerShell,Execution,TRACE-PS-01,powershell,https://raw.githubusercontent.com/splunk/attack_data/master/datasets/attack_techniques/T1059.001/encoded_powershell/windows-sysmon.log,55ebc7d700de8ad717177b33797bc8c16a0af8395f660a443cd408b7909d681c,false,Execution,none,raw Computer/IpAddress/User fields,
2021-01-19T13:27:22.274+0000,2021-01-19T13:27:22.274+0000,10,Microsoft-Windows-Sysmon/Operational,ict3214:attack_trace,PS-HOST-01,,,,,,,C:\Program Files\SplunkUniversalForwarder\bin\splunk-netmon.exe,C:\Windows\system32\csrss.exe,0x1fffff,,,,,,,{E983936C-B38D-6006-0500-00000000A301},636,{E983936C-DE3A-6006-9E09-00000000A301},6980,,T1059.001,PowerShell,Execution,TRACE-PS-01,powershell,https://raw.githubusercontent.com/splunk/attack_data/master/datasets/attack_techniques/T1059.001/encoded_powershell/windows-sysmon.log,55cd49c954e3950ecfc66399dc1092ebd2927be144e45edf7eccfe66743ebfe0,false,Execution,none,raw Computer/IpAddress/User fields,
2021-01-19T13:27:22.274+0000,2021-01-19T13:27:22.274+0000,10,Microsoft-Windows-Sysmon/Operational,ict3214:attack_trace,PS-HOST-01,,,,,,,C:\Program Files\SplunkUniversalForwarder\bin\splunk-netmon.exe,C:\Program Files\SplunkUniversalForwarder\bin\splunkd.exe,0x1fffff,,,,,,,{E983936C-B438-6006-B400-00000000A301},4412,{E983936C-DE3A-6006-9E09-00000000A301},6980,,T1059.001,PowerShell,Execution,TRACE-PS-01,powershell,https://raw.githubusercontent.com/splunk/attack_data/master/datasets/attack_techniques/T1059.001/encoded_powershell/windows-sysmon.log,65865bc19b42db6feada89783dfc85d5a8b93a03945275edf7afd402c156450e,false,Execution,none,raw Computer/IpAddress/User fields,
2021-01-19T13:27:22.274+0000,2021-01-19T13:27:22.274+0000,1,Microsoft-Windows-Sysmon/Operational,ict3214:attack_trace,PS-HOST-01,,,NT AUTHORITY\SYSTEM,C:\Program Files\SplunkUniversalForwarder\bin\splunk-netmon.exe,C:\Program Files\SplunkUniversalForwarder\bin\splunkd.exe,"""C:\Program Files\SplunkUniversalForwarder\bin\splunk-netmon.exe""",,,,,,,,{E983936C-DE3A-6006-9E09-00000000A301},6980,,,,,,T1059.001,PowerShell,Execution,TRACE-PS-01,powershell,https://raw.githubusercontent.com/splunk/attack_data/master/datasets/attack_techniques/T1059.001/encoded_powershell/windows-sysmon.log,6c24761286848e98c6293d763a04fc13dd28ea7cb1d81271bf856ce2e9d1f3c7,false,Execution,none,raw Computer/IpAddress/User fields,{E983936C-B438-6006-B400-00000000A301}
2021-01-19T13:27:22.275+0000,2021-01-19T13:27:22.275+0000,10,Microsoft-Windows-Sysmon/Operational,ict3214:attack_trace,PS-HOST-01,,,,,,,C:\Windows\sysmon64.exe,C:\Windows\system32\svchost.exe,0x1400,,,,,,,{E983936C-B38F-6006-0C00-00000000A301},592,{E983936C-B3A0-6006-3100-00000000A301},2052,,T1059.001,PowerShell,Execution,TRACE-PS-01,powershell,https://raw.githubusercontent.com/splunk/attack_data/master/datasets/attack_techniques/T1059.001/encoded_powershell/windows-sysmon.log,23f92dd72ac5a8ae82a3723817282cf4e6006bc76ad7ddf3bf916fd6cd731e91,false,Execution,none,raw Computer/IpAddress/User fields,
2021-01-19T13:27:22.275+0000,2021-01-19T13:27:22.275+0000,10,Microsoft-Windows-Sysmon/Operational,ict3214:attack_trace,PS-HOST-01,,,,,,,C:\Windows\sysmon64.exe,C:\Windows\system32\svchost.exe,0x1400,,,,,,,{E983936C-B38F-6006-0C00-00000000A301},592,{E983936C-B3A0-6006-3100-00000000A301},2052,,T1059.001,PowerShell,Execution,TRACE-PS-01,powershell,https://raw.githubusercontent.com/splunk/attack_data/master/datasets/attack_techniques/T1059.001/encoded_powershell/windows-sysmon.log,27895c457d03c11f800835574fc58005a7e56a9440876fd66b2f893d9230b637,false,Execution,none,raw Computer/IpAddress/User fields,
2021-01-19T13:27:22.275+0000,2021-01-19T13:27:22.275+0000,10,Microsoft-Windows-Sysmon/Operational,ict3214:attack_trace,PS-HOST-01,,,,,,,C:\Program Files\SplunkUniversalForwarder\bin\splunk-netmon.exe,C:\Windows\system32\conhost.exe,0x1fffff,,,,,,,{E983936C-B439-6006-B800-00000000A301},4284,{E983936C-DE3A-6006-9E09-00000000A301},6980,,T1059.001,PowerShell,Execution,TRACE-PS-01,powershell,https://raw.githubusercontent.com/splunk/attack_data/master/datasets/attack_techniques/T1059.001/encoded_powershell/windows-sysmon.log,ae6c59557f8969abb482bedf8e3e4c123e3dab1b7e999d7a78766db11166b2bc,false,Execution,none,raw Computer/IpAddress/User fields,
2021-01-19T13:27:22.275+0000,2021-01-19T13:27:22.275+0000,10,Microsoft-Windows-Sysmon/Operational,ict3214:attack_trace,PS-HOST-01,,,,,,,C:\Windows\sysmon64.exe,C:\Windows\system32\svchost.exe,0x1400,,,,,,,{E983936C-B38F-6006-0C00-00000000A301},592,{E983936C-B3A0-6006-3100-00000000A301},2052,,T1059.001,PowerShell,Execution,TRACE-PS-01,powershell,https://raw.githubusercontent.com/splunk/attack_data/master/datasets/attack_techniques/T1059.001/encoded_powershell/windows-sysmon.log,c852bf7aa68a7169afa767c732a932555619da29ca54abbfcab9c18e48d2ebc3,false,Execution,none,raw Computer/IpAddress/User fields,
2021-01-19T13:27:22.275+0000,2021-01-19T13:27:22.275+0000,10,Microsoft-Windows-Sysmon/Operational,ict3214:attack_trace,PS-HOST-01,,,,,,,C:\Windows\sysmon64.exe,C:\Windows\system32\svchost.exe,0x1400,,,,,,,{E983936C-B38F-6006-0C00-00000000A301},592,{E983936C-B3A0-6006-3100-00000000A301},2052,,T1059.001,PowerShell,Execution,TRACE-PS-01,powershell,https://raw.githubusercontent.com/splunk/attack_data/master/datasets/attack_techniques/T1059.001/encoded_powershell/windows-sysmon.log,ef9f730ae6fa5bc66a5aa410e8179c1912cdf84758c9045d5b34c6e1c732a2fe,false,Execution,none,raw Computer/IpAddress/User fields,
2021-01-19T13:27:25.869+0000,2021-01-19T13:27:25.869+0000,1,Microsoft-Windows-Sysmon/Operational,ict3214:attack_trace,PS-HOST-01,,,NT AUTHORITY\SYSTEM,C:\Program Files\SplunkUniversalForwarder\bin\splunk-winprintmon.exe,C:\Program Files\SplunkUniversalForwarder\bin\splunkd.exe,"""C:\Program Files\SplunkUniversalForwarder\bin\splunk-winprintmon.exe""",,,,,,,,{E983936C-DE3D-6006-9F09-00000000A301},1548,,,,,,T1059.001,PowerShell,Execution,TRACE-PS-01,powershell,https://raw.githubusercontent.com/splunk/attack_data/master/datasets/attack_techniques/T1059.001/encoded_powershell/windows-sysmon.log,112796184df3304fb4179c3f38464428236fb4ea29d7a1bba36effea8e598706,false,Execution,none,raw Computer/IpAddress/User fields,{E983936C-B438-6006-B400-00000000A301}
2021-01-19T13:27:25.869+0000,2021-01-19T13:27:25.869+0000,10,Microsoft-Windows-Sysmon/Operational,ict3214:attack_trace,PS-HOST-01,,,,,,,C:\Program Files\SplunkUniversalForwarder\bin\splunk-winprintmon.exe,C:\Program Files\SplunkUniversalForwarder\bin\splunkd.exe,0x1fffff,,,,,,,{E983936C-B438-6006-B400-00000000A301},4412,{E983936C-DE3D-6006-9F09-00000000A301},1548,,T1059.001,PowerShell,Execution,TRACE-PS-01,powershell,https://raw.githubusercontent.com/splunk/attack_data/master/datasets/attack_techniques/T1059.001/encoded_powershell/windows-sysmon.log,26064c8fcb1a0e4e317ca0a8b52c6b691e56f28b4e2e044394628fa44872d487,false,Execution,none,raw Computer/IpAddress/User fields,
2021-01-19T13:27:25.869+0000,2021-01-19T13:27:25.869+0000,10,Microsoft-Windows-Sysmon/Operational,ict3214:attack_trace,PS-HOST-01,,,,,,,C:\Windows\sysmon64.exe,C:\Windows\system32\svchost.exe,0x1400,,,,,,,{E983936C-B38F-6006-0C00-00000000A301},592,{E983936C-B3A0-6006-3100-00000000A301},2052,,T1059.001,PowerShell,Execution,TRACE-PS-01,powershell,https://raw.githubusercontent.com/splunk/attack_data/master/datasets/attack_techniques/T1059.001/encoded_powershell/windows-sysmon.log,4b17f312a66e757aced968e265091fdeb64d867d1419e5d21fe48a7b1255fa45,false,Execution,none,raw Computer/IpAddress/User fields,
2021-01-19T13:27:25.869+0000,2021-01-19T13:27:25.869+0000,10,Microsoft-Windows-Sysmon/Operational,ict3214:attack_trace,PS-HOST-01,,,,,,,C:\Windows\sysmon64.exe,C:\Windows\system32\svchost.exe,0x1400,,,,,,,{E983936C-B38F-6006-0C00-00000000A301},592,{E983936C-B3A0-6006-3100-00000000A301},2052,,T1059.001,PowerShell,Execution,TRACE-PS-01,powershell,https://raw.githubusercontent.com/splunk/attack_data/master/datasets/attack_techniques/T1059.001/encoded_powershell/windows-sysmon.log,4f5d960bc51b73fd7eded3f0b2ad93162902e18e49717a14fb4f1eab94633ee4,false,Execution,none,raw Computer/IpAddress/User fields,
2021-01-19T13:27:25.869+0000,2021-01-19T13:27:25.869+0000,10,Microsoft-Windows-Sysmon/Operational,ict3214:attack_trace,PS-HOST-01,,,,,,,C:\Program Files\SplunkUniversalForwarder\bin\splunk-winprintmon.exe,C:\Windows\system32\csrss.exe,0x1fffff,,,,,,,{E983936C-B38D-6006-0500-00000000A301},636,{E983936C-DE3D-6006-9F09-00000000A301},1548,,T1059.001,PowerShell,Execution,TRACE-PS-01,powershell,https://raw.githubusercontent.com/splunk/attack_data/master/datasets/attack_techniques/T1059.001/encoded_powershell/windows-sysmon.log,6cd4b79471222786d00891b04a49c2865636cfa36f53d7e6e3ca45a4cb76f4bc,false,Execution,none,raw Computer/IpAddress/User fields,
2021-01-19T13:27:25.869+0000,2021-01-19T13:27:25.869+0000,10,Microsoft-Windows-Sysmon/Operational,ict3214:attack_trace,PS-HOST-01,,,,,,,C:\Windows\sysmon64.exe,C:\Windows\system32\svchost.exe,0x1400,,,,,,,{E983936C-B38F-6006-0C00-00000000A301},592,{E983936C-B3A0-6006-3100-00000000A301},2052,,T1059.001,PowerShell,Execution,TRACE-PS-01,powershell,https://raw.githubusercontent.com/splunk/attack_data/master/datasets/attack_techniques/T1059.001/encoded_powershell/windows-sysmon.log,ac815b35ffa56d00655636791992ca257a3099194898e6efcdc74f77e0b840ee,false,Execution,none,raw Computer/IpAddress/User fields,
2021-01-19T13:27:25.869+0000,2021-01-19T13:27:25.869+0000,10,Microsoft-Windows-Sysmon/Operational,ict3214:attack_trace,PS-HOST-01,,,,,,,C:\Windows\sysmon64.exe,C:\Windows\system32\svchost.exe,0x1400,,,,,,,{E983936C-B38F-6006-0C00-00000000A301},592,{E983936C-B3A0-6006-3100-00000000A301},2052,,T1059.001,PowerShell,Execution,TRACE-PS-01,powershell,https://raw.githubusercontent.com/splunk/attack_data/master/datasets/attack_techniques/T1059.001/encoded_powershell/windows-sysmon.log,e11b954f15aa2cc92b0890c25863709728c83124cfebd8e51dd1dddbd599a33a,false,Execution,none,raw Computer/IpAddress/User fields,
2021-01-19T13:27:25.870+0000,2021-01-19T13:27:25.870+0000,10,Microsoft-Windows-Sysmon/Operational,ict3214:attack_trace,PS-HOST-01,,,,,,,C:\Program Files\SplunkUniversalForwarder\bin\splunk-winprintmon.exe,C:\Windows\system32\conhost.exe,0x1fffff,,,,,,,{E983936C-B439-6006-B800-00000000A301},4284,{E983936C-DE3D-6006-9F09-00000000A301},1548,,T1059.001,PowerShell,Execution,TRACE-PS-01,powershell,https://raw.githubusercontent.com/splunk/attack_data/master/datasets/attack_techniques/T1059.001/encoded_powershell/windows-sysmon.log,902bd4654c8adb032f2f6ae9e2bfb7f96a563c8eba3d5d53e9112efd8914d3f1,false,Execution,none,raw Computer/IpAddress/User fields,
2021-01-19T13:27:39.805+0000,2021-01-19T13:27:39.805+0000,10,Microsoft-Windows-Sysmon/Operational,ict3214:attack_trace,PS-HOST-01,,,,,,,C:\Windows\system32\svchost.exe,C:\Windows\system32\svchost.exe,0x1400,,,,,,,{E983936C-B38F-6006-0C00-00000000A301},592,{E983936C-B390-6006-1500-00000000A301},1492,,T1059.001,PowerShell,Execution,TRACE-PS-01,powershell,https://raw.githubusercontent.com/splunk/attack_data/master/datasets/attack_techniques/T1059.001/encoded_powershell/windows-sysmon.log,553d833ca177400b18ddf9c1eb1f5c23c1b1300e6b8b003f951813d2da52c60f,false,Execution,none,raw Computer/IpAddress/User fields,
2021-01-19T13:27:39.805+0000,2021-01-19T13:27:39.805+0000,10,Microsoft-Windows-Sysmon/Operational,ict3214:attack_trace,PS-HOST-01,,,,,,,C:\Windows\system32\svchost.exe,C:\Windows\system32\svchost.exe,0x1400,,,,,,,{E983936C-B38F-6006-0C00-00000000A301},592,{E983936C-B390-6006-1500-00000000A301},1492,,T1059.001,PowerShell,Execution,TRACE-PS-01,powershell,https://raw.githubusercontent.com/splunk/attack_data/master/datasets/attack_techniques/T1059.001/encoded_powershell/windows-sysmon.log,84497c10e0a060b602b01013376b067c057d5280e5bd0c26a26cd532ae0d7acf,false,Execution,none,raw Computer/IpAddress/User fields,
2021-01-19T13:27:39.805+0000,2021-01-19T13:27:39.805+0000,10,Microsoft-Windows-Sysmon/Operational,ict3214:attack_trace,PS-HOST-01,,,,,,,C:\Windows\system32\svchost.exe,C:\Windows\system32\svchost.exe,0x1400,,,,,,,{E983936C-B38F-6006-0C00-00000000A301},592,{E983936C-B390-6006-1500-00000000A301},1492,,T1059.001,PowerShell,Execution,TRACE-PS-01,powershell,https://raw.githubusercontent.com/splunk/attack_data/master/datasets/attack_techniques/T1059.001/encoded_powershell/windows-sysmon.log,933b673796fb653e8a0447150ffd8f6e632810ddd29e0daa4d3391c840266db2,false,Execution,none,raw Computer/IpAddress/User fields,
2021-01-19T13:27:43.757+0000,2021-01-19T13:27:43.757+0000,10,Microsoft-Windows-Sysmon/Operational,ict3214:attack_trace,PS-HOST-01,,,,,,,C:\Program Files\Mozilla Firefox\firefox.exe,C:\Windows\system32\svchost.exe,0x1000,,,,,,,{E983936C-B38F-6006-0D00-00000000A301},992,{E983936C-CD5C-6006-8407-00000000A301},6812,,T1059.001,PowerShell,Execution,TRACE-PS-01,powershell,https://raw.githubusercontent.com/splunk/attack_data/master/datasets/attack_techniques/T1059.001/encoded_powershell/windows-sysmon.log,7c6d75edd0ea3bcf68307ffdfd509dd3586efbd20f5d0991114b95250565dab7,false,Execution,none,raw Computer/IpAddress/User fields,
2021-01-19T13:27:43.757+0000,2021-01-19T13:27:43.757+0000,10,Microsoft-Windows-Sysmon/Operational,ict3214:attack_trace,PS-HOST-01,,,,,,,C:\Program Files\Mozilla Firefox\firefox.exe,C:\Windows\system32\svchost.exe,0x1000,,,,,,,{E983936C-B38F-6006-0D00-00000000A301},992,{E983936C-CD5C-6006-8407-00000000A301},6812,,T1059.001,PowerShell,Execution,TRACE-PS-01,powershell,https://raw.githubusercontent.com/splunk/attack_data/master/datasets/attack_techniques/T1059.001/encoded_powershell/windows-sysmon.log,9cd1175ef60325ec218f9ca555e60528b801c598a3f6d636e22b6616fd6dd6a5,false,Execution,none,raw Computer/IpAddress/User fields,
2021-01-19T13:27:57.820+0000,2021-01-19T13:27:57.820+0000,10,Microsoft-Windows-Sysmon/Operational,ict3214:attack_trace,PS-HOST-01,,,,,,,C:\Program Files\Mozilla Firefox\firefox.exe,C:\Windows\system32\svchost.exe,0x1000,,,,,,,{E983936C-B38F-6006-0D00-00000000A301},992,{E983936C-CFB9-6006-DF07-00000000A301},4672,,T1059.001,PowerShell,Execution,TRACE-PS-01,powershell,https://raw.githubusercontent.com/splunk/attack_data/master/datasets/attack_techniques/T1059.001/encoded_powershell/windows-sysmon.log,aeade3516f1bd34841f7fe88354ecdde032be016e2e74332f729e4e47ba0d170,false,Execution,none,raw Computer/IpAddress/User fields,
2021-01-19T13:28:18.917+0000,2021-01-19T13:28:18.917+0000,10,Microsoft-Windows-Sysmon/Operational,ict3214:attack_trace,PS-HOST-01,,,,,,,C:\Program Files\SplunkUniversalForwarder\bin\splunk-admon.exe,C:\Program Files\SplunkUniversalForwarder\bin\splunkd.exe,0x1fffff,,,,,,,{E983936C-B438-6006-B400-00000000A301},4412,{E983936C-DE72-6006-A009-00000000A301},5108,,T1059.001,PowerShell,Execution,TRACE-PS-01,powershell,https://raw.githubusercontent.com/splunk/attack_data/master/datasets/attack_techniques/T1059.001/encoded_powershell/windows-sysmon.log,1431985590161b0e458346c4b39513c8de066c830db89b278c77937d49e7147c,false,Execution,none,raw Computer/IpAddress/User fields,
2021-01-19T13:28:18.917+0000,2021-01-19T13:28:18.917+0000,10,Microsoft-Windows-Sysmon/Operational,ict3214:attack_trace,PS-HOST-01,,,,,,,C:\Windows\sysmon64.exe,C:\Windows\system32\svchost.exe,0x1400,,,,,,,{E983936C-B38F-6006-0C00-00000000A301},592,{E983936C-B3A0-6006-3100-00000000A301},2052,,T1059.001,PowerShell,Execution,TRACE-PS-01,powershell,https://raw.githubusercontent.com/splunk/attack_data/master/datasets/attack_techniques/T1059.001/encoded_powershell/windows-sysmon.log,44d4d70e3bb75cc04067c93dffa5004113bffafb2cc14cbbf9c9c8a280443fca,false,Execution,none,raw Computer/IpAddress/User fields,
2021-01-19T13:28:18.917+0000,2021-01-19T13:28:18.917+0000,10,Microsoft-Windows-Sysmon/Operational,ict3214:attack_trace,PS-HOST-01,,,,,,,C:\Windows\sysmon64.exe,C:\Windows\system32\svchost.exe,0x1400,,,,,,,{E983936C-B38F-6006-0C00-00000000A301},592,{E983936C-B3A0-6006-3100-00000000A301},2052,,T1059.001,PowerShell,Execution,TRACE-PS-01,powershell,https://raw.githubusercontent.com/splunk/attack_data/master/datasets/attack_techniques/T1059.001/encoded_powershell/windows-sysmon.log,68316d390f85a64cc8ca8b7fb7206d41da19385a785a4ef0b363e697423c2089,false,Execution,none,raw Computer/IpAddress/User fields,
2021-01-19T13:28:18.917+0000,2021-01-19T13:28:18.917+0000,1,Microsoft-Windows-Sysmon/Operational,ict3214:attack_trace,PS-HOST-01,,,NT AUTHORITY\SYSTEM,C:\Program Files\SplunkUniversalForwarder\bin\splunk-admon.exe,C:\Program Files\SplunkUniversalForwarder\bin\splunkd.exe,"""C:\Program Files\SplunkUniversalForwarder\bin\splunk-admon.exe""",,,,,,,,{E983936C-DE72-6006-A009-00000000A301},5108,,,,,,T1059.001,PowerShell,Execution,TRACE-PS-01,powershell,https://raw.githubusercontent.com/splunk/attack_data/master/datasets/attack_techniques/T1059.001/encoded_powershell/windows-sysmon.log,7d7dd17ed689f0770dfab8dc6055837e202e3f0f919025c98ac671fb0d91ddf4,false,Execution,none,raw Computer/IpAddress/User fields,{E983936C-B438-6006-B400-00000000A301}
2021-01-19T13:28:18.917+0000,2021-01-19T13:28:18.917+0000,10,Microsoft-Windows-Sysmon/Operational,ict3214:attack_trace,PS-HOST-01,,,,,,,C:\Windows\sysmon64.exe,C:\Windows\system32\svchost.exe,0x1400,,,,,,,{E983936C-B38F-6006-0C00-00000000A301},592,{E983936C-B3A0-6006-3100-00000000A301},2052,,T1059.001,PowerShell,Execution,TRACE-PS-01,powershell,https://raw.githubusercontent.com/splunk/attack_data/master/datasets/attack_techniques/T1059.001/encoded_powershell/windows-sysmon.log,be0d8c508fc0c23d72928fc970099bf6ff3caafbccd6fbe44d020180d4beb768,false,Execution,none,raw Computer/IpAddress/User fields,
2021-01-19T13:28:18.917+0000,2021-01-19T13:28:18.917+0000,10,Microsoft-Windows-Sysmon/Operational,ict3214:attack_trace,PS-HOST-01,,,,,,,C:\Program Files\SplunkUniversalForwarder\bin\splunk-admon.exe,C:\Windows\system32\csrss.exe,0x1fffff,,,,,,,{E983936C-B38D-6006-0500-00000000A301},636,{E983936C-DE72-6006-A009-00000000A301},5108,,T1059.001,PowerShell,Execution,TRACE-PS-01,powershell,https://raw.githubusercontent.com/splunk/attack_data/master/datasets/attack_techniques/T1059.001/encoded_powershell/windows-sysmon.log,c2f54516c6e0ed30c624a6b1943fcf9a5d369d9c08f505c64e06ca70c9d93a79,false,Execution,none,raw Computer/IpAddress/User fields,
2021-01-19T13:28:18.918+0000,2021-01-19T13:28:18.918+0000,10,Microsoft-Windows-Sysmon/Operational,ict3214:attack_trace,PS-HOST-01,,,,,,,C:\Windows\sysmon64.exe,C:\Windows\system32\svchost.exe,0x1400,,,,,,,{E983936C-B38F-6006-0C00-00000000A301},592,{E983936C-B3A0-6006-3100-00000000A301},2052,,T1059.001,PowerShell,Execution,TRACE-PS-01,powershell,https://raw.githubusercontent.com/splunk/attack_data/master/datasets/attack_techniques/T1059.001/encoded_powershell/windows-sysmon.log,49f4c3d35d20b42e83fb4af8d17d66433932592b53d6ce3e7b73335ea74ebd92,false,Execution,none,raw Computer/IpAddress/User fields,
2021-01-19T13:28:18.918+0000,2021-01-19T13:28:18.918+0000,10,Microsoft-Windows-Sysmon/Operational,ict3214:attack_trace,PS-HOST-01,,,,,,,C:\Program Files\SplunkUniversalForwarder\bin\splunk-admon.exe,C:\Windows\system32\conhost.exe,0x1fffff,,,,,,,{E983936C-B439-6006-B800-00000000A301},4284,{E983936C-DE72-6006-A009-00000000A301},5108,,T1059.001,PowerShell,Execution,TRACE-PS-01,powershell,https://raw.githubusercontent.com/splunk/attack_data/master/datasets/attack_techniques/T1059.001/encoded_powershell/windows-sysmon.log,937716a11e7a7b3531858338b2f2e9e1e7e0cdb6f0abc11d3e28079f269e5865,false,Execution,none,raw Computer/IpAddress/User fields,
2021-01-19T13:28:19.066+0000,2021-01-19T13:28:19.066+0000,10,Microsoft-Windows-Sysmon/Operational,ict3214:attack_trace,PS-HOST-01,,,,,,,C:\Program Files\SplunkUniversalForwarder\bin\splunkd.exe,C:\Program Files\SplunkUniversalForwarder\bin\splunk-admon.exe,0x101400,,,,,,,{E983936C-DE72-6006-A009-00000000A301},5108,{E983936C-B438-6006-B400-00000000A301},4412,,T1059.001,PowerShell,Execution,TRACE-PS-01,powershell,https://raw.githubusercontent.com/splunk/attack_data/master/datasets/attack_techniques/T1059.001/encoded_powershell/windows-sysmon.log,99548b345fa42068a1a7537ffe6239376db21d3729d0513aaef8c6cc48dbbe24,false,Execution,none,raw Computer/IpAddress/User fields,
2021-01-19T13:28:19.604+0000,2021-01-19T13:28:19.604+0000,1,Microsoft-Windows-Sysmon/Operational,ict3214:attack_trace,PS-HOST-01,,,NT AUTHORITY\SYSTEM,C:\Program Files\SplunkUniversalForwarder\bin\splunk-powershell.exe,C:\Program Files\SplunkUniversalForwarder\bin\splunkd.exe,"""C:\Program Files\SplunkUniversalForwarder\bin\splunk-powershell.exe""",,,,,,,,{E983936C-DE73-6006-A109-00000000A301},4928,,,,,,T1059.001,PowerShell,Execution,TRACE-PS-01,powershell,https://raw.githubusercontent.com/splunk/attack_data/master/datasets/attack_techniques/T1059.001/encoded_powershell/windows-sysmon.log,24ba769f92224c45ddc4fe7968708b5cc0c7e4b1709babdcd8b47d95a752801b,false,Execution,none,raw Computer/IpAddress/User fields,{E983936C-B438-6006-B400-00000000A301}
2021-01-19T13:28:19.604+0000,2021-01-19T13:28:19.604+0000,10,Microsoft-Windows-Sysmon/Operational,ict3214:attack_trace,PS-HOST-01,,,,,,,C:\Program Files\SplunkUniversalForwarder\bin\splunk-powershell.exe,C:\Windows\system32\csrss.exe,0x1fffff,,,,,,,{E983936C-B38D-6006-0500-00000000A301},636,{E983936C-DE73-6006-A109-00000000A301},4928,,T1059.001,PowerShell,Execution,TRACE-PS-01,powershell,https://raw.githubusercontent.com/splunk/attack_data/master/datasets/attack_techniques/T1059.001/encoded_powershell/windows-sysmon.log,4b2f49d0e83b51824e2111f4fd20e1f83844c99826d04a2bb532548d41e22d44,false,Execution,none,raw Computer/IpAddress/User fields,
2021-01-19T13:28:19.604+0000,2021-01-19T13:28:19.604+0000,10,Microsoft-Windows-Sysmon/Operational,ict3214:attack_trace,PS-HOST-01,,,,,,,C:\Program Files\SplunkUniversalForwarder\bin\splunk-powershell.exe,C:\Program Files\SplunkUniversalForwarder\bin\splunkd.exe,0x1fffff,,,,,,,{E983936C-B438-6006-B400-00000000A301},4412,{E983936C-DE73-6006-A109-00000000A301},4928,,T1059.001,PowerShell,Execution,TRACE-PS-01,powershell,https://raw.githubusercontent.com/splunk/attack_data/master/datasets/attack_techniques/T1059.001/encoded_powershell/windows-sysmon.log,66181035eb7dc4d155d2205490e4bcb4e7c380980a64e9e56dc95233f175da79,false,Execution,none,raw Computer/IpAddress/User fields,
2021-01-19T13:28:19.604+0000,2021-01-19T13:28:19.604+0000,10,Microsoft-Windows-Sysmon/Operational,ict3214:attack_trace,PS-HOST-01,,,,,,,C:\Windows\sysmon64.exe,C:\Windows\system32\svchost.exe,0x1400,,,,,,,{E983936C-B38F-6006-0C00-00000000A301},592,{E983936C-B3A0-6006-3100-00000000A301},2052,,T1059.001,PowerShell,Execution,TRACE-PS-01,powershell,https://raw.githubusercontent.com/splunk/attack_data/master/datasets/attack_techniques/T1059.001/encoded_powershell/windows-sysmon.log,9e05b3d6e7ba1d825fd34e2a89c726f02b7f081fc29815549d0803c9dbd40e32,false,Execution,none,raw Computer/IpAddress/User fields,
2021-01-19T13:28:19.604+0000,2021-01-19T13:28:19.604+0000,10,Microsoft-Windows-Sysmon/Operational,ict3214:attack_trace,PS-HOST-01,,,,,,,C:\Windows\sysmon64.exe,C:\Windows\system32\svchost.exe,0x1400,,,,,,,{E983936C-B38F-6006-0C00-00000000A301},592,{E983936C-B3A0-6006-3100-00000000A301},2052,,T1059.001,PowerShell,Execution,TRACE-PS-01,powershell,https://raw.githubusercontent.com/splunk/attack_data/master/datasets/attack_techniques/T1059.001/encoded_powershell/windows-sysmon.log,e8d582745c328336eced782667ae2167fc9363a6150f273de363b14af90657a4,false,Execution,none,raw Computer/IpAddress/User fields,
2021-01-19T13:28:19.605+0000,2021-01-19T13:28:19.605+0000,10,Microsoft-Windows-Sysmon/Operational,ict3214:attack_trace,PS-HOST-01,,,,,,,C:\Windows\sysmon64.exe,C:\Windows\system32\svchost.exe,0x1400,,,,,,,{E983936C-B38F-6006-0C00-00000000A301},592,{E983936C-B3A0-6006-3100-00000000A301},2052,,T1059.001,PowerShell,Execution,TRACE-PS-01,powershell,https://raw.githubusercontent.com/splunk/attack_data/master/datasets/attack_techniques/T1059.001/encoded_powershell/windows-sysmon.log,2293ca4401ae7a56bdbd2d6de4c52e1b3f2c480bc1766d408b7b2bea3625ac55,false,Execution,none,raw Computer/IpAddress/User fields,
2021-01-19T13:28:19.605+0000,2021-01-19T13:28:19.605+0000,10,Microsoft-Windows-Sysmon/Operational,ict3214:attack_trace,PS-HOST-01,,,,,,,C:\Program Files\SplunkUniversalForwarder\bin\splunk-powershell.exe,C:\Windows\system32\conhost.exe,0x1fffff,,,,,,,{E983936C-B439-6006-B800-00000000A301},4284,{E983936C-DE73-6006-A109-00000000A301},4928,,T1059.001,PowerShell,Execution,TRACE-PS-01,powershell,https://raw.githubusercontent.com/splunk/attack_data/master/datasets/attack_techniques/T1059.001/encoded_powershell/windows-sysmon.log,3718a1d90b9b5ed0f935a1e80eb8015abd24a00a2d99ad78851d008536ff1b5f,false,Execution,none,raw Computer/IpAddress/User fields,
2021-01-19T13:28:19.605+0000,2021-01-19T13:28:19.605+0000,10,Microsoft-Windows-Sysmon/Operational,ict3214:attack_trace,PS-HOST-01,,,,,,,C:\Windows\sysmon64.exe,C:\Windows\system32\svchost.exe,0x1400,,,,,,,{E983936C-B38F-6006-0C00-00000000A301},592,{E983936C-B3A0-6006-3100-00000000A301},2052,,T1059.001,PowerShell,Execution,TRACE-PS-01,powershell,https://raw.githubusercontent.com/splunk/attack_data/master/datasets/attack_techniques/T1059.001/encoded_powershell/windows-sysmon.log,73bea7b3f7242a2e33b4f2a14f2661dd902cc5d11deae6eae6d1ae070ef8984e,false,Execution,none,raw Computer/IpAddress/User fields,
2021-01-19T13:28:19.754+0000,2021-01-19T13:28:19.754+0000,10,Microsoft-Windows-Sysmon/Operational,ict3214:attack_trace,PS-HOST-01,,,,,,,C:\Program Files\SplunkUniversalForwarder\bin\splunkd.exe,C:\Program Files\SplunkUniversalForwarder\bin\splunk-powershell.exe,0x101400,,,,,,,{E983936C-DE73-6006-A109-00000000A301},4928,{E983936C-B438-6006-B400-00000000A301},4412,,T1059.001,PowerShell,Execution,TRACE-PS-01,powershell,https://raw.githubusercontent.com/splunk/attack_data/master/datasets/attack_techniques/T1059.001/encoded_powershell/windows-sysmon.log,05848474b45a0a5f3eba7828791b481d15b57ee4568737de1c5b99cc35b20fcb,false,Execution,none,raw Computer/IpAddress/User fields,
2021-01-19T13:28:19.828+0000,2021-01-19T13:28:19.828+0000,10,Microsoft-Windows-Sysmon/Operational,ict3214:attack_trace,PS-HOST-01,,,,,,,System,C:\Windows\system32\lsass.exe,0x1000,,,,,,,{E983936C-B38D-6006-0B00-00000000A301},852,{E983936C-B38B-6006-0100-00000000A301},4,,T1059.001,PowerShell,Execution,TRACE-PS-01,powershell,https://raw.githubusercontent.com/splunk/attack_data/master/datasets/attack_techniques/T1059.001/encoded_powershell/windows-sysmon.log,d484aad28cbad859819a1bd8b1dd70dc29ac0513c6208d6ac5705378f79e4c42,false,Execution,none,raw Computer/IpAddress/User fields,
2021-01-19T13:28:20.230+0000,2021-01-19T13:28:20.230+0000,10,Microsoft-Windows-Sysmon/Operational,ict3214:attack_trace,PS-HOST-01,,,,,,,C:\Windows\sysmon64.exe,C:\Windows\system32\svchost.exe,0x1400,,,,,,,{E983936C-B38F-6006-0C00-00000000A301},592,{E983936C-B3A0-6006-3100-00000000A301},2052,,T1059.001,PowerShell,Execution,TRACE-PS-01,powershell,https://raw.githubusercontent.com/splunk/attack_data/master/datasets/attack_techniques/T1059.001/encoded_powershell/windows-sysmon.log,206574646ecce17df52c951fffad8553fb6b4da12a0695eec9ea8fa597bcd9fe,false,Execution,none,raw Computer/IpAddress/User fields,
2021-01-19T13:28:20.230+0000,2021-01-19T13:28:20.230+0000,10,Microsoft-Windows-Sysmon/Operational,ict3214:attack_trace,PS-HOST-01,,,,,,,C:\Windows\sysmon64.exe,C:\Windows\system32\svchost.exe,0x1400,,,,,,,{E983936C-B38F-6006-0C00-00000000A301},592,{E983936C-B3A0-6006-3100-00000000A301},2052,,T1059.001,PowerShell,Execution,TRACE-PS-01,powershell,https://raw.githubusercontent.com/splunk/attack_data/master/datasets/attack_techniques/T1059.001/encoded_powershell/windows-sysmon.log,44f80dfaf4477d1b0b4fcd71fd46a8bc74521db116e5b7b59ab776686d01f866,false,Execution,none,raw Computer/IpAddress/User fields,
2021-01-19T13:28:20.230+0000,2021-01-19T13:28:20.230+0000,10,Microsoft-Windows-Sysmon/Operational,ict3214:attack_trace,PS-HOST-01,,,,,,,C:\Windows\sysmon64.exe,C:\Windows\system32\svchost.exe,0x1400,,,,,,,{E983936C-B38F-6006-0C00-00000000A301},592,{E983936C-B3A0-6006-3100-00000000A301},2052,,T1059.001,PowerShell,Execution,TRACE-PS-01,powershell,https://raw.githubusercontent.com/splunk/attack_data/master/datasets/attack_techniques/T1059.001/encoded_powershell/windows-sysmon.log,8dc2bc08347d41ea820ea11cc1dcfe9ad76a17d5836fb4c3aad5d0e0c4f6b54d,false,Execution,none,raw Computer/IpAddress/User fields,
2021-01-19T13:28:20.230+0000,2021-01-19T13:28:20.230+0000,1,Microsoft-Windows-Sysmon/Operational,ict3214:attack_trace,PS-HOST-01,,,NT AUTHORITY\SYSTEM,C:\Program Files\SplunkUniversalForwarder\bin\splunk-powershell.exe,C:\Program Files\SplunkUniversalForwarder\bin\splunkd.exe,"""C:\Program Files\SplunkUniversalForwarder\bin\splunk-powershell.exe"" --ps2",,,,,,,,{E983936C-DE74-6006-A209-00000000A301},4116,,,,,,T1059.001,PowerShell,Execution,TRACE-PS-01,powershell,https://raw.githubusercontent.com/splunk/attack_data/master/datasets/attack_techniques/T1059.001/encoded_powershell/windows-sysmon.log,964686d32b5e36cc301d87320cdd664f24c9829d12ddb758443bafb8a6a836fd,false,Execution,none,raw Computer/IpAddress/User fields,{E983936C-B438-6006-B400-00000000A301}
2021-01-19T13:28:20.230+0000,2021-01-19T13:28:20.230+0000,10,Microsoft-Windows-Sysmon/Operational,ict3214:attack_trace,PS-HOST-01,,,,,,,C:\Windows\sysmon64.exe,C:\Windows\system32\svchost.exe,0x1400,,,,,,,{E983936C-B38F-6006-0C00-00000000A301},592,{E983936C-B3A0-6006-3100-00000000A301},2052,,T1059.001,PowerShell,Execution,TRACE-PS-01,powershell,https://raw.githubusercontent.com/splunk/attack_data/master/datasets/attack_techniques/T1059.001/encoded_powershell/windows-sysmon.log,a2bcc0bd38b630b308098053c5ba7bea3e130de2e4f16cc017bd2dd3cbdd9fe7,false,Execution,none,raw Computer/IpAddress/User fields,
2021-01-19T13:28:20.230+0000,2021-01-19T13:28:20.230+0000,10,Microsoft-Windows-Sysmon/Operational,ict3214:attack_trace,PS-HOST-01,,,,,,,C:\Program Files\SplunkUniversalForwarder\bin\splunk-powershell.exe,C:\Windows\system32\csrss.exe,0x1fffff,,,,,,,{E983936C-B38D-6006-0500-00000000A301},636,{E983936C-DE74-6006-A209-00000000A301},4116,,T1059.001,PowerShell,Execution,TRACE-PS-01,powershell,https://raw.githubusercontent.com/splunk/attack_data/master/datasets/attack_techniques/T1059.001/encoded_powershell/windows-sysmon.log,c303799d2108877b658224b750af30cf659b19daee9163aaecdb15f7a78ca455,false,Execution,none,raw Computer/IpAddress/User fields,
2021-01-19T13:28:20.230+0000,2021-01-19T13:28:20.230+0000,10,Microsoft-Windows-Sysmon/Operational,ict3214:attack_trace,PS-HOST-01,,,,,,,C:\Program Files\SplunkUniversalForwarder\bin\splunk-powershell.exe,C:\Program Files\SplunkUniversalForwarder\bin\splunkd.exe,0x1fffff,,,,,,,{E983936C-B438-6006-B400-00000000A301},4412,{E983936C-DE74-6006-A209-00000000A301},4116,,T1059.001,PowerShell,Execution,TRACE-PS-01,powershell,https://raw.githubusercontent.com/splunk/attack_data/master/datasets/attack_techniques/T1059.001/encoded_powershell/windows-sysmon.log,ff7ce59a200e11c3f031e3a85d0880db071de9d7bc620ec1ba0246457a152049,false,Execution,none,raw Computer/IpAddress/User fields,
2021-01-19T13:28:20.231+0000,2021-01-19T13:28:20.231+0000,10,Microsoft-Windows-Sysmon/Operational,ict3214:attack_trace,PS-HOST-01,,,,,,,C:\Program Files\SplunkUniversalForwarder\bin\splunk-powershell.exe,C:\Windows\system32\conhost.exe,0x1fffff,,,,,,,{E983936C-B439-6006-B800-00000000A301},4284,{E983936C-DE74-6006-A209-00000000A301},4116,,T1059.001,PowerShell,Execution,TRACE-PS-01,powershell,https://raw.githubusercontent.com/splunk/attack_data/master/datasets/attack_techniques/T1059.001/encoded_powershell/windows-sysmon.log,c8f7bc42b04e4ecb63fbeb98331390ac2dc852df7634cd19d23debc7a07a81ee,false,Execution,none,raw Computer/IpAddress/User fields,
2021-01-19T13:28:20.380+0000,2021-01-19T13:28:20.380+0000,10,Microsoft-Windows-Sysmon/Operational,ict3214:attack_trace,PS-HOST-01,,,,,,,C:\Program Files\SplunkUniversalForwarder\bin\splunkd.exe,C:\Program Files\SplunkUniversalForwarder\bin\splunk-powershell.exe,0x101400,,,,,,,{E983936C-DE74-6006-A209-00000000A301},4116,{E983936C-B438-6006-B400-00000000A301},4412,,T1059.001,PowerShell,Execution,TRACE-PS-01,powershell,https://raw.githubusercontent.com/splunk/attack_data/master/datasets/attack_techniques/T1059.001/encoded_powershell/windows-sysmon.log,5b12b4d106f49cc2510fe449cc6581a9e3d9c61e4bf6b1a08103f5f9ab71cbf0,false,Execution,none,raw Computer/IpAddress/User fields,
2021-01-19T13:28:20.839+0000,2021-01-19T13:28:20.839+0000,10,Microsoft-Windows-Sysmon/Operational,ict3214:attack_trace,PS-HOST-01,,,,,,,C:\Program Files\SplunkUniversalForwarder\bin\splunk-regmon.exe,C:\Program Files\SplunkUniversalForwarder\bin\splunkd.exe,0x1fffff,,,,,,,{E983936C-B438-6006-B400-00000000A301},4412,{E983936C-DE74-6006-A309-00000000A301},7980,,T1059.001,PowerShell,Execution,TRACE-PS-01,powershell,https://raw.githubusercontent.com/splunk/attack_data/master/datasets/attack_techniques/T1059.001/encoded_powershell/windows-sysmon.log,78695cad9bd99efde02dca0aa556994da825189119ca39230c26d225aa44df5f,false,Execution,none,raw Computer/IpAddress/User fields,
2021-01-19T13:28:20.839+0000,2021-01-19T13:28:20.839+0000,10,Microsoft-Windows-Sysmon/Operational,ict3214:attack_trace,PS-HOST-01,,,,,,,C:\Program Files\SplunkUniversalForwarder\bin\splunk-regmon.exe,C:\Windows\system32\csrss.exe,0x1fffff,,,,,,,{E983936C-B38D-6006-0500-00000000A301},636,{E983936C-DE74-6006-A309-00000000A301},7980,,T1059.001,PowerShell,Execution,TRACE-PS-01,powershell,https://raw.githubusercontent.com/splunk/attack_data/master/datasets/attack_techniques/T1059.001/encoded_powershell/windows-sysmon.log,a429a13a4dd643ffb8edbe7227f16cbcef0a1db9f6be1b82f7f70d61b0459320,false,Execution,none,raw Computer/IpAddress/User fields,
2021-01-19T13:28:20.839+0000,2021-01-19T13:28:20.839+0000,1,Microsoft-Windows-Sysmon/Operational,ict3214:attack_trace,PS-HOST-01,,,NT AUTHORITY\SYSTEM,C:\Program Files\SplunkUniversalForwarder\bin\splunk-regmon.exe,C:\Program Files\SplunkUniversalForwarder\bin\splunkd.exe,"""C:\Program Files\SplunkUniversalForwarder\bin\splunk-regmon.exe""",,,,,,,,{E983936C-DE74-6006-A309-00000000A301},7980,,,,,,T1059.001,PowerShell,Execution,TRACE-PS-01,powershell,https://raw.githubusercontent.com/splunk/attack_data/master/datasets/attack_techniques/T1059.001/encoded_powershell/windows-sysmon.log,e176bebd2b223310fac8b66809fc39a6e45958d726819c2eefdec48860af7c87,false,Execution,none,raw Computer/IpAddress/User fields,{E983936C-B438-6006-B400-00000000A301}
2021-01-19T13:28:20.840+0000,2021-01-19T13:28:20.840+0000,10,Microsoft-Windows-Sysmon/Operational,ict3214:attack_trace,PS-HOST-01,,,,,,,C:\Windows\sysmon64.exe,C:\Windows\system32\svchost.exe,0x1400,,,,,,,{E983936C-B38F-6006-0C00-00000000A301},592,{E983936C-B3A0-6006-3100-00000000A301},2052,,T1059.001,PowerShell,Execution,TRACE-PS-01,powershell,https://raw.githubusercontent.com/splunk/attack_data/master/datasets/attack_techniques/T1059.001/encoded_powershell/windows-sysmon.log,102459f2688f5268ec86d169578592563fa0a3ef4fcd0ec85231735a9fc4cf89,false,Execution,none,raw Computer/IpAddress/User fields,
2021-01-19T13:28:20.840+0000,2021-01-19T13:28:20.840+0000,10,Microsoft-Windows-Sysmon/Operational,ict3214:attack_trace,PS-HOST-01,,,,,,,C:\Windows\sysmon64.exe,C:\Windows\system32\svchost.exe,0x1400,,,,,,,{E983936C-B38F-6006-0C00-00000000A301},592,{E983936C-B3A0-6006-3100-00000000A301},2052,,T1059.001,PowerShell,Execution,TRACE-PS-01,powershell,https://raw.githubusercontent.com/splunk/attack_data/master/datasets/attack_techniques/T1059.001/encoded_powershell/windows-sysmon.log,3e78514e242d9e2648042ba5a19eb065b5610b455c9f87be29ca2350a44d7e15,false,Execution,none,raw Computer/IpAddress/User fields,
2021-01-19T13:28:20.840+0000,2021-01-19T13:28:20.840+0000,10,Microsoft-Windows-Sysmon/Operational,ict3214:attack_trace,PS-HOST-01,,,,,,,C:\Windows\sysmon64.exe,C:\Windows\system32\svchost.exe,0x1400,,,,,,,{E983936C-B38F-6006-0C00-00000000A301},592,{E983936C-B3A0-6006-3100-00000000A301},2052,,T1059.001,PowerShell,Execution,TRACE-PS-01,powershell,https://raw.githubusercontent.com/splunk/attack_data/master/datasets/attack_techniques/T1059.001/encoded_powershell/windows-sysmon.log,aba409ee901b0749241d10082b12f5a48f2d40f00247160f7da1977873984873,false,Execution,none,raw Computer/IpAddress/User fields,
2021-01-19T13:28:20.840+0000,2021-01-19T13:28:20.840+0000,10,Microsoft-Windows-Sysmon/Operational,ict3214:attack_trace,PS-HOST-01,,,,,,,C:\Windows\sysmon64.exe,C:\Windows\system32\svchost.exe,0x1400,,,,,,,{E983936C-B38F-6006-0C00-00000000A301},592,{E983936C-B3A0-6006-3100-00000000A301},2052,,T1059.001,PowerShell,Execution,TRACE-PS-01,powershell,https://raw.githubusercontent.com/splunk/attack_data/master/datasets/attack_techniques/T1059.001/encoded_powershell/windows-sysmon.log,c4fa92445a4ea1b9277d9a2e36cd143cd15156f57cc7cb1e43f408577b5ec072,false,Execution,none,raw Computer/IpAddress/User fields,
2021-01-19T13:28:20.841+0000,2021-01-19T13:28:20.841+0000,10,Microsoft-Windows-Sysmon/Operational,ict3214:attack_trace,PS-HOST-01,,,,,,,C:\Program Files\SplunkUniversalForwarder\bin\splunk-regmon.exe,C:\Windows\system32\conhost.exe,0x1fffff,,,,,,,{E983936C-B439-6006-B800-00000000A301},4284,{E983936C-DE74-6006-A309-00000000A301},7980,,T1059.001,PowerShell,Execution,TRACE-PS-01,powershell,https://raw.githubusercontent.com/splunk/attack_data/master/datasets/attack_techniques/T1059.001/encoded_powershell/windows-sysmon.log,eb6711f3385c0079062cba55d60c32cf2c952e8299bedbb45342eb11bc5ef31f,false,Execution,none,raw Computer/IpAddress/User fields,
2021-01-19T13:28:20.855+0000,2021-01-19T13:28:20.855+0000,10,Microsoft-Windows-Sysmon/Operational,ict3214:attack_trace,PS-HOST-01,,,,,,,C:\Program Files\Mozilla Firefox\firefox.exe,C:\Windows\Explorer.EXE,0x40,,,,,,,{E983936C-CCDD-6006-4607-00000000A301},5080,{E983936C-CD5C-6006-8407-00000000A301},6812,,T1059.001,PowerShell,Execution,TRACE-PS-01,powershell,https://raw.githubusercontent.com/splunk/attack_data/master/datasets/attack_techniques/T1059.001/encoded_powershell/windows-sysmon.log,65af25530f7ade7db39ef144fecea54928cba0b500d92bab32a487622e51bc80,false,Execution,none,raw Computer/IpAddress/User fields,
2021-01-19T13:28:20.855+0000,2021-01-19T13:28:20.855+0000,10,Microsoft-Windows-Sysmon/Operational,ict3214:attack_trace,PS-HOST-01,,,,,,,C:\Program Files\Mozilla Firefox\firefox.exe,C:\Windows\Explorer.EXE,0x40,,,,,,,{E983936C-CCDD-6006-4607-00000000A301},5080,{E983936C-CD5C-6006-8407-00000000A301},6812,,T1059.001,PowerShell,Execution,TRACE-PS-01,powershell,https://raw.githubusercontent.com/splunk/attack_data/master/datasets/attack_techniques/T1059.001/encoded_powershell/windows-sysmon.log,6fbf1f2929c886856b8bb8f0c117acabdffbef9b2cceb6befaa57e63264fe5ef,false,Execution,none,raw Computer/IpAddress/User fields,
2021-01-19T13:28:20.998+0000,2021-01-19T13:28:20.998+0000,10,Microsoft-Windows-Sysmon/Operational,ict3214:attack_trace,PS-HOST-01,,,,,,,C:\Program Files\SplunkUniversalForwarder\bin\splunkd.exe,C:\Program Files\SplunkUniversalForwarder\bin\splunk-regmon.exe,0x101400,,,,,,,{E983936C-DE74-6006-A309-00000000A301},7980,{E983936C-B438-6006-B400-00000000A301},4412,,T1059.001,PowerShell,Execution,TRACE-PS-01,powershell,https://raw.githubusercontent.com/splunk/attack_data/master/datasets/attack_techniques/T1059.001/encoded_powershell/windows-sysmon.log,1961c684a3160b44f325096b179a55041efd9d5847a716259a5c3018c112028e,false,Execution,none,raw Computer/IpAddress/User fields,
2021-01-19T13:28:21.496+0000,2021-01-19T13:28:21.496+0000,1,Microsoft-Windows-Sysmon/Operational,ict3214:attack_trace,PS-HOST-01,,,NT AUTHORITY\SYSTEM,C:\Program Files\SplunkUniversalForwarder\bin\splunk-netmon.exe,C:\Program Files\SplunkUniversalForwarder\bin\splunkd.exe,"""C:\Program Files\SplunkUniversalForwarder\bin\splunk-netmon.exe""",,,,,,,,{E983936C-DE75-6006-A409-00000000A301},7108,,,,,,T1059.001,PowerShell,Execution,TRACE-PS-01,powershell,https://raw.githubusercontent.com/splunk/attack_data/master/datasets/attack_techniques/T1059.001/encoded_powershell/windows-sysmon.log,0598e0c1187f411de83fc06756ad0a3eb22aa5336ca74dc9e7c6956ed068f4db,false,Execution,none,raw Computer/IpAddress/User fields,{E983936C-B438-6006-B400-00000000A301}
2021-01-19T13:28:21.496+0000,2021-01-19T13:28:21.496+0000,10,Microsoft-Windows-Sysmon/Operational,ict3214:attack_trace,PS-HOST-01,,,,,,,C:\Windows\sysmon64.exe,C:\Windows\system32\svchost.exe,0x1400,,,,,,,{E983936C-B38F-6006-0C00-00000000A301},592,{E983936C-B3A0-6006-3100-00000000A301},2052,,T1059.001,PowerShell,Execution,TRACE-PS-01,powershell,https://raw.githubusercontent.com/splunk/attack_data/master/datasets/attack_techniques/T1059.001/encoded_powershell/windows-sysmon.log,3588ab387fc198ceb25fe0bf6e2f33f974fa18ff848d90e9aa6e37616c1539ce,false,Execution,none,raw Computer/IpAddress/User fields,
2021-01-19T13:28:21.496+0000,2021-01-19T13:28:21.496+0000,10,Microsoft-Windows-Sysmon/Operational,ict3214:attack_trace,PS-HOST-01,,,,,,,C:\Windows\sysmon64.exe,C:\Windows\system32\svchost.exe,0x1400,,,,,,,{E983936C-B38F-6006-0C00-00000000A301},592,{E983936C-B3A0-6006-3100-00000000A301},2052,,T1059.001,PowerShell,Execution,TRACE-PS-01,powershell,https://raw.githubusercontent.com/splunk/attack_data/master/datasets/attack_techniques/T1059.001/encoded_powershell/windows-sysmon.log,35c02a6de4657758bf5c5386979a3f98aa72786f9f9c90dff598c22494aa9eee,false,Execution,none,raw Computer/IpAddress/User fields,
2021-01-19T13:28:21.496+0000,2021-01-19T13:28:21.496+0000,10,Microsoft-Windows-Sysmon/Operational,ict3214:attack_trace,PS-HOST-01,,,,,,,C:\Windows\sysmon64.exe,C:\Windows\system32\svchost.exe,0x1400,,,,,,,{E983936C-B38F-6006-0C00-00000000A301},592,{E983936C-B3A0-6006-3100-00000000A301},2052,,T1059.001,PowerShell,Execution,TRACE-PS-01,powershell,https://raw.githubusercontent.com/splunk/attack_data/master/datasets/attack_techniques/T1059.001/encoded_powershell/windows-sysmon.log,445236d4283a32debe52ee16c8293513b18ac55e170e2d4b5667b3ff3393e254,false,Execution,none,raw Computer/IpAddress/User fields,
2021-01-19T13:28:21.496+0000,2021-01-19T13:28:21.496+0000,10,Microsoft-Windows-Sysmon/Operational,ict3214:attack_trace,PS-HOST-01,,,,,,,C:\Program Files\SplunkUniversalForwarder\bin\splunk-netmon.exe,C:\Program Files\SplunkUniversalForwarder\bin\splunkd.exe,0x1fffff,,,,,,,{E983936C-B438-6006-B400-00000000A301},4412,{E983936C-DE75-6006-A409-00000000A301},7108,,T1059.001,PowerShell,Execution,TRACE-PS-01,powershell,https://raw.githubusercontent.com/splunk/attack_data/master/datasets/attack_techniques/T1059.001/encoded_powershell/windows-sysmon.log,d687f82b3ae84cd396751129076310489837c940ad5dbbe06793dd24d810a8b2,false,Execution,none,raw Computer/IpAddress/User fields,
2021-01-19T13:28:21.496+0000,2021-01-19T13:28:21.496+0000,10,Microsoft-Windows-Sysmon/Operational,ict3214:attack_trace,PS-HOST-01,,,,,,,C:\Program Files\SplunkUniversalForwarder\bin\splunk-netmon.exe,C:\Windows\system32\csrss.exe,0x1fffff,,,,,,,{E983936C-B38D-6006-0500-00000000A301},636,{E983936C-DE75-6006-A409-00000000A301},7108,,T1059.001,PowerShell,Execution,TRACE-PS-01,powershell,https://raw.githubusercontent.com/splunk/attack_data/master/datasets/attack_techniques/T1059.001/encoded_powershell/windows-sysmon.log,db1c84e4644f610c2f9ff7effc9650b2b0defaad50ac71d25e60e58c414c6131,false,Execution,none,raw Computer/IpAddress/User fields,
2021-01-19T13:28:21.496+0000,2021-01-19T13:28:21.496+0000,10,Microsoft-Windows-Sysmon/Operational,ict3214:attack_trace,PS-HOST-01,,,,,,,C:\Windows\sysmon64.exe,C:\Windows\system32\svchost.exe,0x1400,,,,,,,{E983936C-B38F-6006-0C00-00000000A301},592,{E983936C-B3A0-6006-3100-00000000A301},2052,,T1059.001,PowerShell,Execution,TRACE-PS-01,powershell,https://raw.githubusercontent.com/splunk/attack_data/master/datasets/attack_techniques/T1059.001/encoded_powershell/windows-sysmon.log,f0decc2842b1c4e43c8afffbbfc857483d8b94e225b9733921ae3c68c892c850,false,Execution,none,raw Computer/IpAddress/User fields,
2021-01-19T13:28:21.497+0000,2021-01-19T13:28:21.497+0000,10,Microsoft-Windows-Sysmon/Operational,ict3214:attack_trace,PS-HOST-01,,,,,,,C:\Program Files\SplunkUniversalForwarder\bin\splunk-netmon.exe,C:\Windows\system32\conhost.exe,0x1fffff,,,,,,,{E983936C-B439-6006-B800-00000000A301},4284,{E983936C-DE75-6006-A409-00000000A301},7108,,T1059.001,PowerShell,Execution,TRACE-PS-01,powershell,https://raw.githubusercontent.com/splunk/attack_data/master/datasets/attack_techniques/T1059.001/encoded_powershell/windows-sysmon.log,0403cdfae67ffbf1740c6e6bc81d74cdcd3ce2fc6bc6d04718363ab4f3fe42ea,false,Execution,none,raw Computer/IpAddress/User fields,
2021-01-19T13:28:21.820+0000,2021-01-19T13:28:21.820+0000,10,Microsoft-Windows-Sysmon/Operational,ict3214:attack_trace,PS-HOST-01,,,,,,,C:\Program Files\Mozilla Firefox\firefox.exe,C:\Windows\system32\svchost.exe,0x1000,,,,,,,{E983936C-B38F-6006-0D00-00000000A301},992,{E983936C-CD5C-6006-8407-00000000A301},6812,,T1059.001,PowerShell,Execution,TRACE-PS-01,powershell,https://raw.githubusercontent.com/splunk/attack_data/master/datasets/attack_techniques/T1059.001/encoded_powershell/windows-sysmon.log,34a6ddc3d976942128eae32f3b5e0cd09ca998735f2df748c33fbd89b002bbf6,false,Execution,none,raw Computer/IpAddress/User fields,
2021-01-19T13:28:21.820+0000,2021-01-19T13:28:21.820+0000,10,Microsoft-Windows-Sysmon/Operational,ict3214:attack_trace,PS-HOST-01,,,,,,,C:\Windows\system32\svchost.exe,C:\Windows\system32\svchost.exe,0x1000,,,,,,,{E983936C-B38F-6006-0D00-00000000A301},992,{E983936C-B3A0-6006-3000-00000000A301},2668,,T1059.001,PowerShell,Execution,TRACE-PS-01,powershell,https://raw.githubusercontent.com/splunk/attack_data/master/datasets/attack_techniques/T1059.001/encoded_powershell/windows-sysmon.log,caf0ce1abfb36d02b87176fd047d2175e16f6e3726298677c0cc8746bff60d4a,false,Execution,none,raw Computer/IpAddress/User fields,
2021-01-19T13:28:22.167+0000,2021-01-19T13:28:22.167+0000,10,Microsoft-Windows-Sysmon/Operational,ict3214:attack_trace,PS-HOST-01,,,,,,,C:\Windows\sysmon64.exe,C:\Windows\system32\svchost.exe,0x1400,,,,,,,{E983936C-B38F-6006-0C00-00000000A301},592,{E983936C-B3A0-6006-3100-00000000A301},2052,,T1059.001,PowerShell,Execution,TRACE-PS-01,powershell,https://raw.githubusercontent.com/splunk/attack_data/master/datasets/attack_techniques/T1059.001/encoded_powershell/windows-sysmon.log,4d50423df7087c95f172ada8b7363d2184d6718eead8b252254151810c3de6f3,false,Execution,none,raw Computer/IpAddress/User fields,
2021-01-19T13:28:22.167+0000,2021-01-19T13:28:22.167+0000,10,Microsoft-Windows-Sysmon/Operational,ict3214:attack_trace,PS-HOST-01,,,,,,,C:\Program Files\SplunkUniversalForwarder\bin\splunk-MonitorNoHandle.exe,C:\Windows\system32\csrss.exe,0x1fffff,,,,,,,{E983936C-B38D-6006-0500-00000000A301},636,{E983936C-DE76-6006-A509-00000000A301},6052,,T1059.001,PowerShell,Execution,TRACE-PS-01,powershell,https://raw.githubusercontent.com/splunk/attack_data/master/datasets/attack_techniques/T1059.001/encoded_powershell/windows-sysmon.log,830947b9edd90fc5a078e2f6d14e76d58c33ec18a5907ad971c9813357e48f5c,false,Execution,none,raw Computer/IpAddress/User fields,
2021-01-19T13:28:22.167+0000,2021-01-19T13:28:22.167+0000,10,Microsoft-Windows-Sysmon/Operational,ict3214:attack_trace,PS-HOST-01,,,,,,,C:\Windows\sysmon64.exe,C:\Windows\system32\svchost.exe,0x1400,,,,,,,{E983936C-B38F-6006-0C00-00000000A301},592,{E983936C-B3A0-6006-3100-00000000A301},2052,,T1059.001,PowerShell,Execution,TRACE-PS-01,powershell,https://raw.githubusercontent.com/splunk/attack_data/master/datasets/attack_techniques/T1059.001/encoded_powershell/windows-sysmon.log,8cb64ccdd80bec2f7a3c700912461340c17e3aad9ae2b4cf9d604645bb74a587,false,Execution,none,raw Computer/IpAddress/User fields,
2021-01-19T13:28:22.167+0000,2021-01-19T13:28:22.167+0000,10,Microsoft-Windows-Sysmon/Operational,ict3214:attack_trace,PS-HOST-01,,,,,,,C:\Windows\sysmon64.exe,C:\Windows\system32\svchost.exe,0x1400,,,,,,,{E983936C-B38F-6006-0C00-00000000A301},592,{E983936C-B3A0-6006-3100-00000000A301},2052,,T1059.001,PowerShell,Execution,TRACE-PS-01,powershell,https://raw.githubusercontent.com/splunk/attack_data/master/datasets/attack_techniques/T1059.001/encoded_powershell/windows-sysmon.log,a45f14cda612cebd2475171de05b27ef4479a2923354c9c772b9cf8d05e090fd,false,Execution,none,raw Computer/IpAddress/User fields,
2021-01-19T13:28:22.167+0000,2021-01-19T13:28:22.167+0000,10,Microsoft-Windows-Sysmon/Operational,ict3214:attack_trace,PS-HOST-01,,,,,,,C:\Windows\sysmon64.exe,C:\Windows\system32\svchost.exe,0x1400,,,,,,,{E983936C-B38F-6006-0C00-00000000A301},592,{E983936C-B3A0-6006-3100-00000000A301},2052,,T1059.001,PowerShell,Execution,TRACE-PS-01,powershell,https://raw.githubusercontent.com/splunk/attack_data/master/datasets/attack_techniques/T1059.001/encoded_powershell/windows-sysmon.log,a8c81f90163c745f50176a0eff9934f4562c89c53a2fc81c3181a248283575a1,false,Execution,none,raw Computer/IpAddress/User fields,
2021-01-19T13:28:22.167+0000,2021-01-19T13:28:22.167+0000,1,Microsoft-Windows-Sysmon/Operational,ict3214:attack_trace,PS-HOST-01,,,NT AUTHORITY\SYSTEM,C:\Program Files\SplunkUniversalForwarder\bin\splunk-MonitorNoHandle.exe,C:\Program Files\SplunkUniversalForwarder\bin\splunkd.exe,"""C:\Program Files\SplunkUniversalForwarder\bin\splunk-MonitorNoHandle.exe""",,,,,,,,{E983936C-DE76-6006-A509-00000000A301},6052,,,,,,T1059.001,PowerShell,Execution,TRACE-PS-01,powershell,https://raw.githubusercontent.com/splunk/attack_data/master/datasets/attack_techniques/T1059.001/encoded_powershell/windows-sysmon.log,c3a5ac3b9b2c846d0b8e9bf0ceb6ad39f29004db165695354c6c00880a9087b1,false,Execution,none,raw Computer/IpAddress/User fields,{E983936C-B438-6006-B400-00000000A301}
2021-01-19T13:28:22.167+0000,2021-01-19T13:28:22.167+0000,10,Microsoft-Windows-Sysmon/Operational,ict3214:attack_trace,PS-HOST-01,,,,,,,C:\Program Files\SplunkUniversalForwarder\bin\splunk-MonitorNoHandle.exe,C:\Program Files\SplunkUniversalForwarder\bin\splunkd.exe,0x1fffff,,,,,,,{E983936C-B438-6006-B400-00000000A301},4412,{E983936C-DE76-6006-A509-00000000A301},6052,,T1059.001,PowerShell,Execution,TRACE-PS-01,powershell,https://raw.githubusercontent.com/splunk/attack_data/master/datasets/attack_techniques/T1059.001/encoded_powershell/windows-sysmon.log,d0e00855c833d3388f038a53d03ec702342cdf889fcf785cfd9f8b686cb0b248,false,Execution,none,raw Computer/IpAddress/User fields,
2021-01-19T13:28:22.168+0000,2021-01-19T13:28:22.168+0000,10,Microsoft-Windows-Sysmon/Operational,ict3214:attack_trace,PS-HOST-01,,,,,,,C:\Program Files\SplunkUniversalForwarder\bin\splunk-MonitorNoHandle.exe,C:\Windows\system32\conhost.exe,0x1fffff,,,,,,,{E983936C-B439-6006-B800-00000000A301},4284,{E983936C-DE76-6006-A509-00000000A301},6052,,T1059.001,PowerShell,Execution,TRACE-PS-01,powershell,https://raw.githubusercontent.com/splunk/attack_data/master/datasets/attack_techniques/T1059.001/encoded_powershell/windows-sysmon.log,f7cdf6890d31d35ed1349deb3f94b3384d11e28e40fa4ba4a80cbdee3822241e,false,Execution,none,raw Computer/IpAddress/User fields,
2021-01-19T13:28:22.414+0000,2021-01-19T13:28:22.414+0000,10,Microsoft-Windows-Sysmon/Operational,ict3214:attack_trace,PS-HOST-01,,,,,,,C:\Windows\Explorer.EXE,C:\Windows\system32\svchost.exe,0x1000,,,,,,,{E983936C-B38F-6006-0D00-00000000A301},992,{E983936C-CCDD-6006-4607-00000000A301},5080,,T1059.001,PowerShell,Execution,TRACE-PS-01,powershell,https://raw.githubusercontent.com/splunk/attack_data/master/datasets/attack_techniques/T1059.001/encoded_powershell/windows-sysmon.log,208d2b8a3fa38fac14760bc7da506062e2fb50857d8067a8f9735b2e522a54f6,false,Execution,none,raw Computer/IpAddress/User fields,
2021-01-19T13:28:22.414+0000,2021-01-19T13:28:22.414+0000,10,Microsoft-Windows-Sysmon/Operational,ict3214:attack_trace,PS-HOST-01,,,,,,,C:\Windows\Explorer.EXE,C:\Windows\system32\svchost.exe,0x1000,,,,,,,{E983936C-B38F-6006-0D00-00000000A301},992,{E983936C-CCDD-6006-4607-00000000A301},5080,,T1059.001,PowerShell,Execution,TRACE-PS-01,powershell,https://raw.githubusercontent.com/splunk/attack_data/master/datasets/attack_techniques/T1059.001/encoded_powershell/windows-sysmon.log,26065cadc73a9db83ffbb5c5d9a7747d5c60ee6c346cec32d1f266a5735fde83,false,Execution,none,raw Computer/IpAddress/User fields,
2021-01-19T13:28:22.414+0000,2021-01-19T13:28:22.414+0000,10,Microsoft-Windows-Sysmon/Operational,ict3214:attack_trace,PS-HOST-01,,,,,,,C:\Windows\Explorer.EXE,C:\Windows\system32\svchost.exe,0x1000,,,,,,,{E983936C-B38F-6006-0D00-00000000A301},992,{E983936C-CCDD-6006-4607-00000000A301},5080,,T1059.001,PowerShell,Execution,TRACE-PS-01,powershell,https://raw.githubusercontent.com/splunk/attack_data/master/datasets/attack_techniques/T1059.001/encoded_powershell/windows-sysmon.log,2de81ab3fe837c8a8ee9fde7e62850c9dbc4dc108bd111c1f6427a866e8dd732,false,Execution,none,raw Computer/IpAddress/User fields,
2021-01-19T13:28:22.414+0000,2021-01-19T13:28:22.414+0000,10,Microsoft-Windows-Sysmon/Operational,ict3214:attack_trace,PS-HOST-01,,,,,,,C:\Windows\Explorer.EXE,C:\Windows\system32\svchost.exe,0x1000,,,,,,,{E983936C-B38F-6006-0D00-00000000A301},992,{E983936C-CCDD-6006-4607-00000000A301},5080,,T1059.001,PowerShell,Execution,TRACE-PS-01,powershell,https://raw.githubusercontent.com/splunk/attack_data/master/datasets/attack_techniques/T1059.001/encoded_powershell/windows-sysmon.log,46c23efdde15301fb64940a20548db5b58e12f201af43efb293691a57e684750,false,Execution,none,raw Computer/IpAddress/User fields,
2021-01-19T13:28:22.414+0000,2021-01-19T13:28:22.414+0000,10,Microsoft-Windows-Sysmon/Operational,ict3214:attack_trace,PS-HOST-01,,,,,,,C:\Windows\Explorer.EXE,C:\Windows\system32\svchost.exe,0x1000,,,,,,,{E983936C-B38F-6006-0D00-00000000A301},992,{E983936C-CCDD-6006-4607-00000000A301},5080,,T1059.001,PowerShell,Execution,TRACE-PS-01,powershell,https://raw.githubusercontent.com/splunk/attack_data/master/datasets/attack_techniques/T1059.001/encoded_powershell/windows-sysmon.log,490a1afc05bfaea7b0f8d7fecc19b815ddcfddbd4c27b709cd629730529517be,false,Execution,none,raw Computer/IpAddress/User fields,
2021-01-19T13:28:22.414+0000,2021-01-19T13:28:22.414+0000,10,Microsoft-Windows-Sysmon/Operational,ict3214:attack_trace,PS-HOST-01,,,,,,,C:\Windows\Explorer.EXE,C:\Windows\system32\svchost.exe,0x1000,,,,,,,{E983936C-B38F-6006-0D00-00000000A301},992,{E983936C-CCDD-6006-4607-00000000A301},5080,,T1059.001,PowerShell,Execution,TRACE-PS-01,powershell,https://raw.githubusercontent.com/splunk/attack_data/master/datasets/attack_techniques/T1059.001/encoded_powershell/windows-sysmon.log,c01a2f14685d9715f28497e9e8d9f34935e1f9b853e42ecb057cdf231cb273ea,false,Execution,none,raw Computer/IpAddress/User fields,
2021-01-19T13:28:22.414+0000,2021-01-19T13:28:22.414+0000,10,Microsoft-Windows-Sysmon/Operational,ict3214:attack_trace,PS-HOST-01,,,,,,,C:\Windows\Explorer.EXE,C:\Windows\system32\svchost.exe,0x1000,,,,,,,{E983936C-B38F-6006-0D00-00000000A301},992,{E983936C-CCDD-6006-4607-00000000A301},5080,,T1059.001,PowerShell,Execution,TRACE-PS-01,powershell,https://raw.githubusercontent.com/splunk/attack_data/master/datasets/attack_techniques/T1059.001/encoded_powershell/windows-sysmon.log,dcff14c34d03b0bad00a6b4c1caf3c2fb8528cf82dfc63e44480f9dd079645a9,false,Execution,none,raw Computer/IpAddress/User fields,
2021-01-19T13:28:22.414+0000,2021-01-19T13:28:22.414+0000,10,Microsoft-Windows-Sysmon/Operational,ict3214:attack_trace,PS-HOST-01,,,,,,,C:\Windows\Explorer.EXE,C:\Windows\system32\svchost.exe,0x1000,,,,,,,{E983936C-B38F-6006-0D00-00000000A301},992,{E983936C-CCDD-6006-4607-00000000A301},5080,,T1059.001,PowerShell,Execution,TRACE-PS-01,powershell,https://raw.githubusercontent.com/splunk/attack_data/master/datasets/attack_techniques/T1059.001/encoded_powershell/windows-sysmon.log,e1e733b78ae09cf2c0b725857f9a6d07daa16f5e3ee0aca74c716d46ae65cc75,false,Execution,none,raw Computer/IpAddress/User fields,
2021-01-19T13:28:22.415+0000,2021-01-19T13:28:22.415+0000,10,Microsoft-Windows-Sysmon/Operational,ict3214:attack_trace,PS-HOST-01,,,,,,,C:\Windows\SystemApps\ShellExperienceHost_cw5n1h2txyewy\ShellExperienceHost.exe,C:\Windows\system32\svchost.exe,0x1000,,,,,,,{E983936C-B38F-6006-0D00-00000000A301},992,{E983936C-CCEA-6006-5B07-00000000A301},5624,,T1059.001,PowerShell,Execution,TRACE-PS-01,powershell,https://raw.githubusercontent.com/splunk/attack_data/master/datasets/attack_techniques/T1059.001/encoded_powershell/windows-sysmon.log,0086acc84337824544af7f5b08d1bc86379be2b735e354fa34de5488e47c304a,false,Execution,none,raw Computer/IpAddress/User fields,
2021-01-19T13:28:22.415+0000,2021-01-19T13:28:22.415+0000,10,Microsoft-Windows-Sysmon/Operational,ict3214:attack_trace,PS-HOST-01,,,,,,,C:\Windows\Explorer.EXE,C:\Windows\system32\svchost.exe,0x1000,,,,,,,{E983936C-B38F-6006-0D00-00000000A301},992,{E983936C-CCDD-6006-4607-00000000A301},5080,,T1059.001,PowerShell,Execution,TRACE-PS-01,powershell,https://raw.githubusercontent.com/splunk/attack_data/master/datasets/attack_techniques/T1059.001/encoded_powershell/windows-sysmon.log,09bc0f25e00b7658f8e40f57b5f9f6ad9c8cce07bb35c0377f32f6eded0c3a1c,false,Execution,none,raw Computer/IpAddress/User fields,
2021-01-19T13:28:22.415+0000,2021-01-19T13:28:22.415+0000,10,Microsoft-Windows-Sysmon/Operational,ict3214:attack_trace,PS-HOST-01,,,,,,,C:\Windows\SystemApps\ShellExperienceHost_cw5n1h2txyewy\ShellExperienceHost.exe,C:\Windows\system32\svchost.exe,0x1000,,,,,,,{E983936C-B38F-6006-0D00-00000000A301},992,{E983936C-CCEA-6006-5B07-00000000A301},5624,,T1059.001,PowerShell,Execution,TRACE-PS-01,powershell,https://raw.githubusercontent.com/splunk/attack_data/master/datasets/attack_techniques/T1059.001/encoded_powershell/windows-sysmon.log,0cb6fd17ed6b7b604db99744a3ef324c16478a5c8f160eca96b5ec6d56dccc8c,false,Execution,none,raw Computer/IpAddress/User fields,
2021-01-19T13:28:22.415+0000,2021-01-19T13:28:22.415+0000,10,Microsoft-Windows-Sysmon/Operational,ict3214:attack_trace,PS-HOST-01,,,,,,,C:\Windows\Explorer.EXE,C:\Windows\system32\svchost.exe,0x1000,,,,,,,{E983936C-B38F-6006-0D00-00000000A301},992,{E983936C-CCDD-6006-4607-00000000A301},5080,,T1059.001,PowerShell,Execution,TRACE-PS-01,powershell,https://raw.githubusercontent.com/splunk/attack_data/master/datasets/attack_techniques/T1059.001/encoded_powershell/windows-sysmon.log,0cc6dbb63a6920332378aef713c79998c4a0aa2c62fc0cc4a64c5969788af11e,false,Execution,none,raw Computer/IpAddress/User fields,
2021-01-19T13:28:22.415+0000,2021-01-19T13:28:22.415+0000,10,Microsoft-Windows-Sysmon/Operational,ict3214:attack_trace,PS-HOST-01,,,,,,,C:\Windows\SystemApps\ShellExperienceHost_cw5n1h2txyewy\ShellExperienceHost.exe,C:\Windows\system32\svchost.exe,0x1000,,,,,,,{E983936C-B38F-6006-0D00-00000000A301},992,{E983936C-CCEA-6006-5B07-00000000A301},5624,,T1059.001,PowerShell,Execution,TRACE-PS-01,powershell,https://raw.githubusercontent.com/splunk/attack_data/master/datasets/attack_techniques/T1059.001/encoded_powershell/windows-sysmon.log,12221a7ad818f075cce81a675688526ebffd9d7182ad3184bdb5e385a5323a2b,false,Execution,none,raw Computer/IpAddress/User fields,
2021-01-19T13:28:22.415+0000,2021-01-19T13:28:22.415+0000,10,Microsoft-Windows-Sysmon/Operational,ict3214:attack_trace,PS-HOST-01,,,,,,,C:\Windows\SystemApps\ShellExperienceHost_cw5n1h2txyewy\ShellExperienceHost.exe,C:\Windows\system32\svchost.exe,0x1000,,,,,,,{E983936C-B38F-6006-0D00-00000000A301},992,{E983936C-CCEA-6006-5B07-00000000A301},5624,,T1059.001,PowerShell,Execution,TRACE-PS-01,powershell,https://raw.githubusercontent.com/splunk/attack_data/master/datasets/attack_techniques/T1059.001/encoded_powershell/windows-sysmon.log,1f1752fca58fe6d1936436dfedc23c891621b21209e3c45ef142508abd99c185,false,Execution,none,raw Computer/IpAddress/User fields,
2021-01-19T13:28:22.415+0000,2021-01-19T13:28:22.415+0000,10,Microsoft-Windows-Sysmon/Operational,ict3214:attack_trace,PS-HOST-01,,,,,,,C:\Windows\Explorer.EXE,C:\Windows\system32\svchost.exe,0x1000,,,,,,,{E983936C-B38F-6006-0D00-00000000A301},992,{E983936C-CCDD-6006-4607-00000000A301},5080,,T1059.001,PowerShell,Execution,TRACE-PS-01,powershell,https://raw.githubusercontent.com/splunk/attack_data/master/datasets/attack_techniques/T1059.001/encoded_powershell/windows-sysmon.log,2d8f9a8e1807725aa00651921e149feccdd4e45b73fbe31d918e813fc6b18573,false,Execution,none,raw Computer/IpAddress/User fields,
2021-01-19T13:28:22.415+0000,2021-01-19T13:28:22.415+0000,10,Microsoft-Windows-Sysmon/Operational,ict3214:attack_trace,PS-HOST-01,,,,,,,C:\Windows\SystemApps\ShellExperienceHost_cw5n1h2txyewy\ShellExperienceHost.exe,C:\Windows\system32\svchost.exe,0x1000,,,,,,,{E983936C-B38F-6006-0D00-00000000A301},992,{E983936C-CCEA-6006-5B07-00000000A301},5624,,T1059.001,PowerShell,Execution,TRACE-PS-01,powershell,https://raw.githubusercontent.com/splunk/attack_data/master/datasets/attack_techniques/T1059.001/encoded_powershell/windows-sysmon.log,2ef997821288a2625a48a5543fc2f545e4beca9c72cf92bf11be5684f04519f5,false,Execution,none,raw Computer/IpAddress/User fields,
2021-01-19T13:28:22.415+0000,2021-01-19T13:28:22.415+0000,10,Microsoft-Windows-Sysmon/Operational,ict3214:attack_trace,PS-HOST-01,,,,,,,C:\Windows\SystemApps\ShellExperienceHost_cw5n1h2txyewy\ShellExperienceHost.exe,C:\Windows\system32\svchost.exe,0x1000,,,,,,,{E983936C-B38F-6006-0D00-00000000A301},992,{E983936C-CCEA-6006-5B07-00000000A301},5624,,T1059.001,PowerShell,Execution,TRACE-PS-01,powershell,https://raw.githubusercontent.com/splunk/attack_data/master/datasets/attack_techniques/T1059.001/encoded_powershell/windows-sysmon.log,46db8086a8c4d587239acf4b85455b56988370b0c72931b20bdff8cdf3259241,false,Execution,none,raw Computer/IpAddress/User fields,
2021-01-19T13:28:22.415+0000,2021-01-19T13:28:22.415+0000,10,Microsoft-Windows-Sysmon/Operational,ict3214:attack_trace,PS-HOST-01,,,,,,,C:\Windows\Explorer.EXE,C:\Windows\system32\svchost.exe,0x1000,,,,,,,{E983936C-B38F-6006-0D00-00000000A301},992,{E983936C-CCDD-6006-4607-00000000A301},5080,,T1059.001,PowerShell,Execution,TRACE-PS-01,powershell,https://raw.githubusercontent.com/splunk/attack_data/master/datasets/attack_techniques/T1059.001/encoded_powershell/windows-sysmon.log,6f52c4978ff0e010cdaf81eccac9c8c606cb78ac024339b6bb22ca9bf07d13b1,false,Execution,none,raw Computer/IpAddress/User fields,
2021-01-19T13:28:22.415+0000,2021-01-19T13:28:22.415+0000,10,Microsoft-Windows-Sysmon/Operational,ict3214:attack_trace,PS-HOST-01,,,,,,,C:\Windows\Explorer.EXE,C:\Windows\system32\svchost.exe,0x1000,,,,,,,{E983936C-B38F-6006-0D00-00000000A301},992,{E983936C-CCDD-6006-4607-00000000A301},5080,,T1059.001,PowerShell,Execution,TRACE-PS-01,powershell,https://raw.githubusercontent.com/splunk/attack_data/master/datasets/attack_techniques/T1059.001/encoded_powershell/windows-sysmon.log,6fb48efd4846f75048d6e770bd90f6501be6304bcb7bb2fedecf82a6e542bc98,false,Execution,none,raw Computer/IpAddress/User fields,
2021-01-19T13:28:22.415+0000,2021-01-19T13:28:22.415+0000,10,Microsoft-Windows-Sysmon/Operational,ict3214:attack_trace,PS-HOST-01,,,,,,,C:\Windows\SystemApps\ShellExperienceHost_cw5n1h2txyewy\ShellExperienceHost.exe,C:\Windows\system32\svchost.exe,0x1000,,,,,,,{E983936C-B38F-6006-0D00-00000000A301},992,{E983936C-CCEA-6006-5B07-00000000A301},5624,,T1059.001,PowerShell,Execution,TRACE-PS-01,powershell,https://raw.githubusercontent.com/splunk/attack_data/master/datasets/attack_techniques/T1059.001/encoded_powershell/windows-sysmon.log,7246cc861a5f804dab4427fb87558f5e0467ecb107ad93ef94b7cd937f606893,false,Execution,none,raw Computer/IpAddress/User fields,
2021-01-19T13:28:22.415+0000,2021-01-19T13:28:22.415+0000,10,Microsoft-Windows-Sysmon/Operational,ict3214:attack_trace,PS-HOST-01,,,,,,,C:\Windows\SystemApps\Microsoft.Windows.Cortana_cw5n1h2txyewy\SearchUI.exe,C:\Windows\system32\svchost.exe,0x1000,,,,,,,{E983936C-B38F-6006-0D00-00000000A301},992,{E983936C-CCEC-6006-5C07-00000000A301},5768,,T1059.001,PowerShell,Execution,TRACE-PS-01,powershell,https://raw.githubusercontent.com/splunk/attack_data/master/datasets/attack_techniques/T1059.001/encoded_powershell/windows-sysmon.log,7a101bd094a21065fbe61e981b4c6ad5befb4bd4d48493bd692b9368d74015cc,false,Execution,none,raw Computer/IpAddress/User fields,
2021-01-19T13:28:22.415+0000,2021-01-19T13:28:22.415+0000,10,Microsoft-Windows-Sysmon/Operational,ict3214:attack_trace,PS-HOST-01,,,,,,,C:\Windows\SystemApps\Microsoft.Windows.Cortana_cw5n1h2txyewy\SearchUI.exe,C:\Windows\system32\svchost.exe,0x1000,,,,,,,{E983936C-B38F-6006-0D00-00000000A301},992,{E983936C-CCEC-6006-5C07-00000000A301},5768,,T1059.001,PowerShell,Execution,TRACE-PS-01,powershell,https://raw.githubusercontent.com/splunk/attack_data/master/datasets/attack_techniques/T1059.001/encoded_powershell/windows-sysmon.log,9bfd802e776184f3cc36804eccb94ac22f54c009a914488944963648c79ed539,false,Execution,none,raw Computer/IpAddress/User fields,
2021-01-19T13:28:22.415+0000,2021-01-19T13:28:22.415+0000,10,Microsoft-Windows-Sysmon/Operational,ict3214:attack_trace,PS-HOST-01,,,,,,,C:\Windows\Explorer.EXE,C:\Windows\system32\svchost.exe,0x1000,,,,,,,{E983936C-B38F-6006-0D00-00000000A301},992,{E983936C-CCDD-6006-4607-00000000A301},5080,,T1059.001,PowerShell,Execution,TRACE-PS-01,powershell,https://raw.githubusercontent.com/splunk/attack_data/master/datasets/attack_techniques/T1059.001/encoded_powershell/windows-sysmon.log,9d3f9a435d995cc59375348ceba490c16c2af663b564582434b5f4663ed86779,false,Execution,none,raw Computer/IpAddress/User fields,
2021-01-19T13:28:22.415+0000,2021-01-19T13:28:22.415+0000,10,Microsoft-Windows-Sysmon/Operational,ict3214:attack_trace,PS-HOST-01,,,,,,,C:\Windows\SystemApps\Microsoft.Windows.Cortana_cw5n1h2txyewy\SearchUI.exe,C:\Windows\system32\svchost.exe,0x1000,,,,,,,{E983936C-B38F-6006-0D00-00000000A301},992,{E983936C-CCEC-6006-5C07-00000000A301},5768,,T1059.001,PowerShell,Execution,TRACE-PS-01,powershell,https://raw.githubusercontent.com/splunk/attack_data/master/datasets/attack_techniques/T1059.001/encoded_powershell/windows-sysmon.log,dce0afc14376522b262d61278c607a35edf45302dd2bf1b60c068cd9af321262,false,Execution,none,raw Computer/IpAddress/User fields,
2021-01-19T13:28:22.415+0000,2021-01-19T13:28:22.415+0000,10,Microsoft-Windows-Sysmon/Operational,ict3214:attack_trace,PS-HOST-01,,,,,,,C:\Windows\SystemApps\ShellExperienceHost_cw5n1h2txyewy\ShellExperienceHost.exe,C:\Windows\system32\svchost.exe,0x1000,,,,,,,{E983936C-B38F-6006-0D00-00000000A301},992,{E983936C-CCEA-6006-5B07-00000000A301},5624,,T1059.001,PowerShell,Execution,TRACE-PS-01,powershell,https://raw.githubusercontent.com/splunk/attack_data/master/datasets/attack_techniques/T1059.001/encoded_powershell/windows-sysmon.log,e76f50ce04683427aec425cab59557098be5a7552bf3bdc84d64e6fa8dd5ec62,false,Execution,none,raw Computer/IpAddress/User fields,
2021-01-19T13:28:22.416+0000,2021-01-19T13:28:22.416+0000,10,Microsoft-Windows-Sysmon/Operational,ict3214:attack_trace,PS-HOST-01,,,,,,,C:\Windows\system32\svchost.exe,C:\Windows\system32\svchost.exe,0x1000,,,,,,,{E983936C-B38F-6006-0D00-00000000A301},992,{E983936C-B3A0-6006-3000-00000000A301},2668,,T1059.001,PowerShell,Execution,TRACE-PS-01,powershell,https://raw.githubusercontent.com/splunk/attack_data/master/datasets/attack_techniques/T1059.001/encoded_powershell/windows-sysmon.log,562f2f751350c440dddd4ffc25ef33a49cbad07902a9ed0e77699aea4a71d80a,false,Execution,none,raw Computer/IpAddress/User fields,
2021-01-19T13:28:22.416+0000,2021-01-19T13:28:22.416+0000,10,Microsoft-Windows-Sysmon/Operational,ict3214:attack_trace,PS-HOST-01,,,,,,,C:\Windows\system32\svchost.exe,C:\Windows\system32\svchost.exe,0x1000,,,,,,,{E983936C-B38F-6006-0D00-00000000A301},992,{E983936C-B3A0-6006-3000-00000000A301},2668,,T1059.001,PowerShell,Execution,TRACE-PS-01,powershell,https://raw.githubusercontent.com/splunk/attack_data/master/datasets/attack_techniques/T1059.001/encoded_powershell/windows-sysmon.log,ab92adf6b84f861e18ed08934d086a95daac8a16aa27c27dd5af79d13b4d50c6,false,Execution,none,raw Computer/IpAddress/User fields,
2022-04-13T19:46:54.963+0000,2022-04-13T19:46:54.963+0000,5145,Security,ict3214:attack_trace,SMB-BASELINE-01,SMB-SOURCE-01,2001:db8::14,LAB\machine-01$,,,,,,,\\*\IPC$,lsarpc,,,,,,,,,,T1021.002,SMB Windows Admin Shares,Lateral Movement,TRACE-SMB-SEC-01,smb_security,https://raw.githubusercontent.com/splunk/attack_data/master/datasets/attack_techniques/T1021.002/atomic_red_team/windows-security-xml.log,36a1374d84038d061ea13f0fafec50c1bd80b66b42313cfd6c5364f7e412d77e,false,Lateral Movement,none,raw Computer/IpAddress/User fields,
2022-04-13T19:47:42.229+0000,2022-04-13T19:47:42.229+0000,5145,Security,ict3214:attack_trace,SMB-BASELINE-01,SMB-SOURCE-01,2001:db8::14,LAB\machine-01$,,,,,,,\\*\SYSVOL,\,,,,,,,,,,T1021.002,SMB Windows Admin Shares,Lateral Movement,TRACE-SMB-SEC-01,smb_security,https://raw.githubusercontent.com/splunk/attack_data/master/datasets/attack_techniques/T1021.002/atomic_red_team/windows-security-xml.log,9fd0e50b3750abcb503007fa8e42b5c4cc47018b1d240a5094a1886b04eaaa48,false,Lateral Movement,none,raw Computer/IpAddress/User fields,
2022-04-13T19:47:42.336+0000,2022-04-13T19:47:42.336+0000,5145,Security,ict3214:attack_trace,SMB-BASELINE-01,SMB-SOURCE-01,2001:db8::14,LAB\machine-01$,,,,,,,\\*\SYSVOL,lab.example\Policies\{31B2F340-016D-11D2-945F-00C04FB984F9}\gpt.ini,,,,,,,,,,T1021.002,SMB Windows Admin Shares,Lateral Movement,TRACE-SMB-SEC-01,smb_security,https://raw.githubusercontent.com/splunk/attack_data/master/datasets/attack_techniques/T1021.002/atomic_red_team/windows-security-xml.log,c2142e2255dbf84235e3b674611457183ddea99a7e5d7e9c9ad2b0c3c822e893,false,Lateral Movement,none,raw Computer/IpAddress/User fields,
2022-04-13T19:47:42.337+0000,2022-04-13T19:47:42.337+0000,5145,Security,ict3214:attack_trace,SMB-BASELINE-01,SMB-SOURCE-01,2001:db8::14,LAB\machine-01$,,,,,,,\\*\SYSVOL,lab.example\Policies\{6AC1786C-016F-11D2-945F-00C04fB984F9}\gpt.ini,,,,,,,,,,T1021.002,SMB Windows Admin Shares,Lateral Movement,TRACE-SMB-SEC-01,smb_security,https://raw.githubusercontent.com/splunk/attack_data/master/datasets/attack_techniques/T1021.002/atomic_red_team/windows-security-xml.log,681791e5e85354a74cba6b9afb0d345181b22d1de5a563b1077fef89e05209fb,false,Lateral Movement,none,raw Computer/IpAddress/User fields,
2022-04-13T19:47:51.581+0000,2022-04-13T19:47:51.581+0000,5145,Security,ict3214:attack_trace,SMB-BASELINE-01,SMB-SOURCE-01,2001:db8::14,LAB\machine-01$,,,,,,,\\*\IPC$,lsarpc,,,,,,,,,,T1021.002,SMB Windows Admin Shares,Lateral Movement,TRACE-SMB-SEC-01,smb_security,https://raw.githubusercontent.com/splunk/attack_data/master/datasets/attack_techniques/T1021.002/atomic_red_team/windows-security-xml.log,e221c98607e82ddc0a056abbbf56ddac384247f908ab7b8c3f48f9ee7631f87e,false,Lateral Movement,none,raw Computer/IpAddress/User fields,
2022-04-13T19:47:51.592+0000,2022-04-13T19:47:51.592+0000,5145,Security,ict3214:attack_trace,SMB-BASELINE-01,SMB-SOURCE-01,2001:db8::14,LAB\machine-01$,,,,,,,\\*\IPC$,lsarpc,,,,,,,,,,T1021.002,SMB Windows Admin Shares,Lateral Movement,TRACE-SMB-SEC-01,smb_security,https://raw.githubusercontent.com/splunk/attack_data/master/datasets/attack_techniques/T1021.002/atomic_red_team/windows-security-xml.log,410564c0c38de5dad0a0613fba844bd085577b97d3e4b2e8249abd28844f4e8b,false,Lateral Movement,none,raw Computer/IpAddress/User fields,
2022-04-13T19:47:51.602+0000,2022-04-13T19:47:51.602+0000,5145,Security,ict3214:attack_trace,SMB-BASELINE-01,SMB-SOURCE-01,2001:db8::14,LAB\machine-01$,,,,,,,\\*\IPC$,lsarpc,,,,,,,,,,T1021.002,SMB Windows Admin Shares,Lateral Movement,TRACE-SMB-SEC-01,smb_security,https://raw.githubusercontent.com/splunk/attack_data/master/datasets/attack_techniques/T1021.002/atomic_red_team/windows-security-xml.log,d36f923bd8918ec9917a7807c85f3f448917000cce2e6d966d8e146682cc4091,false,Lateral Movement,none,raw Computer/IpAddress/User fields,
2022-04-13T19:47:51.610+0000,2022-04-13T19:47:51.610+0000,5145,Security,ict3214:attack_trace,SMB-BASELINE-01,SMB-SOURCE-01,2001:db8::14,LAB\machine-01$,,,,,,,\\*\IPC$,lsarpc,,,,,,,,,,T1021.002,SMB Windows Admin Shares,Lateral Movement,TRACE-SMB-SEC-01,smb_security,https://raw.githubusercontent.com/splunk/attack_data/master/datasets/attack_techniques/T1021.002/atomic_red_team/windows-security-xml.log,3cf1e6dbfd7c202461ba1a15d6e882dbda160b60fc85f64c3ed7f6e0eb1e75c4,false,Lateral Movement,none,raw Computer/IpAddress/User fields,
2022-04-13T19:47:51.802+0000,2022-04-13T19:47:51.802+0000,5145,Security,ict3214:attack_trace,SMB-BASELINE-01,SMB-SOURCE-01,2001:db8::14,LAB\machine-01$,,,,,,,\\*\IPC$,lsarpc,,,,,,,,,,T1021.002,SMB Windows Admin Shares,Lateral Movement,TRACE-SMB-SEC-01,smb_security,https://raw.githubusercontent.com/splunk/attack_data/master/datasets/attack_techniques/T1021.002/atomic_red_team/windows-security-xml.log,8667b2aa0a74fccca4a9128f696f5893834917ed97c4d6f8adf77c5b8e715b7c,false,Lateral Movement,none,raw Computer/IpAddress/User fields,
2022-04-13T19:47:51.816+0000,2022-04-13T19:47:51.816+0000,5145,Security,ict3214:attack_trace,SMB-BASELINE-01,SMB-SOURCE-01,2001:db8::14,LAB\machine-01$,,,,,,,\\*\IPC$,lsarpc,,,,,,,,,,T1021.002,SMB Windows Admin Shares,Lateral Movement,TRACE-SMB-SEC-01,smb_security,https://raw.githubusercontent.com/splunk/attack_data/master/datasets/attack_techniques/T1021.002/atomic_red_team/windows-security-xml.log,e75d6aba66c263a1fb6194d349da7d45b519d25283961643ea23228e5d1e64cd,false,Lateral Movement,none,raw Computer/IpAddress/User fields,
2022-04-13T19:47:51.824+0000,2022-04-13T19:47:51.824+0000,5145,Security,ict3214:attack_trace,SMB-BASELINE-01,SMB-SOURCE-01,2001:db8::14,LAB\machine-01$,,,,,,,\\*\IPC$,lsarpc,,,,,,,,,,T1021.002,SMB Windows Admin Shares,Lateral Movement,TRACE-SMB-SEC-01,smb_security,https://raw.githubusercontent.com/splunk/attack_data/master/datasets/attack_techniques/T1021.002/atomic_red_team/windows-security-xml.log,4db4ef231bc88288556f317f01e1f391ae91344254e81269ff0de9e2decdf5d7,false,Lateral Movement,none,raw Computer/IpAddress/User fields,
2022-04-13T19:47:54.762+0000,2022-04-13T19:47:54.762+0000,5145,Security,ict3214:attack_trace,SMB-BASELINE-01,SMB-SOURCE-01,2001:db8::14,LAB\machine-01$,,,,,,,\\*\IPC$,lsarpc,,,,,,,,,,T1021.002,SMB Windows Admin Shares,Lateral Movement,TRACE-SMB-SEC-01,smb_security,https://raw.githubusercontent.com/splunk/attack_data/master/datasets/attack_techniques/T1021.002/atomic_red_team/windows-security-xml.log,135f428f7f59d720d5dbc2dfcd1bb11f61eaf5484bc9636319d86cfeb11de8df,false,Lateral Movement,none,raw Computer/IpAddress/User fields,
2022-04-13T19:47:54.773+0000,2022-04-13T19:47:54.773+0000,5145,Security,ict3214:attack_trace,SMB-BASELINE-01,SMB-SOURCE-01,2001:db8::14,LAB\machine-01$,,,,,,,\\*\IPC$,lsarpc,,,,,,,,,,T1021.002,SMB Windows Admin Shares,Lateral Movement,TRACE-SMB-SEC-01,smb_security,https://raw.githubusercontent.com/splunk/attack_data/master/datasets/attack_techniques/T1021.002/atomic_red_team/windows-security-xml.log,a09beaa7cc81a5770f7e299b3ee1592f0f06fe3eb171212cd313a95e6e5d8eb7,false,Lateral Movement,none,raw Computer/IpAddress/User fields,
2022-04-13T19:47:54.783+0000,2022-04-13T19:47:54.783+0000,5145,Security,ict3214:attack_trace,SMB-BASELINE-01,SMB-SOURCE-01,2001:db8::14,LAB\machine-01$,,,,,,,\\*\IPC$,lsarpc,,,,,,,,,,T1021.002,SMB Windows Admin Shares,Lateral Movement,TRACE-SMB-SEC-01,smb_security,https://raw.githubusercontent.com/splunk/attack_data/master/datasets/attack_techniques/T1021.002/atomic_red_team/windows-security-xml.log,ff81bd47a84700aa4afe6d50e0c8f5b071f553d4150f91b57868893cf23062bb,false,Lateral Movement,none,raw Computer/IpAddress/User fields,
2022-04-13T19:47:54.794+0000,2022-04-13T19:47:54.794+0000,5145,Security,ict3214:attack_trace,SMB-BASELINE-01,SMB-SOURCE-01,2001:db8::14,LAB\machine-01$,,,,,,,\\*\IPC$,lsarpc,,,,,,,,,,T1021.002,SMB Windows Admin Shares,Lateral Movement,TRACE-SMB-SEC-01,smb_security,https://raw.githubusercontent.com/splunk/attack_data/master/datasets/attack_techniques/T1021.002/atomic_red_team/windows-security-xml.log,fad330e7e8f20662609285b8ad8dda4c542fdb6eaec56ce567f46fdb69a0286c,false,Lateral Movement,none,raw Computer/IpAddress/User fields,
2022-04-13T19:52:42.263+0000,2022-04-13T19:52:42.263+0000,5145,Security,ict3214:attack_trace,SMB-BASELINE-01,SMB-SOURCE-01,2001:db8::14,LAB\machine-01$,,,,,,,\\*\SYSVOL,lab.example\Policies\{31B2F340-016D-11D2-945F-00C04FB984F9}\gpt.ini,,,,,,,,,,T1021.002,SMB Windows Admin Shares,Lateral Movement,TRACE-SMB-SEC-01,smb_security,https://raw.githubusercontent.com/splunk/attack_data/master/datasets/attack_techniques/T1021.002/atomic_red_team/windows-security-xml.log,32a0ebb65b7cc0075ebbf4e5c9838fe095d733cae62afa02f78a405788a21152,false,Lateral Movement,none,raw Computer/IpAddress/User fields,
2022-04-13T19:52:42.264+0000,2022-04-13T19:52:42.264+0000,5145,Security,ict3214:attack_trace,SMB-BASELINE-01,SMB-SOURCE-01,2001:db8::14,LAB\machine-01$,,,,,,,\\*\SYSVOL,lab.example\Policies\{6AC1786C-016F-11D2-945F-00C04fB984F9}\gpt.ini,,,,,,,,,,T1021.002,SMB Windows Admin Shares,Lateral Movement,TRACE-SMB-SEC-01,smb_security,https://raw.githubusercontent.com/splunk/attack_data/master/datasets/attack_techniques/T1021.002/atomic_red_team/windows-security-xml.log,9cdc9b55c1ac095fa7701437311e43b7b8d4c265939f0625004d4af3e2691da9,false,Lateral Movement,none,raw Computer/IpAddress/User fields,
2022-04-13T19:56:39.933+0000,2022-04-13T19:56:39.933+0000,5145,Security,ict3214:attack_trace,SMB-BASELINE-01,SMB-SOURCE-01,192.0.2.14,LAB\machine-01$,,,,,,,\\*\SYSVOL,\,,,,,,,,,,T1021.002,SMB Windows Admin Shares,Lateral Movement,TRACE-SMB-SEC-01,smb_security,https://raw.githubusercontent.com/splunk/attack_data/master/datasets/attack_techniques/T1021.002/atomic_red_team/windows-security-xml.log,67bb0f0d0819dc8c44fe9d9a360129b2f81d5874d129a4de54749df8b8d93b06,false,Lateral Movement,none,raw Computer/IpAddress/User fields,
2022-04-13T19:57:42.376+0000,2022-04-13T19:57:42.376+0000,5145,Security,ict3214:attack_trace,SMB-BASELINE-01,SMB-SOURCE-01,2001:db8::14,LAB\machine-01$,,,,,,,\\*\SYSVOL,lab.example\Policies\{31B2F340-016D-11D2-945F-00C04FB984F9}\gpt.ini,,,,,,,,,,T1021.002,SMB Windows Admin Shares,Lateral Movement,TRACE-SMB-SEC-01,smb_security,https://raw.githubusercontent.com/splunk/attack_data/master/datasets/attack_techniques/T1021.002/atomic_red_team/windows-security-xml.log,629d613d862093cd5c6a87bfd1693eb45c00ad62d92eccc10f578b8c02242f43,false,Lateral Movement,none,raw Computer/IpAddress/User fields,
2022-04-13T19:57:42.380+0000,2022-04-13T19:57:42.380+0000,5145,Security,ict3214:attack_trace,SMB-BASELINE-01,SMB-SOURCE-01,2001:db8::14,LAB\machine-01$,,,,,,,\\*\SYSVOL,lab.example\Policies\{6AC1786C-016F-11D2-945F-00C04fB984F9}\gpt.ini,,,,,,,,,,T1021.002,SMB Windows Admin Shares,Lateral Movement,TRACE-SMB-SEC-01,smb_security,https://raw.githubusercontent.com/splunk/attack_data/master/datasets/attack_techniques/T1021.002/atomic_red_team/windows-security-xml.log,a1cbf7d5d392badc206173458927f33b02ce491117629d5ddfab7e342a87b2e7,false,Lateral Movement,none,raw Computer/IpAddress/User fields,
2022-04-13T20:02:42.513+0000,2022-04-13T20:02:42.513+0000,5145,Security,ict3214:attack_trace,SMB-BASELINE-01,SMB-SOURCE-01,2001:db8::14,LAB\machine-01$,,,,,,,\\*\SYSVOL,lab.example\Policies\{31B2F340-016D-11D2-945F-00C04FB984F9}\gpt.ini,,,,,,,,,,T1021.002,SMB Windows Admin Shares,Lateral Movement,TRACE-SMB-SEC-01,smb_security,https://raw.githubusercontent.com/splunk/attack_data/master/datasets/attack_techniques/T1021.002/atomic_red_team/windows-security-xml.log,1a38341c041d4c298cfa2f93ed82733b145d91a4063c004be2fb38eee28778a5,false,Lateral Movement,none,raw Computer/IpAddress/User fields,
2022-04-13T20:02:42.514+0000,2022-04-13T20:02:42.514+0000,5145,Security,ict3214:attack_trace,SMB-BASELINE-01,SMB-SOURCE-01,2001:db8::14,LAB\machine-01$,,,,,,,\\*\SYSVOL,lab.example\Policies\{6AC1786C-016F-11D2-945F-00C04fB984F9}\gpt.ini,,,,,,,,,,T1021.002,SMB Windows Admin Shares,Lateral Movement,TRACE-SMB-SEC-01,smb_security,https://raw.githubusercontent.com/splunk/attack_data/master/datasets/attack_techniques/T1021.002/atomic_red_team/windows-security-xml.log,e6da67ad174f43819c3316de9bd721b4eb0f841e47ff3a20f9d0c1b44a22266e,false,Lateral Movement,none,raw Computer/IpAddress/User fields,
2022-04-13T20:06:40.764+0000,2022-04-13T20:06:40.764+0000,5145,Security,ict3214:attack_trace,SMB-BASELINE-01,SMB-SOURCE-01,192.0.2.14,LAB\machine-01$,,,,,,,\\*\SYSVOL,\,,,,,,,,,,T1021.002,SMB Windows Admin Shares,Lateral Movement,TRACE-SMB-SEC-01,smb_security,https://raw.githubusercontent.com/splunk/attack_data/master/datasets/attack_techniques/T1021.002/atomic_red_team/windows-security-xml.log,8ea4721267d0d862958ccef287927f34050b584b45a3e084d54c682f4fa4dad1,false,Lateral Movement,none,raw Computer/IpAddress/User fields,
2022-04-13T20:07:42.635+0000,2022-04-13T20:07:42.635+0000,5145,Security,ict3214:attack_trace,SMB-BASELINE-01,SMB-SOURCE-01,2001:db8::14,LAB\machine-01$,,,,,,,\\*\SYSVOL,lab.example\Policies\{31B2F340-016D-11D2-945F-00C04FB984F9}\gpt.ini,,,,,,,,,,T1021.002,SMB Windows Admin Shares,Lateral Movement,TRACE-SMB-SEC-01,smb_security,https://raw.githubusercontent.com/splunk/attack_data/master/datasets/attack_techniques/T1021.002/atomic_red_team/windows-security-xml.log,a25e3d43938e17bb2937be59f3ef5ea11d62ddd6442dafdd6bb4271015859141,false,Lateral Movement,none,raw Computer/IpAddress/User fields,
2022-04-13T20:07:42.635+0000,2022-04-13T20:07:42.635+0000,5145,Security,ict3214:attack_trace,SMB-BASELINE-01,SMB-SOURCE-01,2001:db8::14,LAB\machine-01$,,,,,,,\\*\SYSVOL,lab.example\Policies\{6AC1786C-016F-11D2-945F-00C04fB984F9}\gpt.ini,,,,,,,,,,T1021.002,SMB Windows Admin Shares,Lateral Movement,TRACE-SMB-SEC-01,smb_security,https://raw.githubusercontent.com/splunk/attack_data/master/datasets/attack_techniques/T1021.002/atomic_red_team/windows-security-xml.log,f801eb6072c36f4885f6bd1714559bc676032e9b81980f52fdc05da83008168f,false,Lateral Movement,none,raw Computer/IpAddress/User fields,
2022-04-13T20:12:42.777+0000,2022-04-13T20:12:42.777+0000,5145,Security,ict3214:attack_trace,SMB-BASELINE-01,SMB-SOURCE-01,2001:db8::14,LAB\machine-01$,,,,,,,\\*\SYSVOL,lab.example\Policies\{6AC1786C-016F-11D2-945F-00C04fB984F9}\gpt.ini,,,,,,,,,,T1021.002,SMB Windows Admin Shares,Lateral Movement,TRACE-SMB-SEC-01,smb_security,https://raw.githubusercontent.com/splunk/attack_data/master/datasets/attack_techniques/T1021.002/atomic_red_team/windows-security-xml.log,546e46bea6a81138440d86f11b8f96ead071fd7ff9008233609ed6d47652c105,false,Lateral Movement,none,raw Computer/IpAddress/User fields,
2022-04-13T20:12:42.777+0000,2022-04-13T20:12:42.777+0000,5145,Security,ict3214:attack_trace,SMB-BASELINE-01,SMB-SOURCE-01,2001:db8::14,LAB\machine-01$,,,,,,,\\*\SYSVOL,lab.example\Policies\{31B2F340-016D-11D2-945F-00C04FB984F9}\gpt.ini,,,,,,,,,,T1021.002,SMB Windows Admin Shares,Lateral Movement,TRACE-SMB-SEC-01,smb_security,https://raw.githubusercontent.com/splunk/attack_data/master/datasets/attack_techniques/T1021.002/atomic_red_team/windows-security-xml.log,9fc7f57a6050a88fd7e2e45155ddfa3f9d4c92b6d9ba510a4fea8a540bda071d,false,Lateral Movement,none,raw Computer/IpAddress/User fields,
2022-04-13T20:16:41.626+0000,2022-04-13T20:16:41.626+0000,5145,Security,ict3214:attack_trace,SMB-BASELINE-01,SMB-SOURCE-01,192.0.2.14,LAB\machine-01$,,,,,,,\\*\SYSVOL,\,,,,,,,,,,T1021.002,SMB Windows Admin Shares,Lateral Movement,TRACE-SMB-SEC-01,smb_security,https://raw.githubusercontent.com/splunk/attack_data/master/datasets/attack_techniques/T1021.002/atomic_red_team/windows-security-xml.log,0e97e6f2a4ac57832dd48da67b2d5fa02d8521fa589b95a9fba55b59fef0bdea,false,Lateral Movement,none,raw Computer/IpAddress/User fields,
2022-04-13T20:17:42.910+0000,2022-04-13T20:17:42.910+0000,5145,Security,ict3214:attack_trace,SMB-BASELINE-01,SMB-SOURCE-01,2001:db8::14,LAB\machine-01$,,,,,,,\\*\SYSVOL,lab.example\Policies\{31B2F340-016D-11D2-945F-00C04FB984F9}\gpt.ini,,,,,,,,,,T1021.002,SMB Windows Admin Shares,Lateral Movement,TRACE-SMB-SEC-01,smb_security,https://raw.githubusercontent.com/splunk/attack_data/master/datasets/attack_techniques/T1021.002/atomic_red_team/windows-security-xml.log,1261ec50bd440fe2548050e0aa5abae2c45b2d190ceef6f4c3da576ad4c0057f,false,Lateral Movement,none,raw Computer/IpAddress/User fields,
2022-04-13T20:17:42.911+0000,2022-04-13T20:17:42.911+0000,5145,Security,ict3214:attack_trace,SMB-BASELINE-01,SMB-SOURCE-01,2001:db8::14,LAB\machine-01$,,,,,,,\\*\SYSVOL,lab.example\Policies\{6AC1786C-016F-11D2-945F-00C04fB984F9}\gpt.ini,,,,,,,,,,T1021.002,SMB Windows Admin Shares,Lateral Movement,TRACE-SMB-SEC-01,smb_security,https://raw.githubusercontent.com/splunk/attack_data/master/datasets/attack_techniques/T1021.002/atomic_red_team/windows-security-xml.log,b0870829f5ae5c8648c5a0d1a8d173c1eac31d7bc1d29ae4ee900c6703640680,false,Lateral Movement,none,raw Computer/IpAddress/User fields,
2022-04-13T20:20:33.429+0000,2022-04-13T20:20:33.429+0000,5145,Security,ict3214:attack_trace,SMB-HOST-01,SMB-HOST-01,::1,LAB\user-admin,,,,,,,\\*\ADMIN$,PSEXESVC.exe,,,,,,,,,,T1021.002,SMB Windows Admin Shares,Lateral Movement,TRACE-SMB-SEC-01,smb_security,https://raw.githubusercontent.com/splunk/attack_data/master/datasets/attack_techniques/T1021.002/atomic_red_team/windows-security-xml.log,2e8015317809289273e8802411256d6e412ac03bcc97829573249b2986234e26,true,Lateral Movement,none,raw Computer/IpAddress/User fields,
2022-04-13T20:20:33.429+0000,2022-04-13T20:20:33.429+0000,5145,Security,ict3214:attack_trace,SMB-HOST-01,SMB-HOST-01,::1,LAB\user-admin,,,,,,,\\*\ADMIN$,PSEXESVC.exe,,,,,,,,,,T1021.002,SMB Windows Admin Shares,Lateral Movement,TRACE-SMB-SEC-01,smb_security,https://raw.githubusercontent.com/splunk/attack_data/master/datasets/attack_techniques/T1021.002/atomic_red_team/windows-security-xml.log,8e1c31e6c9dd2ccd46c14acf86f58fe0f2d974ccabcbecbd39553b1f731adbe0,true,Lateral Movement,none,raw Computer/IpAddress/User fields,
2022-04-13T20:20:33.578+0000,2022-04-13T20:20:33.578+0000,5145,Security,ict3214:attack_trace,SMB-HOST-01,SMB-HOST-01,::1,LAB\user-admin,,,,,,,\\*\ADMIN$,PSEXEC-SMB-HOST-01-0169D9D7.key,,,,,,,,,,T1021.002,SMB Windows Admin Shares,Lateral Movement,TRACE-SMB-SEC-01,smb_security,https://raw.githubusercontent.com/splunk/attack_data/master/datasets/attack_techniques/T1021.002/atomic_red_team/windows-security-xml.log,41590b9b5c0f27927e4c1576b627634a61922c7c5f6834dde180bf32a1382efe,true,Lateral Movement,none,raw Computer/IpAddress/User fields,
2022-04-13T20:20:33.578+0000,2022-04-13T20:20:33.578+0000,5145,Security,ict3214:attack_trace,SMB-HOST-01,SMB-HOST-01,::1,LAB\user-admin,,,,,,,\\*\ADMIN$,PSEXEC-SMB-HOST-01-0169D9D7.key,,,,,,,,,,T1021.002,SMB Windows Admin Shares,Lateral Movement,TRACE-SMB-SEC-01,smb_security,https://raw.githubusercontent.com/splunk/attack_data/master/datasets/attack_techniques/T1021.002/atomic_red_team/windows-security-xml.log,73ce0b3616879b0ebe263cc937a1d54c28c2ec14244daa43033c953efb5eb28c,true,Lateral Movement,none,raw Computer/IpAddress/User fields,
2022-04-13T20:20:33.580+0000,2022-04-13T20:20:33.580+0000,5145,Security,ict3214:attack_trace,SMB-HOST-01,SMB-HOST-01,::1,LAB\user-admin,,,,,,,\\*\IPC$,PSEXESVC,,,,,,,,,,T1021.002,SMB Windows Admin Shares,Lateral Movement,TRACE-SMB-SEC-01,smb_security,https://raw.githubusercontent.com/splunk/attack_data/master/datasets/attack_techniques/T1021.002/atomic_red_team/windows-security-xml.log,cbfa87430913805591307f9c0c0252d92ebfc23615bff1fd4cd9696716778cc0,true,Lateral Movement,none,raw Computer/IpAddress/User fields,
2022-04-13T20:20:33.581+0000,2022-04-13T20:20:33.581+0000,5145,Security,ict3214:attack_trace,SMB-HOST-01,SMB-HOST-01,::1,LAB\user-admin,,,,,,,\\*\ADMIN$,PSEXEC-SMB-HOST-01-0169D9D7.key,,,,,,,,,,T1021.002,SMB Windows Admin Shares,Lateral Movement,TRACE-SMB-SEC-01,smb_security,https://raw.githubusercontent.com/splunk/attack_data/master/datasets/attack_techniques/T1021.002/atomic_red_team/windows-security-xml.log,998a52e0cfdfa9fd862f9b7338c8f7bb5c5e43989130a98455ec8bdf7cb8d628,true,Lateral Movement,none,raw Computer/IpAddress/User fields,
2022-04-13T20:20:33.638+0000,2022-04-13T20:20:33.638+0000,5145,Security,ict3214:attack_trace,SMB-HOST-01,SMB-HOST-01,::1,LAB\user-admin,,,,,,,\\*\ADMIN$,cmd.exe,,,,,,,,,,T1021.002,SMB Windows Admin Shares,Lateral Movement,TRACE-SMB-SEC-01,smb_security,https://raw.githubusercontent.com/splunk/attack_data/master/datasets/attack_techniques/T1021.002/atomic_red_team/windows-security-xml.log,901e5d3a77024f20fe8cb11fd4799c386c66d9b8ae220984e1c2c6ba103018be,true,Lateral Movement,none,raw Computer/IpAddress/User fields,
2022-04-13T20:20:33.638+0000,2022-04-13T20:20:33.638+0000,5145,Security,ict3214:attack_trace,SMB-HOST-01,SMB-HOST-01,::1,LAB\user-admin,,,,,,,\\*\ADMIN$,cmd.exe,,,,,,,,,,T1021.002,SMB Windows Admin Shares,Lateral Movement,TRACE-SMB-SEC-01,smb_security,https://raw.githubusercontent.com/splunk/attack_data/master/datasets/attack_techniques/T1021.002/atomic_red_team/windows-security-xml.log,fc173eaf2f0ce75cc47746ab4259dc354679eb2d5e12b17c457c0e8b35482455,true,Lateral Movement,none,raw Computer/IpAddress/User fields,
2022-04-13T20:20:33.639+0000,2022-04-13T20:20:33.639+0000,5145,Security,ict3214:attack_trace,SMB-HOST-01,SMB-HOST-01,::1,LAB\user-admin,,,,,,,\\*\ADMIN$,\,,,,,,,,,,T1021.002,SMB Windows Admin Shares,Lateral Movement,TRACE-SMB-SEC-01,smb_security,https://raw.githubusercontent.com/splunk/attack_data/master/datasets/attack_techniques/T1021.002/atomic_red_team/windows-security-xml.log,a6e5024ec79f76223fca732a16c70c65ed47cef24c3bd135ea4818379648c6a6,true,Lateral Movement,none,raw Computer/IpAddress/User fields,
2022-04-13T20:20:33.671+0000,2022-04-13T20:20:33.671+0000,5145,Security,ict3214:attack_trace,SMB-HOST-01,SMB-HOST-01,::1,LAB\user-admin,,,,,,,\\*\IPC$,PSEXESVC-SMB-HOST-01-2444-stdin,,,,,,,,,,T1021.002,SMB Windows Admin Shares,Lateral Movement,TRACE-SMB-SEC-01,smb_security,https://raw.githubusercontent.com/splunk/attack_data/master/datasets/attack_techniques/T1021.002/atomic_red_team/windows-security-xml.log,52d77c97dc49cc837fa9b94280cf0f216b066956d11e1f05bf515036d2aff91e,true,Lateral Movement,none,raw Computer/IpAddress/User fields,
2022-04-13T20:20:33.672+0000,2022-04-13T20:20:33.672+0000,5145,Security,ict3214:attack_trace,SMB-HOST-01,SMB-HOST-01,::1,LAB\user-admin,,,,,,,\\*\IPC$,PSEXESVC-SMB-HOST-01-2444-stderr,,,,,,,,,,T1021.002,SMB Windows Admin Shares,Lateral Movement,TRACE-SMB-SEC-01,smb_security,https://raw.githubusercontent.com/splunk/attack_data/master/datasets/attack_techniques/T1021.002/atomic_red_team/windows-security-xml.log,149259a09bcb68480e4c2c63629dbe2cfc322260975a6acb34e73ac336ce28e1,true,Lateral Movement,none,raw Computer/IpAddress/User fields,
2022-04-13T20:20:33.672+0000,2022-04-13T20:20:33.672+0000,5145,Security,ict3214:attack_trace,SMB-HOST-01,SMB-HOST-01,::1,LAB\user-admin,,,,,,,\\*\IPC$,PSEXESVC-SMB-HOST-01-2444-stdout,,,,,,,,,,T1021.002,SMB Windows Admin Shares,Lateral Movement,TRACE-SMB-SEC-01,smb_security,https://raw.githubusercontent.com/splunk/attack_data/master/datasets/attack_techniques/T1021.002/atomic_red_team/windows-security-xml.log,2f4b8c06c5cfe744c98f3de0a30f57b2e359fd13695ccb9a693b1314f0936f0c,true,Lateral Movement,none,raw Computer/IpAddress/User fields,
2022-04-13T20:20:33.897+0000,2022-04-13T20:20:33.897+0000,5145,Security,ict3214:attack_trace,SMB-HOST-01,SMB-HOST-01,::1,LAB\user-admin,,,,,,,\\*\ADMIN$,cmd.exe,,,,,,,,,,T1021.002,SMB Windows Admin Shares,Lateral Movement,TRACE-SMB-SEC-01,smb_security,https://raw.githubusercontent.com/splunk/attack_data/master/datasets/attack_techniques/T1021.002/atomic_red_team/windows-security-xml.log,31f1a15ae69052d83e50cf6fa1ebf5a9610481038ef3fb5e58bfdf56f55cd6b7,true,Lateral Movement,none,raw Computer/IpAddress/User fields,
2022-04-13T20:20:33.901+0000,2022-04-13T20:20:33.901+0000,5145,Security,ict3214:attack_trace,SMB-HOST-01,SMB-HOST-01,::1,LAB\user-admin,,,,,,,\\*\ADMIN$,PSEXESVC.exe,,,,,,,,,,T1021.002,SMB Windows Admin Shares,Lateral Movement,TRACE-SMB-SEC-01,smb_security,https://raw.githubusercontent.com/splunk/attack_data/master/datasets/attack_techniques/T1021.002/atomic_red_team/windows-security-xml.log,fd675bd6f8a521ff393bfec2fa7f3f69098d91ff1124e306e49f83123617cadb,true,Lateral Movement,none,raw Computer/IpAddress/User fields,
2022-04-13T20:20:34.015+0000,2022-04-13T20:20:34.015+0000,5145,Security,ict3214:attack_trace,SMB-HOST-01,SMB-HOST-01,::1,LAB\user-admin,,,,,,,\\*\ADMIN$,PSEXESVC.exe,,,,,,,,,,T1021.002,SMB Windows Admin Shares,Lateral Movement,TRACE-SMB-SEC-01,smb_security,https://raw.githubusercontent.com/splunk/attack_data/master/datasets/attack_techniques/T1021.002/atomic_red_team/windows-security-xml.log,a94df848bec669532f2a1604df88ce2399bc12e64cd211e47fc634c2ddb6e04f,true,Lateral Movement,none,raw Computer/IpAddress/User fields,
2022-04-13T20:20:34.020+0000,2022-04-13T20:20:34.020+0000,5145,Security,ict3214:attack_trace,SMB-HOST-01,SMB-HOST-01,::1,LAB\user-admin,,,,,,,\\*\ADMIN$,PSEXEC-SMB-HOST-01-0169D9D7.key,,,,,,,,,,T1021.002,SMB Windows Admin Shares,Lateral Movement,TRACE-SMB-SEC-01,smb_security,https://raw.githubusercontent.com/splunk/attack_data/master/datasets/attack_techniques/T1021.002/atomic_red_team/windows-security-xml.log,344ee0982685b9f841f19d6c5f8f48fbcae12a355b50613a10a1536786f5a8ac,true,Lateral Movement,none,raw Computer/IpAddress/User fields,
2022-04-13T20:20:34.276+0000,2022-04-13T20:20:34.276+0000,5145,Security,ict3214:attack_trace,SMB-HOST-01,SMB-HOST-01,127.0.0.1,LAB\user-admin,,,,,,,\\*\ADMIN$,output.txt,,,,,,,,,,T1021.002,SMB Windows Admin Shares,Lateral Movement,TRACE-SMB-SEC-01,smb_security,https://raw.githubusercontent.com/splunk/attack_data/master/datasets/attack_techniques/T1021.002/atomic_red_team/windows-security-xml.log,452d341d0ae77d3e5b6d8c4a94f1df8043678536030c4f49a1afc8cb208582e2,true,Lateral Movement,none,raw Computer/IpAddress/User fields,
2022-04-13T20:20:34.276+0000,2022-04-13T20:20:34.276+0000,5145,Security,ict3214:attack_trace,SMB-HOST-01,SMB-HOST-01,127.0.0.1,LAB\user-admin,,,,,,,\\*\ADMIN$,output.txt,,,,,,,,,,T1021.002,SMB Windows Admin Shares,Lateral Movement,TRACE-SMB-SEC-01,smb_security,https://raw.githubusercontent.com/splunk/attack_data/master/datasets/attack_techniques/T1021.002/atomic_red_team/windows-security-xml.log,f7329a42f941cedd0673644fc6c92544814015cfe3a05d4f2e2383d9d2a8ef86,true,Lateral Movement,none,raw Computer/IpAddress/User fields,
2022-04-13T20:22:43.041+0000,2022-04-13T20:22:43.041+0000,5145,Security,ict3214:attack_trace,SMB-BASELINE-01,SMB-SOURCE-01,2001:db8::14,LAB\machine-01$,,,,,,,\\*\SYSVOL,lab.example\Policies\{31B2F340-016D-11D2-945F-00C04FB984F9}\gpt.ini,,,,,,,,,,T1021.002,SMB Windows Admin Shares,Lateral Movement,TRACE-SMB-SEC-01,smb_security,https://raw.githubusercontent.com/splunk/attack_data/master/datasets/attack_techniques/T1021.002/atomic_red_team/windows-security-xml.log,cee75777b5ae8c8e1c55676bd821a32ccd9a4632ad861652ebfa329128871137,false,Lateral Movement,none,raw Computer/IpAddress/User fields,
2022-04-13T20:22:43.042+0000,2022-04-13T20:22:43.042+0000,5145,Security,ict3214:attack_trace,SMB-BASELINE-01,SMB-SOURCE-01,2001:db8::14,LAB\machine-01$,,,,,,,\\*\SYSVOL,lab.example\Policies\{6AC1786C-016F-11D2-945F-00C04fB984F9}\gpt.ini,,,,,,,,,,T1021.002,SMB Windows Admin Shares,Lateral Movement,TRACE-SMB-SEC-01,smb_security,https://raw.githubusercontent.com/splunk/attack_data/master/datasets/attack_techniques/T1021.002/atomic_red_team/windows-security-xml.log,af83d63449d23c59fc5346bda3bd5ce0af2ae9d8cec582dc2dc8b2c222b28dc9,false,Lateral Movement,none,raw Computer/IpAddress/User fields,
2022-04-13T20:26:42.483+0000,2022-04-13T20:26:42.483+0000,5145,Security,ict3214:attack_trace,SMB-BASELINE-01,SMB-SOURCE-01,192.0.2.14,LAB\machine-01$,,,,,,,\\*\SYSVOL,\,,,,,,,,,,T1021.002,SMB Windows Admin Shares,Lateral Movement,TRACE-SMB-SEC-01,smb_security,https://raw.githubusercontent.com/splunk/attack_data/master/datasets/attack_techniques/T1021.002/atomic_red_team/windows-security-xml.log,cec5ef992f5f821b20813935b97432bb29e3c6e2f219dc55bf750c2982447c1b,false,Lateral Movement,none,raw Computer/IpAddress/User fields,
2022-04-13T20:27:43.172+0000,2022-04-13T20:27:43.172+0000,5145,Security,ict3214:attack_trace,SMB-BASELINE-01,SMB-SOURCE-01,2001:db8::14,LAB\machine-01$,,,,,,,\\*\SYSVOL,lab.example\Policies\{31B2F340-016D-11D2-945F-00C04FB984F9}\gpt.ini,,,,,,,,,,T1021.002,SMB Windows Admin Shares,Lateral Movement,TRACE-SMB-SEC-01,smb_security,https://raw.githubusercontent.com/splunk/attack_data/master/datasets/attack_techniques/T1021.002/atomic_red_team/windows-security-xml.log,2d6986297fbaf59d1244c2974cbd8904eb86ec8aa4f5752fae65a35c55bcf6d9,false,Lateral Movement,none,raw Computer/IpAddress/User fields,
2022-04-13T20:27:43.173+0000,2022-04-13T20:27:43.173+0000,5145,Security,ict3214:attack_trace,SMB-BASELINE-01,SMB-SOURCE-01,2001:db8::14,LAB\machine-01$,,,,,,,\\*\SYSVOL,lab.example\Policies\{6AC1786C-016F-11D2-945F-00C04fB984F9}\gpt.ini,,,,,,,,,,T1021.002,SMB Windows Admin Shares,Lateral Movement,TRACE-SMB-SEC-01,smb_security,https://raw.githubusercontent.com/splunk/attack_data/master/datasets/attack_techniques/T1021.002/atomic_red_team/windows-security-xml.log,da7b367a4a3df49b55ce02cb17bf293f15088c418bad3b48e77b649a0634953b,false,Lateral Movement,none,raw Computer/IpAddress/User fields,
2022-04-13T20:32:43.302+0000,2022-04-13T20:32:43.302+0000,5145,Security,ict3214:attack_trace,SMB-BASELINE-01,SMB-SOURCE-01,2001:db8::14,LAB\machine-01$,,,,,,,\\*\SYSVOL,lab.example\Policies\{31B2F340-016D-11D2-945F-00C04FB984F9}\gpt.ini,,,,,,,,,,T1021.002,SMB Windows Admin Shares,Lateral Movement,TRACE-SMB-SEC-01,smb_security,https://raw.githubusercontent.com/splunk/attack_data/master/datasets/attack_techniques/T1021.002/atomic_red_team/windows-security-xml.log,2b198f9e16dc52de2b279da04e8171ff11f0fb0cdebccaf0c272621054a66963,false,Lateral Movement,none,raw Computer/IpAddress/User fields,
2022-04-13T20:32:43.303+0000,2022-04-13T20:32:43.303+0000,5145,Security,ict3214:attack_trace,SMB-BASELINE-01,SMB-SOURCE-01,2001:db8::14,LAB\machine-01$,,,,,,,\\*\SYSVOL,lab.example\Policies\{6AC1786C-016F-11D2-945F-00C04fB984F9}\gpt.ini,,,,,,,,,,T1021.002,SMB Windows Admin Shares,Lateral Movement,TRACE-SMB-SEC-01,smb_security,https://raw.githubusercontent.com/splunk/attack_data/master/datasets/attack_techniques/T1021.002/atomic_red_team/windows-security-xml.log,4919771b0305f32380c37ce19e351dd75d7a78c3be70dbad4f2bcd02688323d3,false,Lateral Movement,none,raw Computer/IpAddress/User fields,
2023-04-21T16:20:56.306+0000,2023-04-21T16:20:56.306+0000,13,Microsoft-Windows-Sysmon/Operational,ict3214:attack_trace,SMB-HOST-02,,,NT AUTHORITY\SYSTEM,C:\Windows\system32\services.exe,,,,,,,,HKLM\System\CurrentControlSet\Services\BTOBTO\ImagePath,%%COMSPEC%% /Q /c echo cd  ^> \\127.0.0.1\C$\__output 2^>^&1 > %%SYSTEMROOT%%\rIIBPrqF.bat & %%COMSPEC%% /Q /c %%SYSTEMROOT%%\rIIBPrqF.bat & del %%SYSTEMROOT%%\rIIBPrqF.bat,{F02F376E-166E-6440-0A00-00000000D902},588,,,,,,T1021.002,SMB Windows Admin Shares,Lateral Movement,TRACE-SMB-SYSMON-01,smb_sysmon,https://raw.githubusercontent.com/splunk/attack_data/master/datasets/attack_techniques/T1021.002/atomic_red_team/smbexec_windows-sysmon.log,414a51c45742158039dcf05e28c068f406e9cc83cc52b0cd65286ab877bcf647,true,Lateral Movement,none,raw Computer/IpAddress/User fields,
2023-04-21T16:20:56.312+0000,2023-04-21T16:20:56.312+0000,1,Microsoft-Windows-Sysmon/Operational,ict3214:attack_trace,SMB-HOST-02,,,NT AUTHORITY\SYSTEM,C:\Windows\System32\cmd.exe,C:\Windows\System32\services.exe,C:\Windows\system32\cmd.exe /Q /c echo cd  ^> \\127.0.0.1\C$\__output 2^>^&1 > C:\Windows\rIIBPrqF.bat & C:\Windows\system32\cmd.exe /Q /c C:\Windows\rIIBPrqF.bat & del C:\Windows\rIIBPrqF.bat,,,,,,,,{F02F376E-B7E8-6442-6D3B-00000000D902},4012,,,,,,T1021.002,SMB Windows Admin Shares,Lateral Movement,TRACE-SMB-SYSMON-01,smb_sysmon,https://raw.githubusercontent.com/splunk/attack_data/master/datasets/attack_techniques/T1021.002/atomic_red_team/smbexec_windows-sysmon.log,f6e3306e8562f44d221d2b262b2570a027be79132bcef5c5e0f4fdad88e2f6fc,true,Lateral Movement,none,raw Computer/IpAddress/User fields,{F02F376E-166E-6440-0A00-00000000D902}
2023-04-21T16:20:56.324+0000,2023-04-21T16:20:56.324+0000,1,Microsoft-Windows-Sysmon/Operational,ict3214:attack_trace,SMB-HOST-02,,,NT AUTHORITY\SYSTEM,C:\Windows\System32\cmd.exe,C:\Windows\System32\cmd.exe,C:\Windows\system32\cmd.exe  /Q /c C:\Windows\rIIBPrqF.bat,,,,,,,,{F02F376E-B7E8-6442-6E3B-00000000D902},2396,,,,,,T1021.002,SMB Windows Admin Shares,Lateral Movement,TRACE-SMB-SYSMON-01,smb_sysmon,https://raw.githubusercontent.com/splunk/attack_data/master/datasets/attack_techniques/T1021.002/atomic_red_team/smbexec_windows-sysmon.log,a6f9f395e10567770469b94055fdf5f29991c25e13373117e7942f9542bf52f4,true,Lateral Movement,none,raw Computer/IpAddress/User fields,{F02F376E-B7E8-6442-6D3B-00000000D902}
